input,output
தீவு பேசினார் காரணமாக ஆனார்,தீவு காரணமாக பேசினார் ஆனார்
தெய்வம் யணித்தான் சந்தித்தார்,தெய்வம் மற்றும் பயணித்தான் சந்தித்தார்
முனிவர் அழைத்ாதன் மாறினார்,முனிவர் ஆக அழைத்தான் மாறினார்
இந்திரன் இருந்து வந்தார் மறுத்தான்,இந்திரன் இருந்து மறுத்தான் வந்தார்
காவேரிப்பட்டினம் என்று பேசினா்ர நினைத்தார்,காவேரிப்பட்டினம் என்று பேசினார் நினைத்தார்
பாத்திரம் மறுத்தார் வந்தார்,பாத்திரம் இருந்து மறுத்தார் வந்தார்
வித்யாதரன் கொன்றான் மாினார்,வித்யாதரன் ஆக கொன்றான் மாறினார்
அமுதசுரபி உள்ள நினைத்தான் கண்டான்,அமுதசுரபி உள்ள நினைத்தார் கண்டார்
ஜாவாதீவு முறைகள் அழைத்தார் பயன்படுத்த,ஜாவாதீவு முறைகள் அழைத்தார் பயன்படுத்த
அமுதசுரபி தப்பித்தான் முக்கியம்,அமுதசுரபி காரணங்கள் தப்பித்தான் முக்கியம்
இளவரசன் பறற்ி பேசினான்,இளவரசன் செய்தார் பற்றி பேசினார்
நகரம் விளைவுகள் அழைத்தான் உள்ளன,நகரம் விளைவுகள் அழைத்தான் உள்ளன
அமுதசுரபி மற்றும் கண்டான் சந்ததித்தான்,அமுதசுரபி மற்றும் கண்டார் சந்தித்தார்
சிலப்பதிகாரம் மது அைத்தான் விருப்பம்,சிலப்பதிகாரம் மீது அழைத்தான் விருப்பம்
விழா இல் நடைபெற்றதது,விழா இல் விரும்பினார் நடைபெற்றது
இந்திரன் மீது விருப்பம் கூறினாள்,இந்திரன் மீது கூறினார் விருப்பம்
மணிப்பவளம் மற்று் பேசினார் சந்தித்தார்,மணிப்பவளம் மற்றும் பேசினார் சந்தித்தார்
விழா மறுத்தான் உள்ள கண்டார்,விழா உள்ள மறுத்தான் கண்டார்
சுதாமதி விளைவுகள் உள்ளன,சுதாமதி விளைவுகள் கண்டான் உள்ளன
கோவலன் பிறகு செய்தார் அழைத்தான்,கோவலன் பிறகு அழைத்தான் செய்தார்
ஜாவாதீவு சில என்று பயணித்தான் நினைத்தார்,ஜாவாதீவு என்று பயணித்தான் நினைத்தார்
சிலப்பதிகாரம் இல் பார்த்தார் நடைபெற்றது,சிலப்பதிகாரம் இல் பார்த்தார் நடைபெற்றது
துறவி மறுத்தாள் விளைவிக்கும்,துறவி தீங்கு மறுத்தார் விளைவிக்கும்
அரி தவிர்க்க பின்பு வேண்டும்,அரசி தவிர்க்க சென்றார் வேண்டும்
மாதவி முன்பு இருந்து பேசினான் வந்தார்,மாதவி இருந்து பேசினான் வந்தார்
சுதாமதி காரணங்கள் முன்பு முக்கியம் விரும்பினான்,சுதாமதி காரணங்கள் விரும்பினார் முக்கியம்
வித்யாதரன் அழைத்தார் மாறினார்,வித்யாதரன் ஆக அழைத்தார் மாறினார்
கழிவு மாசு புற்றுநோய் ஆகும்,கழிவு மாசு புற்றுநோய் ஆகும்
முனிவர் இருந்து வந்தான் தொடங்கினான்,முனிவர் இருந்து தொடங்கினார் வந்தார்
பாட்டி சுத்த் பார்த்தார் செய்ய,பாட்டி சுத்தம் பார்த்தார் செய்ய
தீவு காரணமாக தொட்ஙகினார் ஒருசில ஆனார்,தீவு காரணமாக தொடங்கினார் ஆனார்
வஞ்சி சுத்தம் மிகவும் செய்ய,வஞ்சி சுத்தம் முடித்தார் செய்ய
துறவி நினைத்தார் பயணித்தான் என்று,துறவி என்று பயணித்தான் நினைத்தார்
பாட்டி தவிர்க்க கொன்றார் சில வேண்டமு்,பாட்டி தவிர்க்க கொன்றார் வேண்டும்
காவேரிப்பட்டினம் முறைகள் நினைத்தார் பயன்படுத்த,காவேரிப்பட்டினம் முறைகள் நினைத்தார் பயன்படுத்த
காவேரிப்பட்டினம் தீங்கு விளைவிக்கும் நினைத்தார்,காவேரிப்பட்டினம் தீங்கு நினைத்தார் விளைவிக்கும்
விவசாயம் கழிவுகள் புற்றுநோய் சேர்த்தல்,விவசாயம் கழிவுகள் புற்றுநோய் சேர்த்தல்
காவேரிப்பட்டினம் தவிர்க்க வேண்டும்,காவேரிப்பட்டினம் தவிர்க்க சென்றார் வேண்டும்
மணிமேகலை பாதிப்பு ஏற்படுத்தும்,மணிமேகலை பாதிப்பு கண்டான் ஏற்படுத்தும்
அரவணஅடிகள் கொன்றான் உள்ள கண்டார்,அரவணஅடிகள் உள்ள கொன்றான் கண்டார்
காப்பியம் காரணங்கள் முக்கியம்,காப்பியம் காரணங்கள் தப்பித்தார் முக்கியம்
காற்று மாசு ஆகும் புற்றுநோய்,காற்று மாசு புற்றுநோய் ஆகும்
இந்திரன் உள்ளன தப்பித்தார் விளைவுகள்,இந்திரன் விளைவுகள் தப்பித்தார் உள்ளன
உதயகுமரன் இல் ஒருசில வந்தார் நடைபெற்றது,உதயகுமாரன் இல் வந்தார் நடைபெற்றது
அரவணஅடிகள் ஒருசில அழைத்தான் நடைபெற்றது,அரவணஅடிகள் இல் அழைத்தான் நடைபெற்றது
ஜாவாதீவு वிரும்பனான் பற்றி பேசினார்,ஜாவாதீவு वிரும்பினான் பற்றி பேசினார்
பாத்திரம் இருந்து वிரும்பினான் வந்தார்,பாத்திரம் இருந்து वிரும்பினான் வந்தார்
நதி மாசு ஒலி ஆகும்,நதி மாசு ஒலி ஆகும்
தெய்வம் ஆக வந்தாள் மாறினாள்,தெய்வம் ஆக வந்தார் மாறினார்
பாத்திரம் பேசினார் தப்பித்தார்,பாத்திரம் தப்பித்தார் பற்றி பேசினார்
கோவலன் முறைகள் பேசினார் பயன்படுத்த,கோவலன் முறைகள் பேசினார் பயன்படுத்த
இளவரசன் தவிர்க்க வேண்டும்,இளவரசன் தவிர்க்க வந்தார் வேண்டும்
அமுதசுரபி தவிர்க்க வேண்டும் மிகவும் விரும்பினார்,அமுதசுரபி தவிர்க்க விரும்பினார் வேண்டும்
காவேரிப்பட்டினம் இல் தப்பித்தார் நடைபெற்றது,காவேரிப்பட்டினம் இல் தப்பித்தார் நடைபெற்றது
மணிமேகல அழைத்தான் மாறினான்,மணிமேகலை ஆக அழைத்தார் மாறினார்
கழிவு கழிவுகள் சேர்த்தல்,கழிவு கழிவுகள் நீர் சேர்த்தல்
மணிப்பவளம் பார்த்தார் சிறிது முறைகள் பயன்படுத்த,மணிப்பவளம் முறைகள் பார்த்தார் பயன்படுத்த
மணிமேகலை பேசினான் தவிர்க்க வேண்டும்,மணிமேகலை தவிர்க்க பேசினான் வேண்டும்
காயசண்டிகை காரணங்கள் விரும்பினார் ஒருசில முக்கியம்,காயசண்டிகை காரணங்கள் விரும்பினார் முக்கியம்
சிலப்பதிகாரம் தவிர்க்க வேண்டும்,சிலப்பதிகாரம் தவிர்க்க வந்தார் வேண்டும்
விழா ஆக பின்பு கண்டான் மாறினார்,விழா ஆக கண்டான் மாறினார்
முனிரவ் இருந்து பயணித்தான் வந்தார்,முனிவர் இருந்து பயணித்தான் வந்தார்
இளவரசன் தவிர்க்க வேண்டும்,இளவரசன் தவிர்க்க அழைத்தார் வேண்டும்
நகரம் மற்றும் கண்டாள் சந்தித்தாள்,நகரம் மற்றும் கண்டான் சந்தித்தார்
மணிப்பவளம் நடைபெற்றது பேசினார் இல்,மணிப்பவளம் இல் பேசினார் நடைபெற்றது
இளவரனச் சில மற்றும் தொடங்கினார் சந்தித்தார்,இளவரசன் மற்றும் தொடங்கினார் சந்தித்தார்
ஆபுத்திரன் மறுத்தார் சிறிது பற்றி பேசினார்,ஆபுத்திரன் மறுத்தார் பற்றி பேசினார்
காவேரிப்பட்டினம் தரவி்க்க வேண்டும்,காவேரிப்பட்டினம் தவிர்க்க வந்தார் வேண்டும்
காயசண்டிகை பாதிப்பு மறுத்தார் ஏற்படுத்தும்,காயசண்டிகை பாதிப்பு மறுத்தார் ஏற்படுத்தும்
இந்திரன் சுத்தம் செய்ய,இந்திரன் சுத்தம் கொன்றார் செய்ய
முனிவர் கூறினார் விருப்பம்,முனிவர் மீது கூறினார் விருப்பம்
சிலப்பதிகாரம் பாதிப்பு சிறிது वிரும்பினான் ஏற்படுத்தும்,சிலப்பதிகாரம் பாதிப்பு वிரும்பினான் ஏற்படுத்தும்
மன்னன் இருந்து விரும்பினார் வந்தார்,மன்னன் இருந்து விரும்பினார் வந்தார்
மதுரை முடித்தார் பேசினார்,மதுரை முடித்தார் பற்றி பேசினார்
அமுதசுரபி சென்றான் பற்றி பேசினான்,அமுதசுரபி சென்றார் பற்றி பேசினார்
சுத்தம் கழிவுகள் வந்தானன் சேர்த்தல்,சுத்தம் கழிவுகள் வந்தான் சேர்த்தல்
அரவணஅடிகள் முறைகள் தப்பித்தான் பயன்படுத்த,அரவணஅடிகள் முறைகள் தப்பித்தான் பயன்படுத்த
ஆபுத்திரன் செய்ய சுத்மத்,ஆபுத்திரன் சுத்தம் அழைத்தார் செய்ய
தீவு எஎன்று பேசினான் நினைத்தார்,தீவு என்று பேசினான் நினைத்தார்
அமுதசுரபி மறுத்தான் பற்றி பேசினார்,அமுதசுரபி மறுத்தான் பற்றி பேசினார்
அரசி விளைவுகள் பயணித்தாள் உள்ளன,அரசி விளைவுகள் பயணித்தான் உள்ளன
இளவரச்ன ஆக முடித்தான் மாறினான்,இளவரசன் ஆக முடித்தார் மாறினார்
பாட்டி காரணமாக ஆனாார்,பாட்டி காரணமாக பயணித்தான் ஆனார்
கோவலன் பிறகு மறுத்தான் செய்தார்,கோவலன் பிறகு மறுத்தான் செய்தார்
விழா முறைகள் பின்பு பயன்படுுத்த,விழா முறைகள் தப்பித்தார் பயன்படுத்த
ஒளி கழிவுகள் மாச சேர்த்தல்,ஒளி கழிவுகள் மாசு சேர்த்தல்
முனிவர் உள்ள கூறினான் கண்டான்,முனிவர் உள்ள கூறினார் கண்டார்
ஆபுத்திரன் முறைகள் பேசினார் பயன்படுத்த,ஆபுத்திரன் முறைகள் பேசினார் பயன்படுத்த
சுதாமதி உள்ள ணக்டார்,சுதாமதி உள்ள மறுத்தான் கண்டார்
அசி செய்ய கண்டான் சுத்தம்,அரசி சுத்தம் கண்டான் செய்ய
காவேரிப்பட்டினம் உள்ள கொன்றார் கண்டார்,காவேரிப்பட்டினம் உள்ள கொன்றார் கண்டார்
மன்னன் பற்றி கொன்றான் பேசினார்,மன்னன் கொன்றான் பற்றி பேசினார்
மணிமேகலை வந்தார் செய்தான் இருந்து,மணிமேகலை இருந்து செய்தான் வந்தார்
ஜாவாதீவு என்று நினைத்தார் நினைத்தார்,ஜாவாதீவு என்று நினைத்தார் நினைத்தார்
காப்பியம் இல் நடைபெற்றது அழைத்தான்,காப்பியம் இல் அழைத்தான் நடைபெற்றது
மாதவி சுத்தம் கண்டார் செய்ய,மாதவி சுத்தம் கண்டார் செய்ய
வித்யாதரன் விளைுவகள் கூறினார் உள்ளன,வித்யாதரன் விளைவுகள் கூறினார் உள்ளன
வஞ்சி காரணங்கள் அழைத்தாள் முக்கியம்,வஞ்சி காரணங்கள் அழைத்தான் முக்கியம்
முனிவர் மீது தப்பித்தார் விருப்பம்,முனிவர் மீது தப்பித்தார் விருப்பம்
காற்று கழிவுகள் விவசாயம் சேர்த்தல்,காற்று கழிவுகள் விவசாயம் சேர்த்தல்
விவசாயம் கழிவுகள் அழைத்தான் சேர்த்தல்,விவசாயம் கழிவுகள் அழைத்தான் சேர்த்தல்
தீவு நடைபெற்றது நினைத்தார் இல்,தீவு இல் நினைத்தார் நடைபெற்றது
அரசி இல் கூறினார் மிகவும் நடைபெற்றது,அரசி இல் கூறினார் நடைபெற்றது
மாதவி மிகவும் உள்ள செய்தான் கண்டான்,மாதவி உள்ள செய்தார் கண்டார்
கோவலன் பார்த்தார் பேசினார் பற்றி,கோவலன் பார்த்தார் பற்றி பேசினார்
வித்யாதரன் தப்பித்தான் காரணங்கள் சிறிது முக்கியம்,வித்யாதரன் காரணங்கள் தப்பித்தான் முக்கியம்
மணிப்பவளம் விளைவுகள் சிறிது அழைத்தார் உள்ளன,மணிப்பவளம் விளைவுகள் அழைத்தார் உள்ளன
விழா முறைகள் தொடங்கினார் பயன்படுத்த,விழா முறைகள் தொடங்கினார் பயன்படுத்த
மமழை கழிவுகள் அழைத்தான் சேர்த்தல்,மழை கழிவுகள் அழைத்தான் சேர்த்தல்
மணிப்பவளம் பயணித்தாள் தீஙக்ு விளைவிக்கும்,மணிப்பவளம் தீங்கு பயணித்தான் விளைவிக்கும்
நதி மாசு கண்டாள் ஆகும்,நதி மாசு கண்டான் ஆகும்
அமுதசுரபி என்று நினைத்தான்,அமுதசுரபி என்று வந்தார் நினைத்தார்
இந்திரன் சுத்தம் கண்டாான் செய்ய,இந்திரன் சுத்தம் கண்டார் செய்ய
இளவரசன் மீது விரும்பினார் விருப்பம்,இளவரசன் மீது விரும்பினார் விருப்பம்
முனிவர் காரணமாக மறுத்தார் ஆனார்,முனிவர் காரணமாக மறுத்தார் ஆனார்
துறவி ஆனாள் वிரும்பினாள் காரணமாக,துறவி காரணமாக वிரும்பினான் ஆனார்
அரவணடிகள் பின்பு செய்தார் பயன்படுத்த,அரவணஅடிகள் முறைகள் செய்தார் பயன்படுத்த
தொழிற்சாலை கழிவுகள் அழைத்தான் சேர்த்தல்,தொழிற்சாலை கழிவுகள் அழைத்தான் சேர்த்தல்
காயசண்டிகை ஆக விரும்பினான் மாறினான்,காயசண்டிகை ஆக விரும்பினார் மாறினார்
மணிப்பவளம் தவிர்க்்க பயணித்தாள் வேண்டும்,மணிப்பவளம் தவிர்க்க பயணித்தான் வேண்டும்
மன்னன் சுத்தம் செய்ய,மன்னன் சுத்தம் அழைத்தார் செய்ய
பாட்டி இல் செய்தார் நடைபெற்றது,பாட்டி இல் செய்தார் நடைபெற்றது
பாத்திரம் முடித்தார் சிறிது நினைத்தார்,பாத்திரம் என்று முடித்தார் நினைத்தார்
மதுரை கண்டாள் பற்றி பேசினாரர்,மதுரை கண்டான் பற்றி பேசினார்
இளவரசன் காரணங்கள் அழைத்தான் முக்கியம்,இளவரசன் காரணங்கள் அழைத்தான் முக்கியம்
விழா பிறகு செய்தார்,விழா பிறகு பேசினான் செய்தார்
இளவரசன் கூறினார் பேசினார் பற்றி,இளவரசன் கூறினார் பற்றி பேசினார்
துறவி மற்றும் கூறினார் சந்தித்தார்,துறவி மற்றும் கூறினார் சந்தித்தார்
மணிப்பவளம் பயணித்தான் பேசினார்,மணிப்பவளம் பயணித்தான் பற்றி பேசினார்
மணிமேகலை நினைத்தார் பேசினார் பற்றி,மணிமேகலை நினைத்தார் பற்றி பேசினார்
நதி கழிவுகள் ஒளி சேர்த்தல்,நதி கழிவுகள் ஒளி சேர்த்தல்
தெய்வம் தொடங்கினார் பாதிப்பு ஏற்படுத்தும்,தெய்வம் பாதிப்பு தொடங்கினார் ஏற்படுத்தும்
பாத்திரம் என்று மறுத்தார் நினைத்தார்,பாத்திரம் என்று மறுத்தார் நினைத்தார்
ஜாவாதீவு தவிர்க்க வேண்டும்,ஜாவாதீவு தவிர்க்க அழைத்தார் வேண்டும்
துறவி தப்பித்தார் விளைவிக்கும் தீங்கு,துறவி தீங்கு தப்பித்தார் விளைவிக்கும்
மணிமேகலை வந்தார் தவிர்க்க வேண்டும்,மணிமேகலை தவிர்க்க வந்தார் வேண்டும்
மணிப்பவளம் உள்ள கண்டார்,மணிப்பவளம் உள்ள செய்தார் கண்டார்
மாசு சேர்த்தல் கழிவுகள்,மாசு கழிவுகள் தப்பித்தான் சேர்த்தல்
பாத்திரம் பிறகு பேசினார் செய்தார்,பாத்திரம் பிறகு பேசினார் செய்தார்
சிலப்பதிகாரம் மறுத்தான் வந்தார்,சிலப்பதிகாரம் இருந்து மறுத்தான் வந்தார்
அரசி மீது மறுத்தான் விருப்பம்,அரசி மீது மறுத்தான் விருப்பம்
காப்பியம் கொன்றார் சிறிது சந்தித்தார்,காப்பியம் மற்றும் கொன்றார் சந்தித்தார்
மாதவி வந்தான் கண்டான்,மாதவி உள்ள வந்தான் கண்டார்
முனிவர் காரணங்கள் முக்கிம்,முனிவர் காரணங்கள் செய்தான் முக்கியம்
காப்பியம் காரணங்கள் மறுத்தார் முக்கியம்,காப்பியம் காரணங்கள் மறுத்தார் முக்கியம்
காவேரிப்பட்டினம் காரணமாக பயணித்தான் ஆனான்,காவேரிப்பட்டினம் காரணமாக பயணித்தான் ஆனார்
வித்யாதரன் சுத்தம் பார்த்தார் செய்ய,வித்யாதரன் சுத்தம் பார்த்தார் செய்ய
மணிமேகல சில இல் நினைத்தார் நடைபெற்றது,மணிமேகலை இல் நினைத்தார் நடைபெற்றது
துறவி முறைகள் அழைத்தார் பயன்படுத்த,துறவி முறைகள் அழைத்தார் பயன்படுத்த
நில மாச ஆகும்,நில மாசு புற்றுநோய் ஆகும்
உதயகுமாரன் பயன்டுத்த அழைத்தார் முறைகள்,உதயகுமாரன் முறைகள் அழைத்தார் பயன்படுத்த
வஞ்சி தீங்கு மறுத்தார் விளைவிக்கும்,வஞ்சி தீங்கு மறுத்தார் விளைவிக்கும்
கோவலன் மற்றும் முடித்தார் சந்தித்தார்,கோவலன் மற்றும் முடித்தார் சந்தித்தார்
மன்னன் உள்ள நினைத்தார் கண்டார்,மன்னன் உள்ள நினைத்தார் கண்டார்
முனிவர் அழைத்தார் பின்பு முன்பு உள்ளன,முனிவர் விளைவுகள் அழைத்தார் உள்ளன
பாத்திரம் பற்றி கொன்றான் முன்பு பேசினார்,பாத்திரம் கொன்றான் பற்றி பேசினார்
வித்யாதரன் பிறகு சில செய்தார்,வித்யாதரன் பிறகு கொன்றார் செய்தார்
இளரவசன் உள்ள கண்டார்,இளவரசன் உள்ள பேசினான் கண்டார்
வாகனம் கழிவுகள் பேசினான் சேர்த்தல்,வாகனம் கழிவுகள் பேசினான் சேர்த்தல்
பாத்திரம் சில தீங்கு விளைவிக்கும்,பாத்திரம் தீங்கு அழைத்தான் விளைவிக்கும்
காப்பியம் வேண்டும் பேசினான் தவிர்க்க,காப்பியம் தவிர்க்க பேசினார் வேண்டும்
மாதவி தவிர்க்க பேசினார் வேண்டும்,மாதவி தவிர்க்க பேசினார் வேண்டும்
ாகயசண்டிகை கொன்றார் தீங்கு விளைவிக்கும்,காயசண்டிகை தீங்கு கொன்றார் விளைவிக்கும்
ஒளளி கழிவுுகள் மாசு சேர்த்தல்,ஒளி கழிவுகள் மாசு சேர்த்தல்
மாதவி அழைத்தார் சுத்தம் செய்ய,மாதவி சுத்தம் அழைத்தார் செய்ய
நில மாசு ஆகும்,நில மாசு பயணித்தான் ஆகும்
இளவரசன் மீது கூறினான் விரப்பம்,இளவரசன் மீது கூறினார் விருப்பம்
மணிப்பவளம் என்று கண்டாான் நினைத்தான்,மணிப்பவளம் என்று கண்டான் நினைத்தார்
பாட்டி முன்பு தவிர்க்க வேண்டும்,பாட்டி தவிர்க்க செய்தார் வேண்டும்
மணிப்பவளம் இருந்து வந்தார் செய்தான்,மணிப்பவளம் இருந்து செய்தான் வந்தார்
மாதவி மறுத்தார் ஆனார்,மாதவி காரணமாக மறுத்தார் ஆனார்
மன்னன் காரணமாக கண்டார் ஆனார்,மன்னன் காரணமாக கண்டார் ஆனார்
விவசாயம் மாச वிரும்பினான் ஆகும்,விவசாயம் மாசு वிரும்பினான் ஆகும்
இவளரசன் தவிர்க்க பயணித்தான் மிகவும் வேண்டும்,இளவரசன் தவிர்க்க பயணித்தான் வேண்டும்
இளவரசன் தீ்கு விளைவிக்கும்,இளவரசன் தீங்கு வந்தான் விளைவிக்கும்
ஜாவாதீவு தவிர்க்க பேசினார் வேண்டு்ம,ஜாவாதீவு தவிர்க்க பேசினார் வேண்டும்
இந்ிரன் கொன்றான் சந்தித்தார்,இந்திரன் மற்றும் கொன்றான் சந்தித்தார்
மதுரை தவிர்க்க பார்த்தார் வேண்டும்,மதுரை தவிர்க்க பார்த்தார் வேண்டும்
கோவலன் உள்ள தப்பித்தான் கண்டார்,கோவலன் உள்ள தப்பித்தான் கண்டார்
அரவணஅடிகள் ஆக மறுத்தான் மாறினான்,அரவணஅடிகள் ஆக மறுத்தான் மாறினார்
உதயகுமாரன் மற்றும் கண்டார் சந்தித்தார்,உதயகுமாரன் மற்றும் கண்டார் சந்தித்தார்
வாகனம் கழிவுகள் ஒளி சேர்த்தல்,வாகனம் கழிவுகள் ஒளி சேர்த்தல்
சுதாமதி முக்கியம் காரணங்கள் மறுத்தான்,சுதாமதி காரணங்கள் மறுத்தான் முக்கியம்
வித்யதரன் சென்றார் தீங்கு,வித்யாதரன் தீங்கு சென்றார் விளைவிக்கும்
மதுரை மீது விருப்பம்,மதுரை மீது வந்தார் விருப்பம்
சிலப்பதிகாரம் ஆக செய்தான் மாினான்,சிலப்பதிகாரம் ஆக செய்தார் மாறினார்
மணிப்பவளம் சென்றார் ிசல மற்றும் சந்தித்தார்,மணிப்பவளம் மற்றும் சென்றார் சந்தித்தார்
அரவணஅடிகள் இருந்து கூறினார் வந்தார்,அரவணஅடிகள் இருந்து கூறினார் வந்தார்
மணிப்பவளம் பார்த்தார் பற்றி பேசினார்,மணிப்பவளம் பார்த்தார் பற்றி பேசினார்
மன்னன் மீது கண்டான் முன்பு விருப்பம்,மன்னன் மீது கண்டார் விருப்பம்
வித்யாதரன் கூறினார் மாறினார்,வித்யாதரன் ஆக கூறினார் மாறினார்
விழா உள்ள சிறிது வந்தா் கண்டார்,விழா உள்ள வந்தார் கண்டார்
கோவலன் விளைவுகள் அழைத்தாள் உள்ளன,கோவலன் விளைவுகள் அழைத்தான் உள்ளன
பாட்டி மற்றறும் சந்தித்தான் மறுத்தான்,பாட்டி மற்றும் மறுத்தார் சந்தித்தார்
ஆபுத்திரன் முன்பு வந்தார் பேசினான் இருந்து,ஆபுத்திரன் இருந்து பேசினான் வந்தார்
பாட்டி உள்ள பேசினான் கண்டான்,பாட்டி உள்ள பேசினான் கண்டார்
மன்னன் விளைவுகள் அழைத்தான் உள்ளன,மன்னன் விளைவுகள் அழைத்தான் உள்ளன
மணிப்பவளம் தவிர்க்க வந்தான் வேண்டும்,மணிப்பவளம் தவிர்க்க வந்தான் வேண்டும்
மதுரை சுத்தம் செய்ய,மதுரை சுத்தம் செய்தார் செய்ய
காயசண்டிகை செய்தான் செய்தான் பிறகு,காயசண்டிகை பிறகு செய்தான் செய்தார்
முனிவர் மீது கொன்றான் சிறிது விருப்பம்,முனிவர் மீது கொன்றார் விருப்பம்
ஆபுத்திரன் விளைவுகள் உள்ளன,ஆபுத்திரன் விளைவுகள் செய்தான் உள்ளன
மணிமேகலை மீது கொன்றார் விருப்பம்,மணிமேகலை மீது கொன்றார் விருப்பம்
துறவி இல் ஒருசில கூறினார் நடைபெற்றது,துறவி இல் கூறினார் நடைபெற்றது
மணிப்பவளம் தீங்கு விரும்பினார் விளைவிக்கும்,மணிப்பவளம் தீங்கு விரும்பினார் விளைவிக்கும்
முனிவர் சிறிது இல் விரும்பினார் ஒருசில நடைபெற்றது,முனிவர் இல் விரும்பினார் நடைபெற்றது
பாட்டி சுத்தம் ஒருசில செய்ய,பாட்டி சுத்தம் சென்றார் செய்ய
விழா பார்த்தார் பற்றி பேசினார்,விழா பார்த்தார் பற்றி பேசினார்
மன்னன் பாதிப்பு கண்டான் ஏற்படுத்தும்,மன்னன் பாதிப்பு கண்டான் ஏற்படுத்தும்
காயசண்டிகை அழைத்தான் காரணங்கள் முக்கியம்,காயசண்டிகை காரணங்கள் அழைத்தான் முக்கியம்
கோவலன் காரணமாக மறுத்தான் ஆனான்,கோவலன் காரணமாக மறுத்தார் ஆனார்
மணிமேகலை காரணமாக தப்பித்தார் ஆனார்,மணிமேகலை காரணமாக தப்பித்தார் ஆனார்
கயசண்டிகை காரணமாக செய்தார் ஆனார்,காயசண்டிகை காரணமாக செய்தார் ஆனார்
தயெ்வம் பின்பு பிறகு வந்தார் செய்தார்,தெய்வம் பிறகு வந்தார் செய்தார்
முனிவர் சில பாதிப்பு மறுத்தாள் ஏறபடுத்தும்,முனிவர் பாதிப்பு மறுத்தான் ஏற்படுத்தும்
பாட்டி நினைத்தான் செய்தான்,பாட்டி பிறகு நினைத்தார் செய்தார்
காப்பியம் உள்ள கண்டார் முன்பு பேசினான்,காப்பியம் உள்ள பேசினான் கண்டார்
வித்யாதரன் கொன்றான் செய்தான்,வித்யாதரன் பிறகு கொன்றான் செய்தார்
பா்ததிரம் தவிர்க்க கண்டாள் வேண்டும்,பாத்திரம் தவிர்க்க கண்டான் வேண்டும்
மதுரை இருந்து ஒருசில கண்டார் வந்தார்,மதுரை இருந்து கண்டார் வந்தார்
நதி கழிவுகள் சேர்த்தல் மிகவும் நரீ்,நதி கழிவுகள் நீர் சேர்த்தல்
வித்யாதரன் சுத்தம் கண்டார் செய்ய,வித்யாதரன் சுத்தம் கண்டார் செய்ய
துறவி என்று நினைத்தார்,துறவி என்று மறுத்தார் நினைத்தார்
காற்று சேர்த்தல் கழிவுகள் மாசு,காற்று கழிவுகள் மாசு சேர்த்தல்
இந்திரன் பாதிப்பு செய்தான் ஏற்படுத்தும்,இந்திரன் பாதிப்பு செய்தான் ஏற்படுத்தும்
ஒலி வெள்ளம் சேர்த்தல்,ஒலி கழிவுகள் வெள்ளம் சேர்த்தல்
பாத்திரம் கொன்றான் பற்றி பேசினார்,பாத்திரம் கொன்றான் பற்றி பேசினார்
அரவணஅடிகள் தீங்கு கொொன்றான் ஒருசில விளைவிக்கும்,அரவணஅடிகள் தீங்கு கொன்றான் விளைவிக்கும்
தீவு தவிர்க்க தப்பித்தான் வேண்டும்,தீவு தவிர்க்க தப்பித்தார் வேண்டும்
பாட்டி உள்ள கூறினான் கண்டாாான்,பாட்டி உள்ள கூறினார் கண்டார்
முனிவர் பாதிப்பு சில கண்டார் ஏற்படுத்தும்,முனிவர் பாதிப்பு கண்டார் ஏற்படுத்தும்
காப்பியம் தீங்கு விளைவிக்கும்,காப்பியம் தீங்கு கொன்றார் விளைவிக்கும்
துறவி கண்டார் விளைவிக்கும்,துறவி தீங்கு கண்டார் விளைவிக்கும்
தீவு சுத்தம் செய்ய,தீவு சுத்தம் வந்தான் செய்ய
தெய்வம் செய்தான் பற்றி பேசினார்,தெய்வம் செய்தான் பற்றி பேசினார்
மதுரை விளைவுகள் தப்பித்தாள் உள்ளன,மதுரை விளைவுகள் தப்பித்தான் உள்ளன
இளவரசன் தவி்க்க வண்டும்,இளவரசன் தவிர்க்க கூறினார் வேண்டும்
வஞ்சி காரணமாக ஒருசில ஆனார்,வஞ்சி காரணமாக கொன்றான் ஆனார்
தீவு இல் நடைபெற்றது மறுத்தார் மிகவும்,தீவு இல் மறுத்தார் நடைபெற்றது
வஞ்சி உள்ள செய்தான் கண்டார்,வஞ்சி உள்ள செய்தான் கண்டார்
துறவி இல் பேசினார் நடைபெற்றது,துறவி இல் பேசினார் நடைபெற்றது
ஜாவாதீவு பிறகு சென்றார் செய்தார்,ஜாவாதீவு பிறகு சென்றார் செய்தார்
நகரம் இருந்து ஒருசில வந்தார்,நகரம் இருந்து கொன்றான் வந்தார்
ஒளி மாசு பின்பு ஒளி ஆகும்,ஒளி மாசு ஒளி ஆகும்
காப்பியம் உள்ள வந்தார் க்ணடார்,காப்பியம் உள்ள வந்தார் கண்டார்
சுதாமதி என்று தப்பித்தான் நினைத்தான்,சுதாமதி என்று தப்பித்தார் நினைத்தார்
வித்யாதரன் நினைத்தான் ந்தித்தான்,வித்யாதரன் மற்றும் நினைத்தார் சந்தித்தார்
அரசி என்று கொன்றான் நினைத்தார்,அரசி என்று கொன்றான் நினைத்தார்
அரவணஅடிகள் காரணமாக தப்பித்தான் ஆனான்,அரவணஅடிகள் காரணமாக தப்பித்தான் ஆனார்
இளவரசன் காரணங்கள் முடித்தார் முக்கியம்,இளவரசன் காரணங்கள் முடித்தார் முக்கியம்
அரசி காரணங்கள் கொன்றார் முக்கியம்,அரசி காரணங்கள் கொன்றார் முக்கியம்
தீவு இல் விரும்பினார் நடைபெற்றது,தீவு இல் விரும்பினார் நடைபெற்றது
இந்ததிரன் பாதிப்பு அழைத்தான் ஏற்படுத்தும்,இந்திரன் பாதிப்பு அழைத்தான் ஏற்படுத்தும்
தெய்வம் வந்தார் மீது விருப்பம்,தெய்வம் மீது வந்தார் விருப்பம்
இளவரசன் முடித்தார் வேண்டும்,இளவரசன் தவிர்க்க முடித்தார் வேண்டும்
கோவலன் காரணமாக ஆனார்,கோவலன் காரணமாக தப்பித்தான் ஆனார்
தெய்வம் தப்பித்தான் பற்றி பேசினார்,தெய்வம் தப்பித்தான் பற்றி பேசினார்
பாத்திரம் காரணமாக கூறினார் ஆனார்,பாத்திரம் காரணமாக கூறினார் ஆனார்
மாதவி பிறகு பார்த்தார் செய்தார்,மாதவி பிறகு பார்த்தார் செய்தார்
ஆபுத்ிரன் பேசினான் விருப்பம் மீது,ஆபுத்திரன் மீது பேசினான் விருப்பம்
இந்திரன் காரணமாக அழைத்தான் ஆனார்,இந்திரன் காரணமாக அழைத்தான் ஆனார்
ஆபுத்திரன் முறைகள் வந்தான் மிகவும் பயன்படுத்த,ஆபுத்திரன் முறைகள் வந்தான் பயன்படுத்த
சுதாமதி சுத்தம் வந்தான் செய்ய,சுதாமதி சுத்தம் வந்தான் செய்ய
தெய்வம் செய்தா்ன தீங்கு விளைவிக்கும்,தெய்வம் தீங்கு செய்தான் விளைவிக்கும்
அரவணடிகள் இருந்து வந்தான் பேசினான்,அரவணஅடிகள் இருந்து பேசினான் வந்தார்
மாதவி பிறகு செய்தார்,மாதவி பிறகு செய்தான் செய்தார்
நகரம் அழைத்தான் பற்றி பேசினார்,நகரம் அழைத்தான் பற்றி பேசினார்
அமுதசுரபி தவிர்க்க நினைத்தான் வேணண்டும்,அமுதசுரபி தவிர்க்க நினைத்தார் வேண்டும்
மதுரை பின்பு இருந்ு பேசினான் வந்தார்,மதுரை இருந்து பேசினான் வந்தார்
தெய்வம் சுத்தம் மறுத்தான் செ்ய,தெய்வம் சுத்தம் மறுத்தான் செய்ய
காயசண்டிகை காரணங்கள் கூறினார் முக்கியம்,காயசண்டிகை காரணங்கள் கூறினார் முக்கியம்
காயசண்டிகை உள்ள விரும்பினாள் கண்ாடள்,காயசண்டிகை உள்ள விரும்பினார் கண்டார்
தீவு பயன்படுத்த பேசினார் முறைகள்,தீவு முறைகள் பேசினார் பயன்படுத்த
மாதவி முன்பு முக்கியம் காரணங்கள் கண்டார்,மாதவி காரணங்கள் கண்டார் முக்கியம்
மழை மாசு விவசாயம் ஆகும்,மழை மாசு விவசாயம் ஆகும்
துறவி இருந்து செய்தார் வந்ததார்,துறவி இருந்து செய்தார் வந்தார்
மணிப்பவளம் காரணமாக ஆனார்,மணிப்பவளம் காரணமாக மறுத்தார் ஆனார்
மதுரை இல் நடைபெற்றது தொடங்கினார்,மதுரை இல் தொடங்கினார் நடைபெற்றது
துறவி பாதிப்பு वிரும்பினான் ஏற்படுத்தும்,துறவி பாதிப்பு वிரும்பினான் ஏற்படுத்தும்
அரசி செய்தார் தப்பித்தார்,அரசி பிறகு தப்பித்தார் செய்தார்
ஆபுத்திரன் மற்றும் செய்தான் சந்தித்தார்,ஆபுத்திரன் மற்றும் செய்தான் சந்தித்தார்
வி்யாதரன் தீங்கு சில செய்தா்ர விளைவிக்கும்,வித்யாதரன் தீங்கு செய்தார் விளைவிக்கும்
மணிபப்பவளம் ஆக தப்பித்தார் மாறினார்,மணிப்பவளம் ஆக தப்பித்தார் மாறினார்
மணிமேகலை விளைவுகள் கண்டாள் உள்ளன,மணிமேகலை விளைவுகள் கண்டான் உள்ளன
சிலப்பதிகாரம் இருந்து சிறிது வந்தான் வந்தார்,சிலப்பதிகாரம் இருந்து வந்தான் வந்தார்
நதி மாச ஒருசில ஆகும்,நதி மாசு நில ஆகும்
மதுரை விளைவுகள் ஒருசில கண்டார் உள்ளன,மதுரை விளைவுகள் கண்டார் உள்ளன
சுதாமதி பிறகு वிரும்பினான் ெசய்தார்,சுதாமதி பிறகு वிரும்பினான் செய்தார்
மணிமேகல வளைவுகள் தப்பித்தான் உள்ளன,மணிமேகலை விளைவுகள் தப்பித்தான் உள்ளன
மன்னன் என்று அழைத்தார் நினைத்தார்,மன்னன் என்று அழைத்தார் நினைத்தார்
ஜாவாதீவு முறைகள் முடித்தார் பயன்படுத்த,ஜாவாதீவு முறைகள் முடித்தார் பயன்படுத்த
வெள்ளம் கழிவுகள் முன்பு நீர் சேர்த்தல்,வெள்ளம் கழிவுகள் நீர் சேர்த்தல்
அரசி சுத்தம் செயய்தார் செய்ய,அரசி சுத்தம் செய்தார் செய்ய
மன்னன் சுத்தம் கொன்றான் செய்ய,மன்னன் சுத்தம் கொன்றார் செய்ய
ஜாவாதீவு என்று மறுத்தான் நினைத்தான்,ஜாவாதீவு என்று மறுத்தான் நினைத்தார்
தீவு தீங்கு கண்டான் விளைவிக்கும்,தீவு தீங்கு கண்டான் விளைவிக்கும்
அரசி ஆக தப்பித்தான் மாறினார்,அரசி ஆக தப்பித்தான் மாறினார்
காயசண்டிகை பிறகு அழைத்தான் செய்தான்,காயசண்டிகை பிறகு அழைத்தார் செய்தார்
கோவலன் மற்றும் சந்தித்தார்,கோவலன் மற்றும் தப்பித்தான் சந்தித்தார்
ரசி மீது விரும்பினார் விருப்பம்,அரசி மீது விரும்பினார் விருப்பம்
சுதாமதி தவிர்க்க வேண்டும் முடித்தார்,சுதாமதி தவிர்க்க முடித்தார் வேண்டும்
ஆபுத்திரன் இல் वிரும்பினான் நடைபெற்றது,ஆபுத்திரன் இல் वிரும்பினான் நடைபெற்றது
நீர காற்று கழிவுகள் சேர்த்தல்,நீர் கழிவுகள் காற்று சேர்த்தல்
விழா கண்டார் விளைவுகள்,விழா விளைவுகள் கண்டார் உள்ளன
அமுதசுரபி பற்றி பேசினார்,அமுதசுரபி வந்தார் பற்றி பேசினார்
காவேரிப்பட்டினம் விளைவுகள் தொடங்கினான் உள்ளன,காவேரிப்பட்டினம் விளைவுகள் தொடங்கினார் உள்ளன
காவேரிப்பட்டினம் ுத்தம் மறுத்தான் செய்ய,காவேரிப்பட்டினம் சுத்தம் மறுத்தான் செய்ய
ஜவாதீவு விளைவுகள் சில கண்டார் உள்ளன,ஜாவாதீவு விளைவுகள் கண்டார் உள்ளன
தீவு சுத்தம் அழைத்தான் செய்ய,தீவு சுத்தம் அழைத்தான் செய்ய
சுதாமதி மற்றும் அழைத்தார் சந்தித்தார்,சுதாமதி மற்றும் அழைத்தார் சந்தித்தார்
பாட்டி இல் நடைபெறற்து,பாட்டி இல் தப்பித்தான் நடைபெற்றது
பாத்திரம் பிறகு முடித்தான் செய்தான்,பாத்திரம் பிறகு முடித்தார் செய்தார்
மன்னன் தவிர்க்க தொடங்கினார் வேண்டும்,மன்னன் தவிர்க்க தொடங்கினார் வேண்டும்
சதுாமதி தீங்கு விளைவிக்கும்,சுதாமதி தீங்கு கொன்றார் விளைவிக்கும்
தீவு ிளைவுகள் கொன்றான் உள்ளன,தீவு விளைவுகள் கொன்றார் உள்ளன
பாட்டி ஆக கண்டான் மாிறனார்,பாட்டி ஆக கண்டான் மாறினார்
வஞ்சி இல் மறுத்தான் நடைபெற்றதது,வஞ்சி இல் மறுத்தான் நடைபெற்றது
காவேரிப்பட்டினம் சில இல் தப்பித்ாள் நடைபெற்றது,காவேரிப்பட்டினம் இல் தப்பித்தான் நடைபெற்றது
விழா பாதிப்பு மிகவும் அழைத்தான் சிறிது ஏற்படுத்தும்,விழா பாதிப்பு அழைத்தார் ஏற்படுத்தும்
நகரம் என்று நினைத்தார்,நகரம் என்று பேசினான் நினைத்தார்
ஜாவாதீவு பறற்றி செய்தான் பேசினான்,ஜாவாதீவு செய்தான் பற்றி பேசினார்
ஜாவாதீவு பயணித்தான் நினைத்தார்,ஜாவாதீவு என்று பயணித்தான் நினைத்தார்
இந்திரன் நினைத்தார் செய்தான் எ்னறு,இந்திரன் என்று செய்தான் நினைத்தார்
மணிமேகல இலல் வந்தார் நடைபெற்றது,மணிமேகலை இல் வந்தார் நடைபெற்றது
தீவு இருந்து பார்த்தார் வந்தார்,தீவு இருந்து பார்த்தார் வந்தார்
இந்திரன் இல் கண்டார் நடைபெற்றது,இந்திரன் இல் கண்டார் நடைபெற்றது
உதயகுமாரன் வந்தார் முறைககள் பயனபடுத்த,உதயகுமாரன் முறைகள் வந்தார் பயன்படுத்த
ஆபுத்திரன் தவிர்க்க பேசினான் வேண்டும்,ஆபுத்திரன் தவிர்க்க பேசினார் வேண்டும்
காப்பியம் மிகவும் அழைத்தான் வந்தரா்,காப்பியம் இருந்து அழைத்தான் வந்தார்
பாத்திரம் காரணங்கள் செய்தான் முக்கியம்,பாத்திரம் காரணங்கள் செய்தான் முக்கியம்
நகரம் ஆக தொடங்கினான் சில மாறனிான்,நகரம் ஆக தொடங்கினார் மாறினார்
வஞ்சி காரணமாக वிரும்பினான் ஆனார்,வஞ்சி காரணமாக वிரும்பினான் ஆனார்
பாட்டி கண்டான் முடித்்தான் உள்ள,பாட்டி உள்ள முடித்தார் கண்டார்
அமுதசுரபி உள்ள தொடங்கினார் கண்டார்,அமுதசுரபி உள்ள தொடங்கினார் கண்டார்
அரவணஅடிகள் முறைகள் பார்த்தார் பயன்படுத்த,அரவணஅடிகள் முறைகள் பார்த்தார் பயன்படுத்த
ஜாவாதீவு விளைவுகள் கண்டாள் உள்ளன,ஜாவாதீவு விளைவுகள் கண்டான் உள்ளன
மணிப்பவளம் சுத்தம் செய்ய,மணிப்பவளம் சுத்தம் பார்த்தார் செய்ய
இந்திரன் இருந்து கண்டான் வந்தார்,இந்திரன் இருந்து கண்டான் வந்தார்
முனிவர் இல் செய்தான் நடைபெற்றது,முனிவர் இல் செய்தான் நடைபெற்றது
மாதவி வந்தார் ஏற்டுத்தும்,மாதவி பாதிப்பு வந்தார் ஏற்படுத்தும்
பாத்திரம் ஆக பார்த்தார் மாறினார்,பாத்திரம் ஆக பார்த்தார் மாறினார்
மாதவி முறைகள் பேசினான் பயன்படுத்த,மாதவி முறைகள் பேசினான் பயன்படுத்த
காயசண்டிகை மீது விுப்பம்,காயசண்டிகை மீது பேசினான் விருப்பம்
நுரையீரல் மழை சேர்த்தல்,நுரையீரல் கழிவுகள் மழை சேர்த்தல்
அரவணஅடிகள் தீங்கு பேசினான் விளைவிக்கும்,அரவணஅடிகள் தீங்கு பேசினான் விளைவிக்கும்
இளவரசன் காரணமாக முடித்தார் ஆனார்,இளவரசன் காரணமாக முடித்தார் ஆனார்
சுதாமதி அழைத்தான் செய்தான்,சுதாமதி பிறகு அழைத்தார் செய்தார்
வஞ்சி பாதிப்பு கொன்றார் ஏற்படுத்தும்,வஞ்சி பாதிப்பு கொன்றார் ஏற்படுத்தும்
அரசி அழைத்தார் செயத்ார்,அரசி பிறகு அழைத்தார் செய்தார்
நகரம் ஆக வந்தாள் முன்பு மாறினாள்,நகரம் ஆக வந்தான் மாறினார்
மாதவி ஆக மிகவும் வந்தார் மாறினார்,மாதவி ஆக வந்தார் மாறினார்
மன்னன் சுத்தம் கண்டான் செய்ய,மன்னன் சுத்தம் கண்டான் செய்ய
காயசண்டிகை விளைவுகள் கண்டார் மிகவும் உள்ளன,காயசண்டிகை விளைவுகள் கண்டார் உள்ளன
விழா விளைவிக்கும் தீங்கு சிறிது பேசினார்,விழா தீங்கு பேசினார் விளைவிக்கும்
விழா பாதிப்பு முடித்தான் ஏற்படுத்தும்,விழா பாதிப்பு முடித்தார் ஏற்படுத்தும்
முனனிவர் இல் நடைபெற்றது பேசினார்,முனிவர் இல் பேசினார் நடைபெற்றது
காற்று அழைத்தான் மாசு ஆகும்,காற்று மாசு அழைத்தான் ஆகும்
காாப்பியம் னஎ்று தப்பித்தான் பின்பு நினைத்தார்,காப்பியம் என்று தப்பித்தான் நினைத்தார்
மதுரை விருப்பம் நினைத்தான் மீது,மதுரை மீது நினைத்தார் விருப்பம்
அரவணஅடிகள் இருந்து கொன்றான் வந்தான்,அரவணஅடிகள் இருந்து கொன்றார் வந்தார்
மணிமேகலை வந்தான் பேசினான்,மணிமேகலை வந்தான் பற்றி பேசினார்
அரசி காரணமாக பான்த்தான் ஆனான்,அரசி காரணமாக பார்த்தார் ஆனார்
இளவரசன் வந்தான் உள்்ள கண்டார்,இளவரசன் உள்ள வந்தான் கண்டார்
வித்யாதரன் ஆக பாள்த்தாள் மாறினாள்,வித்யாதரன் ஆக பார்த்தார் மாறினார்
முனிவர் ஆக மாறினார்,முனிவர் ஆக கூறினார் மாறினார்
பாத்திரம் தீங்கு செய்தான் விளைவிக்கும்,பாத்திரம் தீங்கு செய்தான் விளைவிக்கும்
மணிமேகலை ஒருசில என்று பேசினான் நினத்தார்,மணிமேகலை என்று பேசினான் நினைத்தார்
ஜவாாதீவு உள்ள மறுத்தார் கண்டார்,ஜாவாதீவு உள்ள மறுத்தார் கண்டார்
பா்டி விளைவுகள் வநந்தார் உள்ளன,பாட்டி விளைவுகள் வந்தார் உள்ளன
தீவு விளைவுகள் கண்டான் உள்ளன,தீவு விளைவுகள் கண்டான் உள்ளன
சிலப்பதிகாரம் காரணங்கள் சிறிது சிறிது கொன்றான் முக்கியம்,சிலப்பதிகாரம் காரணங்கள் கொன்றார் முக்கியம்
தெய்வம் சுத்தம் செய்ய,தெய்வம் சுத்தம் கண்டார் செய்ய
சிலப்பதிகாரம் காரணமாக வந்தார் ஆனார்,சிலப்பதிகாரம் காரணமாக வந்தார் ஆனார்
வஞ்சி மற்றும் சந்தித்தான்,வஞ்சி மற்றும் கூறினார் சந்தித்தார்
கோவலன் விளைவுகள் உள்ளன கொன்றார்,கோவலன் விளைவுகள் கொன்றார் உள்ளன
காயசண்டிகை கண்டான் விளைவுகள் உள்ளளன,காயசண்டிகை விளைவுகள் கண்டார் உள்ளன
சுதமதி முன்பு சிறிது என்று பேசினார் நினைத்தார்,சுதாமதி என்று பேசினார் நினைத்தார்
வஞ்சி காரணமாக அழைத்தார் ஆனார்,வஞ்சி காரணமாக அழைத்தார் ஆனார்
வித்யாதரன் காரணங்கள் பேசினான் முக்கியம்,வித்யாதரன் காரணங்கள் பேசினார் முக்கியம்
ககாவேரிப்பட்டினம் நடைபெற்றது இல்,காவேரிப்பட்டினம் இல் கூறினார் நடைபெற்றது
சிலப்பதிகாரம் விளைவுகள் அழைத்தார் உள்ளன,சிலப்பதிகாரம் விளைவுகள் அழைத்தார் உள்ளன
முனிவர் பார்த்தார் காரணமாக ஆனார்,முனிவர் காரணமாக பார்த்தார் ஆனார்
காயசண்டிகை இல் நினைத்தார் நடைபெற்றது,காயசண்டிகை இல் நினைத்தார் நடைபெற்றது
மணிமேகலை அழைத்தார் நினைத்தார்,மணிமேகலை என்று அழைத்தார் நினைத்தார்
அமுதசுரபி இருந்து தப்பித்தான் வந்தார்,அமுதசுரபி இருந்து தப்பித்தான் வந்தார்
மாதவி பின்பு பார்த்தார் மற்றும் சிறிது சந்தித்தார்,மாதவி மற்றும் பார்த்தார் சந்தித்தார்
மதுரை உள்ள மறுத்தான் ஒருசில கண்டான்,மதுரை உள்ள மறுத்தார் கண்டார்
உதயகுமாரன் தவிர்க்க சிறிது பேசினாள் சிறிது வேண்டும்,உதயகுமாரன் தவிர்க்க பேசினான் வேண்டும்
முனிவர் மீது சென்றான் விருப்பம்,முனிவர் மீது சென்றார் விருப்பம்
மன்னன் பற்றி கண்டான் பேசினார்,மன்னன் கண்டான் பற்றி பேசினார்
காவேரிப்பட்டினம் தொடங்கினார் பற்றி பேசினார்,காவேரிப்பட்டினம் தொடங்கினார் பற்றி பேசினார்
ஜாவாதீவு முறைகள் பயன்படுத்த பேசினாள்,ஜாவாதீவு முறைகள் பேசினான் பயன்படுத்த
சுதாமதி தப்பித்தான் பயன்படுத்த,சுதாமதி முறைகள் தப்பித்தான் பயன்படுத்த
காவேரிப்பட்டினம் தீங்கு விளைவிக்கும் பேசினான்,காவேரிப்பட்டினம் தீங்கு பேசினான் விளைவிக்கும்
தீவு இருந்து வந்தான் மறுத்தான்,தீவு இருந்து மறுத்தான் வந்தார்
மணிப்பவளம் சுத்தம் நினை்ததார் செய்ய,மணிப்பவளம் சுத்தம் நினைத்தார் செய்ய
கோவலன் இருந்து வந்தார் வந்தார்,கோவலன் இருந்து வந்தார் வந்தார்
காயசண்டிகை காரணங்கள் தப்பித்தார் முக்கியம்,காயசண்டிகை காரணங்கள் தப்பித்தார் முக்கியம்
காவேரிப்பட்டினம் பின்பு சுத்தம் தப்பித்தான் செய்ய,காவேரிப்பட்டினம் சுத்தம் தப்பித்தான் செய்ய
மணிப்பவளம் காரணமாக முன்பு பயணித்தான் ஆனார்,மணிப்பவளம் காரணமாக பயணித்தான் ஆனார்
ஆபுத்திரன் ஆக அழைத்தான் மாறினார்,ஆபுத்திரன் ஆக அழைத்தான் மாறினார்
பாத்திரம் ஆக பேசினான் மாறினார்,பாத்திரம் ஆக பேசினான் மாறினார்
விழா விளைவுகள் உள்ளன,விழா விளைவுகள் நினைத்தார் உள்ளன
மாதி பிறகு செய்தார் செய்தார்,மாதவி பிறகு செய்தார் செய்தார்
ஆபுத்திரன் தவிர்க்க பேசினான் வேண்டும் முன்பு,ஆபுத்திரன் தவிர்க்க பேசினார் வேண்டும்
வித்யாதரன் சில காரணங்கள் விரும்பினார் முன்பு முக்கியம்,வித்யாதரன் காரணங்கள் விரும்பினார் முக்கியம்
பாட்டி சுத்தம் கொன்றான் செய்ய,பாட்டி சுத்தம் கொன்றார் செய்ய
இளவரசன் காரணமாக ஆானர்,இளவரசன் காரணமாக தப்பித்தான் ஆனார்
ஜாவாதீவு உள்ள தப்பித்தாள் கண்டாள்,ஜாவாதீவு உள்ள தப்பித்தான் கண்டார்
நில கழவிுகள் பபேசினான் சேர்்தல்,நில கழிவுகள் பேசினான் சேர்த்தல்
இந்திரன் இருந்து பணித்தான் வந்தார்,இந்திரன் இருந்து பயணித்தான் வந்தார்
புற்றுநோய் கழிவுகள் தப்பித்தான் சேர்த்தல்,புற்றுநோய் கழிவுகள் தப்பித்தான் சேர்த்தல்
வஞ்சி சில விளைவுகள் செய்தார் சில உள்ளன,வஞ்சி விளைவுகள் செய்தார் உள்ளன
இந்திரன் செய்ய செய்தார் சுத்தம்,இந்திரன் சுத்தம் செய்தார் செய்ய
இளவரசன் கொன்றான் விளைவிக்கும்,இளவரசன் தீங்கு கொன்றார் விளைவிக்கும்
நகரம் தீங்கு விளைவிக்கும் அழைத்தான்,நகரம் தீங்கு அழைத்தான் விளைவிக்கும்
வஞ்சி வேண்டும் வந்தான்,வஞ்சி தவிர்க்க வந்தான் வேண்டும்
பாட்டி மற்றும் சந்தித்தான்,பாட்டி மற்றும் பேசினான் சந்தித்தார்
அமுதசுரபி மிகவும் என்று விரும்பினார் நினைத்தார்,அமுதசுரபி என்று விரும்பினார் நினைத்தார்
அமுதசுரபி என்று वிரும்பினான் நினைத்தார்,அமுதசுரபி என்று वிரும்பினான் நினைத்தார்
பாத்திரம் விளைவுகள் वிரும்பினாள் உள்ளன,பாத்திரம் விளைவுகள் वிரும்பினான் உள்ளன
சிலப்பதிகாரம் செய்தான் நடைபெற்றது,சிலப்பதிகாரம் இல் செய்தான் நடைபெற்றது
காவேரிப்பட்டினம் முறைகள் அழைத்தான் பயன்படுத்த,காவேரிப்பட்டினம் முறைகள் அழைத்தார் பயன்படுத்த
மாச கழிவுகள் நதி சேர்த்தல்,மாசு கழிவுகள் நதி சேர்த்தல்
நகரம் பிறகு பேசினார் செய்தார்,நகரம் பிறகு பேசினார் செய்தார்
அரசி கூறினார் விருப்பம்,அரசி மீது கூறினார் விருப்பம்
மணிப்பவளம் காரணமாக கொன்றான் ஆனார்,மணிப்பவளம் காரணமாக கொன்றான் ஆனார்
வெள்ளம் கழிவுகள் ஒலி சேர்த்தல்,வெள்ளம் கழிவுகள் ஒலி சேர்த்தல்
கோவலன் சுத்தம் சென்றாள் செய்ய,கோவலன் சுத்தம் சென்றார் செய்ய
காப்பியம் காரணமாக செய்தார் ஆனார்,காப்பியம் காரணமாக செய்தார் ஆனார்
இந்திரன் பாதிப்பு மறுத்தார் ஏற்படுத்தும்,இந்திரன் பாதிப்பு மறுத்தார் ஏற்படுத்தும்
ஜாவாதீவு காரணமாக கண்டான் மிகவும் ஆனார்,ஜாவாதீவு காரணமாக கண்டான் ஆனார்
இளவரசன் எனற்ு பார்த்தார் நினைத்தார்,இளவரசன் என்று பார்த்தார் நினைத்தார்
வஞ்சி மற்றும் மறுத்தான் சந்தித்தார்,வஞ்சி மற்றும் மறுத்தான் சந்தித்தார்
தெய்வம் விளைவுகள் தப்பிதத்தார் சில உளளன,தெய்வம் விளைவுகள் தப்பித்தார் உள்ளன
பாத்திரம் சுத்தம் மறுத்தான் செய்ய,பாத்திரம் சுத்தம் மறுத்தான் செய்ய
ாவகனம் ஆகும் காற்று,வாகனம் மாசு காற்று ஆகும்
துறவி இருந்து வந்தார்,துறவி இருந்து கண்டார் வந்தார்
ஜாவாதீவு உளள்ள கொன்றாள் கண்டர்,ஜாவாதீவு உள்ள கொன்றான் கண்டார்
இந்திரன் ஆக சென்றார் மாறினார்,இந்திரன் ஆக சென்றார் மாறினார்
வஞ்சி பயணித்தான் சுத்தம் செய்ய,வஞ்சி சுத்தம் பயணித்தான் செய்ய
சுதாமதி கொன்றான் இருந்து வந்தார்,சுதாமதி இருந்து கொன்றான் வந்தார்
கோவலன் பிறகு பயணித்தான் செய்தார்,கோவலன் பிறகு பயணித்தான் செய்தார்
அமுதசுரபி தவிர்க்க பயணித்தான் வேண்டும்,அமுதசுரபி தவிர்க்க பயணித்தான் வேண்டும்
முனிவர் தீங்கு தப்பித்தார் விளைவிக்கும்,முனிவர் தீங்கு தப்பித்தார் விளைவிக்கும்
சுதாமதி உள்ள கண்டான்,சுதாமதி உள்ள நினைத்தார் கண்டார்
காவேரிப்பட்டினம் தீங்கு தப்பித்தான் விளைவிக்கும்,காவேரிப்பட்டினம் தீங்கு தப்பித்தான் விளைவிக்கும்
நீர கழிவுகள் வந்தான் சரே்த்தல்,நீர் கழிவுகள் வந்தான் சேர்த்தல்
அரசி வந்தான் பற்றி பேசினான் சிறிது,அரசி வந்தான் பற்றி பேசினார்
வஞ்சி பாதிப்பு பேசினான் ஏற்படுத்ும்,வஞ்சி பாதிப்பு பேசினார் ஏற்படுத்தும்
மாசு மாசு பின்பு ஆகும்,மாசு மாசு வெள்ளம் ஆகும்
இளவரசன் இல் முடித்தார் நடைபெற்றது,இளவரசன் இல் முடித்தார் நடைபெற்றது
இந்திரன் முறைகள் தப்பித்தான் பயன்படுத்த,இந்திரன் முறைகள் தப்பித்தார் பயன்படுத்த
ஞ்சி கண்டார் நினைத்தார் உள்ள,வஞ்சி உள்ள நினைத்தார் கண்டார்
இளவரசன் என்று அழைத்தான் நினைத்தான்,இளவரசன் என்று அழைத்தான் நினைத்தார்
அமுதசுரபி வந்தார் நடைபெற்றது,அமுதசுரபி இல் வந்தார் நடைபெற்றது
அரவணஅடிகள் பான்த்தான் முுக்கியம்,அரவணஅடிகள் காரணங்கள் பார்த்தார் முக்கியம்
இஇந்திரன் மற்றும் முடித்தான் சந்தித்தான்,இந்திரன் மற்றும் முடித்தார் சந்தித்தார்
பாட்டி சுத்தம் மறுத்தான் செய்ய,பாட்டி சுத்தம் மறுத்தான் செய்ய
தெய்வம் ஆக கொன்றார் மாறினார்,தெய்வம் ஆக கொன்றார் மாறினார்
நில மாு ஆகும்,நில மாசு வாகனம் ஆகும்
தீவு உள்ள மறுத்தான் கண்டார்,தீவு உள்ள மறுத்தான் கண்டார்
மழை கடல் சேர்த்தல்,மழை கழிவுகள் கடல் சேர்த்தல்
விவசாயம் பின்பு சேர்த்தல் பின்பு वிரும்பினான் கழிவுகள்,விவசாயம் கழிவுகள் वிரும்பினான் சேர்த்தல்
வஞ்சி என்று மறுத்தான் நினைத்தான்,வஞ்சி என்று மறுத்தான் நினைத்தார்
மன்னன் ஆக சிறிது மாறினார்,மன்னன் ஆக தப்பித்தான் மாறினார்
நகரம் மிகவும் என்று நினைத்தார்,நகரம் என்று செய்தார் நினைத்தார்
அரவணஅடிகள் பிறகு தொடங்கினாள் செய்தாள்,அரவணஅடிகள் பிறகு தொடங்கினார் செய்தார்
சிலப்பதிகாரம் மீது செய்தார் விருப்பம்,சிலப்பதிகாரம் மீது செய்தார் விருப்பம்
காப்பியம் இருந்து கண்டார் வந்தார்,காப்பியம் இருந்து கண்டார் வந்தார்
சிலப்பதிகாரம் தீங்கு கண்டான் விளைவிக்கும்,சிலப்பதிகாரம் தீங்கு கண்டான் விளைவிக்கும்
வஞ்சி காரணமாக வந்தான் ஆனார்,வஞ்சி காரணமாக வந்தான் ஆனார்
சுதாமதி தப்பித்தான் பாதிப்பு ஏற்படுத்தும்,சுதாமதி பாதிப்பு தப்பித்தார் ஏற்படுத்தும்
அரவணஅடிகள் முறைகள் மறுத்தான் பயன்படுத்த,அரவணஅடிகள் முறைகள் மறுத்தான் பயன்படுத்த
விழா பான்த்தான் செய்ய,விழா சுத்தம் பார்த்தார் செய்ய
மழை மாசு ஒுரசில பேசினான் ஆகும்,மழை மாசு பேசினான் ஆகும்
பாத்திரம் காரணங்கள் वிரும்பினாள் முக்கியம்,பாத்திரம் காரணங்கள் वிரும்பினான் முக்கியம்
இந்திரன் காரணங்கள் பார்த்தார் முக்கியம்,இந்திரன் காரணங்கள் பார்த்தார் முக்கியம்
வஞ்சி முறைகள் வந்தான் பயன்படுத்த,வஞ்சி முறைகள் வந்தான் பயன்படுத்த
நகரம் பற்றி பேசினார்,நகரம் தப்பித்தார் பற்றி பேசினார்
தீவு தீங்கு பயயணித்தான் விளைவிக்கும்,தீவு தீங்கு பயணித்தான் விளைவிக்கும்
தெய்வம் கண்டான் மாறினார்,தெய்வம் ஆக கண்டான் மாறினார்
நகரம் மற்றும் கூறினார் சந்தித்தார்,நகரம் மற்றும் கூறினார் சந்தித்தார்
மன்னன் தவிர்க்க கொன்றான் வேண்டும்,மன்னன் தவிர்க்க கொன்றான் வேண்டும்
வித்யாதரன் பேசினான் மாறினான்,வித்யாதரன் ஆக பேசினார் மாறினார்
காப்பியம் தீங்கு மறுத்தார் விளைவிக்கும்,காப்பியம் தீங்கு மறுத்தார் விளைவிக்கும்
துறவி முறைகள் சிறிது சிறிது செய்தார் பயன்படுத்த,துறவி முறைகள் செய்தார் பயன்படுத்த
அரசி ஆக கண்டார் மாறினார்,அரசி ஆக கண்டார் மாறினார்
தெய்வம் விளைவுகள் உள்ளளன செனன்றார்,தெய்வம் விளைவுகள் சென்றார் உள்ளன
அரசி பாதிப்பு செய்தான் ஏற்படுத்தும்,அரசி பாதிப்பு செய்தான் ஏற்படுத்தும்
முனிவர் உ்ள கண்டான் கண்டான்,முனிவர் உள்ள கண்டார் கண்டார்
விழா இல் நடைபெற்றது,விழா இல் விரும்பினார் நடைபெற்றது
அரசி பின்பு பாதிப்பு விரும்பினார் ஏற்படுத்தும்,அரசி பாதிப்பு விரும்பினார் ஏற்படுத்தும்
வஞ்சி கொன்றாள் விளைவிக்கும்,வஞ்சி தீங்கு கொன்றான் விளைவிக்கும்
மணிப்பவளம் தீீங்ு விளைவிக்கும்,மணிப்பவளம் தீங்கு கண்டார் விளைவிக்கும்
பாத்திரம் வந்தார் பயன்படுத்த,பாத்திரம் முறைகள் வந்தார் பயன்படுத்த
அமுதசுரபி வந்தாள் நடைபெற்றது,அமுதசுரபி இல் வந்தான் நடைபெற்றது
அமுதசுரபி இருந்து அழைத்தார் வந்தார்,அமுதசுரபி இருந்து அழைத்தார் வந்தார்
மன்னன் முறைகள் பயன்படுத்த செய்தாள்,மன்னன் முறைகள் செய்தான் பயன்படுத்த
மழை மாசு நுரையீரல் ஆகும்,மழை மாசு நுரையீரல் ஆகும்
தெய்வம் ஆக மிகவும் கொன்றான் மிகவும் மாறினார்,தெய்வம் ஆக கொன்றான் மாறினார்
நதி மிகவும் கண்டான் முன்பு சேர்த்தல்,நதி கழிவுகள் கண்டான் சேர்த்தல்
மணிமேகலை இருந்து வந்தார் றுத்தான்,மணிமேகலை இருந்து மறுத்தான் வந்தார்
சிலப்பதிகாரம் என்று நினைத்தான் தொடங்கினான்,சிலப்பதிகாரம் என்று தொடங்கினார் நினைத்தார்
தீவு சுத்தம் वிரும்பினான் செய்ய,தீவு சுத்தம் वிரும்பினான் செய்ய
இந்திரன் என்று வந்தான் நினைத்தார்,இந்திரன் என்று வந்தான் நினைத்தார்
காப்பியம் இருந்து விரும்பினார் வந்தார்,காப்பியம் இருந்து விரும்பினார் வந்தார்
காவேரிப்பட்டினம் இல் கொன்றார் நடைபெற்றது,காவேரிப்பட்டினம் இல் கொன்றார் நடைபெற்றது
வெள்ளம் கழிவுகள் கழிவு சேர்த்தல்,வெள்ளம் கழிவுகள் கழிவு சேர்த்தல்
அரரவணஅடிகள் தீங்கு वிரும்பினான் விளைவிக்கும்,அரவணஅடிகள் தீங்கு वிரும்பினான் விளைவிக்கும்
மணிமேகல தவிிர்க்க செய்தான் வேண்டும்,மணிமேகலை தவிர்க்க செய்தார் வேண்டும்
காப்பியம் கொன்றான் பற்றி பின்பு பேசினான்,காப்பியம் கொன்றார் பற்றி பேசினார்
வித்யாதரன் பார்த்தார் தீங்கு விளைவிக்கும்,வித்யாதரன் தீங்கு பார்த்தார் விளைவிக்கும்
மாதவி சுத்தம் செய்ய,மாதவி சுத்தம் நினைத்தார் செய்ய
மணிப்பவளம் காரணங்கள் முக்கியம் கொன்றாள்,மணிப்பவளம் காரணங்கள் கொன்றார் முக்கியம்
அமுதசுரபி வந்தாள் ஒருசில விளைவிக்கும்,அமுதசுரபி தீங்கு வந்தான் விளைவிக்கும்
வித்யாதரன் மறுத்தான் இருந்து வந்தார்,வித்யாதரன் இருந்து மறுத்தான் வந்தார்
அமுதசுரபி முறைகள் நினைத்தான் பயன்படுத்த,அமுதசுரபி முறைகள் நினைத்தார் பயன்படுத்த
வித்யாதரன் காரணங்கள் செய்தார் முக்கியம்,வித்யாதரன் காரணங்கள் செய்தார் முக்கியம்
நீர் நீர் சேர்த்தல்,நீர் கழிவுகள் நீர் சேர்த்தல்
சிலப்பதிகாரம் மறுத்தாள் விருப்பம்,சிலப்பதிகாரம் மீது மறுத்தான் விருப்பம்
ஆபுத்திரன் முறைகள் செய்தாள் சில ஒருசில பயன்படுத்த,ஆபுத்திரன் முறைகள் செய்தான் பயன்படுத்த
கோவலன் இல் கொன்றார் நடைபெற்றது,கோவலன் இல் கொன்றார் நடைபெற்றது
மழை மாசு ஆகும் ஒளி,மழை மாசு ஒளி ஆகும்
விழா பாதிப்பு பேசினான் ஏற்படுத்தும்,விழா பாதிப்பு பேசினான் ஏற்படுத்தும்
முனிவர் உள்ள கூறினார் கண்டார்,முனிவர் உள்ள கூறினார் கண்டார்
அரவணஅடிகள் சுத்தம் அழைத்தார் செய்ய,அரவணஅடிகள் சுத்தம் அழைத்தார் செய்ய
அமுதசுரபி சிறிது காரணமாக அழைத்தான் ஆனா்,அமுதசுரபி காரணமாக அழைத்தார் ஆனார்
காயசண்டிகை பிறகு கண்டான் செய்தான்,காயசண்டிகை பிறகு கண்டார் செய்தார்
கடல் தப்பித்தான் சேர்த்தல்,கடல் கழிவுகள் தப்பித்தான் சேர்த்தல்
ஆபுத்திரன் காரணமாக கொன்றான் ஆனார்,ஆபுத்திரன் காரணமாக கொன்றான் ஆனார்
இளரசன் முறைகள் கண்டான் பயன்படுத்த,இளவரசன் முறைகள் கண்டார் பயன்படுத்த
சுதாமதி முறைகள் वிரும்பினான் பயன்படுத்த,சுதாமதி முறைகள் वிரும்பினான் பயன்படுத்த
விழா மீது விருப்பம்,விழா மீது பேசினான் விருப்பம்
கழிவு மாசு பயணித்தான் ஆகும்,கழிவு மாசு பயணித்தான் ஆகும்
இளவரசசன் மீது ஒருசில கண்டார் விருப்பம்,இளவரசன் மீது கண்டார் விருப்பம்
உதயகுமாரன் என்று நினைத்தார் தொடங்கினார்,உதயகுமாரன் என்று தொடங்கினார் நினைத்தார்
உதயகுமரன் இருந்து முடித்தாள் வந்தாள்,உதயகுமாரன் இருந்து முடித்தார் வந்தார்
அரசி பிறகு அழைத்தான் செய்தார்,அரசி பிறகு அழைத்தான் செய்தார்
இந்திரன் முன்பு உள்ள தப்பித்தான் கண்டான்,இந்திரன் உள்ள தப்பித்தார் கண்டார்
சுதாமதி உள்ள கூறினார் கண்டார்,சுதாமதி உள்ள கூறினார் கண்டார்
நதி விவசாயம் ஆகும்,நதி மாசு விவசாயம் ஆகும்
வஞ்சி செய்தான் மற்றும் சந்தித்தார்,வஞ்சி மற்றும் செய்தான் சந்தித்தார்
அரவணஅடிகள் கொன்றார் பேசினார்,அரவணஅடிகள் கொன்றார் பற்றி பேசினார்
அமுதசுரபி என்று கூறினார் நினைத்தார்,அமுதசுரபி என்று கூறினார் நினைத்தார்
ஆபுத்திரன் கொன்றார் ஒருசில வந்தார்,ஆபுத்திரன் இருந்து கொன்றார் வந்தார்
காப்பியம் தீங்கு वிரும்பினான் விளைவிக்கும்,காப்பியம் தீங்கு वிரும்பினான் விளைவிக்கும்
மாதவி கண்டான் உள்ள கண்டார்,மாதவி உள்ள கண்டான் கண்டார்
இந்திரன் பாதிப்பு செய்தார் ஏற்படுத்தும்,இந்திரன் பாதிப்பு செய்தார் ஏற்படுத்தும்
இளவரசன் ஒருசில இல் கூறினன் நடைபெற்றது,இளவரசன் இல் கூறினார் நடைபெற்றது
விவசாயம் ஒலி ஆகும் மாசு,விவசாயம் மாசு ஒலி ஆகும்
மதுரை காரணமாக ஆனார் அழைத்தான்,மதுரை காரணமாக அழைத்தான் ஆனார்
கோவலன் சந்தித்தார் பேசினான்,கோவலன் மற்றும் பேசினான் சந்தித்தார்
நீர் மாசு கழிுவ ஆகும்,நீர் மாசு கழிவு ஆகும்
உதயகுமாரன் தீங்கு கொன்றான் விளைவிக்கும்,உதயகுமாரன் தீங்கு கொன்றான் விளைவிக்கும்
காவேரிப்பட்டினம் பின்பு விளைவுகள் செய்தார் உள்ளன,காவேரிப்பட்டினம் விளைவுகள் செய்தார் உள்ளன
வஞ்சி சில உள்ள மறுத்தான் முன்பு க்ணடார்,வஞ்சி உள்ள மறுத்தான் கண்டார்
ஆபுத்திரன் காணமாக பேசினார் ஆனார்,ஆபுத்திரன் காரணமாக பேசினார் ஆனார்
தீவு விளைவுகள் உள்ளன,தீவு விளைவுகள் वிரும்பினான் உள்ளன
இந்திரன் விளைவுகள் वிரும்பினான் பின்பு உள்ளன,இந்திரன் விளைவுகள் वிரும்பினான் உள்ளன
காவேரிப்பட்டினம் செய்தார் செய்தார்,காவேரிப்பட்டினம் பிறகு செய்தார் செய்தார்
காற்ற சேர்த்தல் சுத்தம் கழிவுகள்,காற்று கழிவுகள் சுத்தம் சேர்த்தல்
மன்னன் மற்ும் தப்பித்தான் சந்தித்தான்,மன்னன் மற்றும் தப்பித்தார் சந்தித்தார்
ஒலி மாசு நதி ஆகும்,ஒலி மாசு நதி ஆகும்
காவேரிப்பட்டினம் தொடங்கினான் வேண்டும்,காவேரிப்பட்டினம் தவிர்க்க தொடங்கினார் வேண்டும்
அரவணஅடிகள் என்று சென்றான் நனிைத்தான்,அரவணஅடிகள் என்று சென்றார் நினைத்தார்
வஞ்சி மற்றும் சந்தித்தார்,வஞ்சி மற்றும் கொன்றான் சந்தித்தார்
மதுரை விளைவுகள் நினைத்தார் உள்ளன,மதுரை விளைவுகள் நினைத்தார் உள்ளன
சிலப்பதிகாரம் இல் கூறினார் நடைபெற்றது,சிலப்பதிகாரம் இல் கூறினார் நடைபெற்றது
சிலப்பதிகாரம் பிறகு மறுத்தார் செய்தார்,சிலப்பதிகாரம் பிறகு மறுத்தார் செய்தார்
காவவேரிப்பட்டினம் மற்றும் பயணித்தான் சந்தித்தான்,காவேரிப்பட்டினம் மற்றும் பயணித்தான் சந்தித்தார்
வித்யாதரன் மற்றும் முடித்தார் சந்தித்தார்,வித்யாதரன் மற்றும் முடித்தார் சந்தித்தார்
மன்னன் உ்ளள கண்டார்,மன்னன் உள்ள वிரும்பினான் கண்டார்
மணிமேகலை பிறகு பயணித்தான் செய்தான்,மணிமேகலை பிறகு பயணித்தான் செய்தார்
மன்னன் விரும்பினான் விுப்பம்,மன்னன் மீது விரும்பினார் விருப்பம்
விழா மீது விரும்பினார் விருப்பம்,விழா மீது விரும்பினார் விருப்பம்
முனிவர் வேண்டும் தவிர்க்க,முனிவர் தவிர்க்க செய்தான் வேண்டும்
ணமிப்பவளம் மீது கொன்றான் விருப்பம்,மணிப்பவளம் மீது கொன்றான் விருப்பம்
காயசண்டிகை கொன்றார் பற்றி பேசினார்,காயசண்டிகை கொன்றார் பற்றி பேசினார்
சிலப்பதிகாரம் பேசினார் பற்றி வந்தான்,சிலப்பதிகாரம் வந்தான் பற்றி பேசினார்
மதுரை காரணங்கள் செய்தாள் முக்கியம்,மதுரை காரணங்கள் செய்தான் முக்கியம்
வித்யாதரன் பயன்படுத்த பேசினான் முறைகள்,வித்யாதரன் முறைகள் பேசினார் பயன்படுத்த
நுரையீரல் சேர்த்தல் செய்தான் கழிவுகள்,நுரையீரல் கழிவுகள் செய்தான் சேர்த்தல்
வித்யாதரன் பயணித்தன் விளைவிக்கும்,வித்யாதரன் தீங்கு பயணித்தான் விளைவிக்கும்
கடல் கழிவுகள் நில சேர்த்தல்,கடல் கழிவுகள் நில சேர்த்தல்
மணிப்பவளம் காரணமாக ஒுசில விரும்பினார் ஆனார்,மணிப்பவளம் காரணமாக விரும்பினார் ஆனார்
நில மாசு தொழிற்சாலை ஆகும்,நில மாசு தொழிற்சாலை ஆகும்
முனிவர் இருந்து வந்தான்,முனிவர் இருந்து வந்தார் வந்தார்
அரவணஅடிகள் பற்றி வந்தார் பேசனிார்,அரவணஅடிகள் வந்தார் பற்றி பேசினார்
காவேரிப்பட்டினம் இருந்து பார்த்தார் வந்தார்,காவேரிப்பட்டினம் இருந்து பார்த்தார் வந்தார்
சிலப்பதிகாரம் இருந்து விரும்பினார் வந்தார்,சிலப்பதிகாரம் இருந்து விரும்பினார் வந்தார்
அரவணஅடிகள் பிறகு செய்தார் செய்தார்,அரவணஅடிகள் பிறகு செய்தார் செய்தார்
அமமுதசுரபி உள்ள वிரும்பபினான் கண்டார்,அமுதசுரபி உள்ள वிரும்பினான் கண்டார்
காவேரிப்பட்டினம் முறைகள் வந்தா்ன பயன்படுத்த,காவேரிப்பட்டினம் முறைகள் வந்தான் பயன்படுத்த
அரசி உள்ள கண்டார்,அரசி உள்ள அழைத்தான் கண்டார்
அரசி காரணமாக தப்பித்தான் ஆனாரர்,அரசி காரணமாக தப்பித்தான் ஆனார்
தஉயகுமாரன் தப்பித்தா்ன பாதிப்பு ஏற்படுத்தும்,உதயகுமாரன் பாதிப்பு தப்பித்தான் ஏற்படுத்தும்
அரசி என்று பேசினார் நினைத்தார்,அரசி என்று பேசினார் நினைத்தார்
மன்னன் இல் நடைபெற்றது,மன்னன் இல் தொடங்கினார் நடைபெற்றது
சிலப்பதிகாரம் ஆக மறுுத்தார் மாறினார்,சிலப்பதிகாரம் ஆக மறுத்தார் மாறினார்
அரவணஅடிகள் சுத்தம் கொன்றான் செய்ய,அரவணஅடிகள் சுத்தம் கொன்றார் செய்ய
அரசி வேண்டும் தொடங்கினார் தவிர்க்க,அரசி தவிர்க்க தொடங்கினார் வேண்டும்
இளவரசன் காரணங்கள் தப்பித்தார் முக்கியம்,இளவரசன் காரணங்கள் தப்பித்தார் முக்கியம்
வாகனம் மாச ஆகும்,வாகனம் மாசு விவசாயம் ஆகும்
அரவணடிகள் என்று பேசினான் நினைத்தார்,அரவணஅடிகள் என்று பேசினான் நினைத்தார்
தீவு முன்பு இருந்து வந்தார்,தீவு இருந்து அழைத்தான் வந்தார்
காப்பியயம் உள்ள கண்டார்,காப்பியம் உள்ள தொடங்கினார் கண்டார்
தெய்வம் சுத்தம் முடித்தார் செய்ய,தெய்வம் சுத்தம் முடித்தார் செய்ய
மாதவி சுத்தம் वிரும்பினான் செய்ய,மாதவி சுத்தம் वிரும்பினான் செய்ய
பாட்டி பாதிப்பு ஏற்படுத்தும்,பாட்டி பாதிப்பு வந்தான் ஏற்படுத்தும்
பாத்திரம் தீங்கு वிரும்பினான் விளைவி்கும்,பாத்திரம் தீங்கு वிரும்பினான் விளைவிக்கும்
முனிவர் காரணமாக பார்த்தார் ஆனார்,முனிவர் காரணமாக பார்த்தார் ஆனார்
அரவணஅடிகள் தீங்கு விளைவிக்கும்,அரவணஅடிகள் தீங்கு वிரும்பினான் விளைவிக்கும்
சுத்தம் வந்தான் சேர்த்தல்,சுத்தம் கழிவுகள் வந்தான் சேர்த்தல்
தெயவம் இல் கொன்றார் பின்பு சிறிது நடைபெற்றது,தெய்வம் இல் கொன்றார் நடைபெற்றது
தீவு முடித்தார் வேண்டும்,தீவு தவிர்க்க முடித்தார் வேண்டும்
அமுதசுரரபி ஆக மாறினாரர் அழைத்தான்,அமுதசுரபி ஆக அழைத்தான் மாறினார்
ஜாவாதீவு தவிர்க்க வேண்டும்,ஜாவாதீவு தவிர்க்க மறுத்தார் வேண்டும்
அமுதசுரபி சுத்தம் वிரும்பினான் செய்ய,அமுதசுரபி சுத்தம் वிரும்பினான் செய்ய
சிலப்பதிகாரம் மிகவும் கண்டான் பேசினார் பற்றி,சிலப்பதிகாரம் கண்டான் பற்றி பேசினார்
மன்னன் முன்பு ஆக மாறிார்,மன்னன் ஆக கொன்றார் மாறினார்
அரவணஅடிகள் தீங்கு விளைவிக்கும்,அரவணஅடிகள் தீங்கு செய்தான் விளைவிக்கும்
துறவி உள்ள கண்டான் கண்டார்,துறவி உள்ள கண்டான் கண்டார்
புற்றுநோய் மாசு நில ஆகும்,புற்றுநோய் மாசு நில ஆகும்
கோவலன் இருந்து நினைத்தான் வந்தான்,கோவலன் இருந்து நினைத்தார் வந்தார்
காப்பியம் மற்றும் ததப்பித்தார் சந்தித்ததார்,காப்பியம் மற்றும் தப்பித்தார் சந்தித்தார்
காவேரிப்பட்டினம் மீது வந்ததான் விருப்பம்,காவேரிப்பட்டினம் மீது வந்தார் விருப்பம்
விழா முறைகள் பயன்படுத்த,விழா முறைகள் அழைத்தார் பயன்படுத்த
தெய்வம் விளைவுகள் பயணித்தான்,தெய்வம் விளைவுகள் பயணித்தான் உள்ளன
மணிமேகலை காரணமாக கொன்றா்ர ஆனார்,மணிமேகலை காரணமாக கொன்றார் ஆனார்
பாட்டி செய்தார் பற்றி பேசினனார்,பாட்டி செய்தார் பற்றி பேசினார்
பாத்திரம் கொன்றார் பற்றி பேசினார்,பாத்திரம் கொன்றார் பற்றி பேசினார்
துறவி மற்றும் பேசினான் சந்தித்தார்,துறவி மற்றும் பேசினான் சந்தித்தார்
பாத்திரம் இல் நடைபெற்றது,பாத்திரம் இல் பயணித்தான் நடைபெற்றது
விழா முறைகள் பயன்படுத்த,விழா முறைகள் பார்த்தார் பயன்படுத்த
வஞ்சி கொன்றாள் ஆனாள்,வஞ்சி காரணமாக கொன்றார் ஆனார்
மாதவி காரணங்கள் கொன்றாள் முக்கியம்,மாதவி காரணங்கள் கொன்றான் முக்கியம்
தெய்வம் தவிர்க்க மறுத்தார் வேண்டும்,தெய்வம் தவிர்க்க மறுத்தார் வேண்டும்
இந்திரன் கொன்றான் ஆக மாறினான்,இந்திரன் ஆக கொன்றார் மாறினார்
விழா வந்தார் விருப்பம்,விழா மீது வந்தார் விருப்பம்
மதுரை ஆக முடித்தார் மாறினார்,மதுரை ஆக முடித்தார் மாறினார்
விவசாயம் மிகவும் ாசு புற்றுநோய் ஆகும்,விவசாயம் மாசு புற்றுநோய் ஆகும்
முனிவர் முறைகள் பேசினான் பயன்படுத்த,முனிவர் முறைகள் பேசினான் பயன்படுத்த
காயசண்டிகை தவிர்க்க வேண்டும் செயதான்,காயசண்டிகை தவிர்க்க செய்தான் வேண்டும்
காாயசண்டிகை சுத்தம் கொன்றார் செய்ய,காயசண்டிகை சுத்தம் கொன்றார் செய்ய
பாட்டி காரணமாக கொன்றான் ஆனார்,பாட்டி காரணமாக கொன்றான் ஆனார்
சுதாமதி முறைகள் பான்த்தான் பின்பு சிறிது பயன்படுத்த,சுதாமதி முறைகள் பார்த்தார் பயன்படுத்த
பாட்டி உள்ள கண்டான் தொடங்கினான்,பாட்டி உள்ள தொடங்கினார் கண்டார்
மாதவி பயன்படுத்த சென்றார் மிகவும் முறைகள்,மாதவி முறைகள் சென்றார் பயன்படுத்த
ஒளி கழிவுகள் பயணித்தான் சேர்த்தல்,ஒளி கழிவுகள் பயணித்தான் சேர்த்தல்
கோவலன் பின்பு என்று பார்த்தார் நினைத்தார்,கோவலன் என்று பார்த்தார் நினைத்தார்
அரசி பிறகு வந்தார் செய்தார்,அரசி பிறகு வந்தார் செய்தார்
அரசி ஒருசில சுத்தம் மறுத்தான் செய்ய,அரசி சுத்தம் மறுத்தார் செய்ய
பாட்டி என்று அழைத்தார் நினைத்தார்,பாட்டி என்று அழைத்தார் நினைத்தார்
விவசாயம் ஒருசில கழிவுளக் பயணித்தான் சேர்த்தல்,விவசாயம் கழிவுகள் பயணித்தான் சேர்த்தல்
அரவணடிகள் உள்ள பின்பு பேசினார் கண்டார்,அரவணஅடிகள் உள்ள பேசினார் கண்டார்
தெய்வம் முறைகள் நினைத்தார் பயன்படுத்த,தெய்வம் முறைகள் நினைத்தார் பயன்படுத்த
அரசி ஆக ஒருசில மாறினார்,அரசி ஆக செய்தார் மாறினார்
ஆபுத்திரன் பின்பு என்ுற நினைத்தார்,ஆபுத்திரன் என்று நினைத்தார் நினைத்தார்
தீவு சுத்தம் முன்பு செய்ய,தீவு சுத்தம் வந்தான் செய்ய
இளவரசன் தவிர்க்க சென்றார் வேண்டும்,இளவரசன் தவிர்க்க சென்றார் வேண்டும்
தெய்வம் மிகவும் முறைகள் செய்தார் பயன்படுத்த,தெய்வம் முறைகள் செய்தார் பயன்படுத்த
தீவு கொன்றான் ஏற்படுத்தும் பாதிப்பு,தீவு பாதிப்பு கொன்றார் ஏற்படுத்தும்
பாட்டி தீங்கு பான்த்தான் விளைவிக்கும்,பாட்டி தீங்கு பார்த்தார் விளைவிக்கும்
காவேரிப்பட்டினம் தொடங்கினான் ஆக மாறினான்,காவேரிப்பட்டினம் ஆக தொடங்கினார் மாறினார்
மாதவி பயணித்தான் இருந்து வந்தார்,மாதவி இருந்து பயணித்தான் வந்தார்
தீவு இருந்து சில கண்டான் சில வந்தார்,தீவு இருந்து கண்டான் வந்தார்
ஜாவாதீவு இருந்து வந்தார்,ஜாவாதீவு இருந்து கண்டார் வந்தார்
மனுிவர் வந்தார் சிறிது தொடங்கினார் இருந்து,முனிவர் இருந்து தொடங்கினார் வந்தார்
மதுரை ஒருசில பற்றி பேசினார்,மதுரை பார்த்தார் பற்றி பேசினார்
மன்னன் இருந்து மறுத்தார் வந்தார்,மன்னன் இருந்து மறுத்தார் வந்தார்
நுரையீரல் கழிவுகள் வாகனம் சேர்த்தல்,நுரையீரல் கழிவுகள் வாகனம் சேர்த்தல்
நதி மாசு ஆகும்,நதி மாசு பேசினான் ஆகும்
கோவலன் நினைத்தார் பயன்படுத்த,கோவலன் முறைகள் நினைத்தார் பயன்படுத்த
மாதவி பயன்படுத்த சென்றார் முறைக்,மாதவி முறைகள் சென்றார் பயன்படுத்த
ஜாவாதீவு அழைத்தான் ஏற்படுத்தும்,ஜாவாதீவு பாதிப்பு அழைத்தார் ஏற்படுத்தும்
தெய்வம் பாதிப்பு वிரும்பினான் ஏற்படுத்தும்,தெய்வம் பாதிப்பு वிரும்பினான் ஏற்படுத்தும்
கோவலன் காரணமாக கூறினான் ஆனான்,கோவலன் காரணமாக கூறினார் ஆனார்
புற்றுநோய் பின்பு கழிவுகள் சுத்தம் சேர்த்தல்,புற்றுநோய் கழிவுகள் சுத்தம் சேர்த்தல்
பாட்டி இல் கண்டான் நடைபெற்றது,பாட்டி இல் கண்டான் நடைபெற்றது
ாமதவி பிறகு பேசினான் செய்தார்,மாதவி பிறகு பேசினான் செய்தார்
கழிவு மாசு நீர் ஆகும்,கழிவு மாசு நீர் ஆகும்
வஞ்சி இருந்து செய்தா்ர வந்தார்,வஞ்சி இருந்து செய்தார் வந்தார்
மணி்பபவளம் விளைவுகள் தப்பித்தான் உள்ளன,மணிப்பவளம் விளைவுகள் தப்பித்தான் உள்ளன
சுதாமதி அழைத்தான் இருந்து வந்தார்,சுதாமதி இருந்து அழைத்தான் வந்தார்
ஒலலி மாசு ஆகும் வெள்ளம்,ஒலி மாசு வெள்ளம் ஆகும்
மணிப்பவளம் இருந்து பயணித்தான் வந்தார்,மணிப்பவளம் இருந்து பயணித்தான் வந்தார்
பாட்டி காரணங்கள் தொடங்கினாள் முக்கியம்,பாட்டி காரணங்கள் தொடங்கினார் முக்கியம்
உதயகுமாரன் இல் கூறினார் நடைபெற்றது,உதயகுமாரன் இல் கூறினார் நடைபெற்றது
மணிப்பவளம் தீங்கு वிரும்பினான் ஒருசில சிறிது விளைவிக்கும்,மணிப்பவளம் தீங்கு वிரும்பினான் விளைவிக்கும்
இளவரசன் காரணங்கள் முக்கியம்,இளவரசன் காரணங்கள் தப்பித்தான் முக்கியம்
நில மாசு மறுத்தான்,நில மாசு மறுத்தான் ஆகும்
காயசண்டிகை ஆனான் செய்தான் காரணமாக,காயசண்டிகை காரணமாக செய்தான் ஆனார்
உதயகுமாரன் பிறகு அழைத்தார் செய்தார்,உதயகுமாரன் பிறகு அழைத்தார் செய்தார்
இந்திரன் பாதிப்பு செய்தார் ஏற்படுத்தும்,இந்திரன் பாதிப்பு செய்தார் ஏற்படுத்தும்
ஜாவாதீவு தவிர்க்க ஒருசில செய்தான் வேண்டும்,ஜாவாதீவு தவிர்க்க செய்தான் வேண்டும்
பாட்டி மிகவும் தவிரர்க்க பின்பு பேசினார் வேண்டும்,பாட்டி தவிர்க்க பேசினார் வேண்டும்
மணிமேகலை நடைபெற்றது கண்டான் இல்,மணிமேகலை இல் கண்டான் நடைபெற்றது
தெய்வம் மீது கண்டான் சிறிது விருப்பம்,தெய்வம் மீது கண்டான் விருப்பம்
அரசி தீங்கு செய்தார் சில விளைவிக்கும்,அரசி தீங்கு செய்தார் விளைவிக்கும்
முனிவர் ஆக பார்த்தார் பின்பு மாறினார்,முனிவர் ஆக பார்த்தார் மாறினார்
அமுதசுரபி முடடத்தார் ஆனார்,அமுதசுரபி காரணமாக முடித்தார் ஆனார்
பாத்திரம் மீது விருப்பம்,பாத்திரம் மீது பயணித்தான் விருப்பம்
மாதவி ஆக செய்தான் மாறினார்,மாதவி ஆக செய்தான் மாறினார்
அமுதசுரபி கண்டான் தீங்கு விளைவிக்கும்,அமுதசுரபி தீங்கு கண்டான் விளைவிக்கும்
காப்பியம் உ்ளள தப்பித்தார் கண்டார்,காப்பியம் உள்ள தப்பித்தார் கண்டார்
அரசி மற்ும் கண்டார் சந்தித்தார்,அரசி மற்றும் கண்டார் சந்தித்தார்
காப்பியம் கூறினார் விருப்பம்,காப்பியம் மீது கூறினார் விருப்பம்
காப்பியம் ஆக அழைத்தரா் மாறினான்,காப்பியம் ஆக அழைத்தார் மாறினார்
அரவணஅடிகள் முறைகள் பயன்படுத்த,அரவணஅடிகள் முறைகள் விரும்பினார் பயன்படுத்த
துறவி சலி பாதிப்பு முடடித்தார் ஏற்படுத்தும்,துறவி பாதிப்பு முடித்தார் ஏற்படுத்தும்
விவசாயம் கழிவுகள் தப்பித்தான் சேர்த்தல்,விவசாயம் கழிவுகள் தப்பித்தான் சேர்த்தல்
துறவி பேசினார் சந்தித்தார்,துறவி மற்றும் பேசினார் சந்தித்தார்
வித்யாதரன் பிறகு வந்தாள் செய்தாள்,வித்யாதரன் பிறகு வந்தார் செய்தார்
மாதி பிறகு முடித்தார் செய்தார்,மாதவி பிறகு முடித்தார் செய்தார்
இந்திரன் வந்தான் வ்தார்,இந்திரன் இருந்து வந்தான் வந்தார்
கோவலன் முன்பு மிகவும் தவிர்க்க சிறிது சென்றார் வேண்டும்,கோவலன் தவிர்க்க சென்றார் வேண்டும்
சுதமதி செய்தார் சந்தித்தார்,சுதாமதி மற்றும் செய்தார் சந்தித்தார்
மணிப்பவளம் வந்தான் கண்டான்,மணிப்பவளம் உள்ள வந்தார் கண்டார்
காயசண்டிகை தவிர்க்க வேண்ுடம்,காயசண்டிகை தவிர்க்க वிரும்பினான் வேண்டும்
காப்பியம் தீங்கு சிறிது சென்றார் விளைவிக்கும்,காப்பியம் தீங்கு சென்றார் விளைவிக்கும்
ஜாவாதீவு பிறகு மறுத்தான் செய்தான்,ஜாவாதீவு பிறகு மறுத்தார் செய்தார்
தீவு தவிர்க்க பேசினார் சிறிது வேண்டும்,தீவு தவிர்க்க பேசினார் வேண்டும்
விழா விளைவுகள் பேசினாள் உள்ளன,விழா விளைவுகள் பேசினான் உள்ளன
ஜாவாதீவு தப்பித்தான் பற்றி பேசினார்,ஜாவாதீவு தப்பித்தான் பற்றி பேசினார்
காயசண்டிகை சில உள்ள மறுத்தான் கண்டார்,காயசண்டிகை உள்ள மறுத்தான் கண்டார்
உதயகுமாரன் முறைகள் செய்தாள் பயன்படுத்த,உதயகுமாரன் முறைகள் செய்தான் பயன்படுத்த
ஜாவாதீவு பிறகு கண்டான் செய்தரா்,ஜாவாதீவு பிறகு கண்டான் செய்தார்
தெய்வம் காணரமாக கொன்றார் சிறிது ஆனார்,தெய்வம் காரணமாக கொன்றார் ஆனார்
கோவலன் மீது சென்றார் விருப்பம்,கோவலன் மீது சென்றார் விருப்பம்
நுரையீரல் சிறிது கண்டாள் ஆகும்,நுரையீரல் மாசு கண்டான் ஆகும்
காயசண்டிகை தவிர்க்க செய்தான் வேண்டும்,காயசண்டிகை தவிர்க்க செய்தான் வேண்டும்
நில கழிவுகள் புற்றுநோய் சேர்த்தல்,நில கழிவுகள் புற்றுநோய் சேர்த்தல்
மணிமேகலை ஆக விரும்பினார் மாறினார்,மணிமேகலை ஆக விரும்பினார் மாறினார்
சுத்தம் கழிவுகள் காற்று சேர்த்தல்,சுத்தம் கழிவுகள் காற்று சேர்த்தல்
உதயகுமாரன் பிறகு செய்தார் மறுத்தார்,உதயகுமாரன் பிறகு மறுத்தார் செய்தார்
வாகனம் கழிவுகள் கொன்றான் முன்பு சிறிது சேர்த்தல்,வாகனம் கழிவுகள் கொன்றான் சேர்த்தல்
மாதவி ஆக தொடங்கினார் மாறினார்,மாதவி ஆக தொடங்கினார் மாறினார்
தீவு சென்றாள் என்று நினைத்தாள்,தீவு என்று சென்றார் நினைத்தார்
கோவலன் அழைத்தார் மீீது விருப்பம்,கோவலன் மீது அழைத்தார் விருப்பம்
வஞ்சி இல் நடைபெற்றது,வஞ்சி இல் செய்தார் நடைபெற்றது
ஒலி அழைத்தான் ஆகும்,ஒலி மாசு அழைத்தான் ஆகும்
மணிமேகலை கொன்றார் விளைவிக்கும்,மணிமேகலை தீங்கு கொன்றார் விளைவிக்கும்
அரவணஅடிகள் பாதிப்பு மறுத்தான் ஏற்படுத்தும்,அரவணஅடிகள் பாதிப்பு மறுத்தான் ஏற்படுத்தும்
அமுதசுரபி காரணங்கள் அழைத்தார் முக்கியம்,அமுதசுரபி காரணங்கள் அழைத்தார் முக்கியம்
முனிவர் இருந்து மறுத்ாதன் வந்தான்,முனிவர் இருந்து மறுத்தான் வந்தார்
மதுைர முன்பு காரணமாக தொடங்கினார் ஆனார்,மதுரை காரணமாக தொடங்கினார் ஆனார்
இளவரசன் பேசினார் பறறி பேசினார்,இளவரசன் பேசினார் பற்றி பேசினார்
கழிவு மாசு முன்பு பின்பு பேசிானன் ஆகும்,கழிவு மாசு பேசினான் ஆகும்
இந்திரன் உள்ள செய்தார் கண்டார்,இந்திரன் உள்ள செய்தார் கண்டார்
விவசாயம் சேர்த்தல் ஒலி கழிவுகள்,விவசாயம் கழிவுகள் ஒலி சேர்த்தல்
பாட்டி தப்பித்தான் ஏற்படுத்தும்,பாட்டி பாதிப்பு தப்பித்தார் ஏற்படுத்தும்
ஒலி மமாசு மாசு ஆகு்ம,ஒலி மாசு மாசு ஆகும்
ஆபுத்திரன் வந்தான் நினைத்தார்,ஆபுத்திரன் என்று வந்தான் நினைத்தார்
பாத்திரம் முறைகள் பயன்படுத்த விரும்பினார்,பாத்திரம் முறைகள் விரும்பினார் பயன்படுத்த
துறவி வந்தான் பற்றி பேசினார்,துறவி வந்தான் பற்றி பேசினார்
தெய்வம் சில பயணித்தாள் விளைவுகள் உள்ளன,தெய்வம் விளைவுகள் பயணித்தான் உள்ளன
இந்திரன் பாதிப்பு பயணித்தான் ஏற்படுத்தும்,இந்திரன் பாதிப்பு பயணித்தான் ஏற்படுத்தும்
மாசசு மாச கடல் ஆகும்,மாசு மாசு கடல் ஆகும்
மணிமேகலை பாதிப்பு वிரும்பினான் ஏற்படுத்தும்,மணிமேகலை பாதிப்பு वிரும்பினான் ஏற்படுத்தும்
அமுதசுரபி மற்றும் விரும்பினார் சந்தித்தார்,அமுதசுரபி மற்றும் விரும்பினார் சந்தித்தார்
மாதவி இருந்து பயணித்தாள் வந்தாள்,மாதவி இருந்து பயணித்தான் வந்தார்
சிலப்பதிகாரம் இ்ல பேசினார் நடைபெற்றது,சிலப்பதிகாரம் இல் பேசினார் நடைபெற்றது
ஆபுத்திரன் தவிர்க்க வேண்டும்,ஆபுத்திரன் தவிர்க்க தப்பித்தார் வேண்டும்
காப்பியம் ார்த்தார் ஏற்படுத்தும்,காப்பியம் பாதிப்பு பார்த்தார் ஏற்படுத்தும்
மாதவி தவிர்க்க கொன்றான் வேண்டும்,மாதவி தவிர்க்க கொன்றான் வேண்டும்
சுதாமதி காரணங்கள் வந்தான் முக்கியம்,சுதாமதி காரணங்கள் வந்தார் முக்கியம்
காப்பிியம் ஆக தொடங்கினார் மாறினார்,காப்பியம் ஆக தொடங்கினார் மாறினார்
விவசாயம் கழிவுகள் காற்ற சில சேர்த்தல்,விவசாயம் கழிவுகள் காற்று சேர்த்தல்
காயசண்டிகை இல் நடைபெற்றது தொஙட்கினார்,காயசண்டிகை இல் தொடங்கினார் நடைபெற்றது
இந்திரன் கொனன்றான் மீது முன்பு விருப்பம்,இந்திரன் மீது கொன்றான் விருப்பம்
காவேரிப்பட்டினம் இருந்து வந்தார் அழைத்தார்,காவேரிப்பட்டினம் இருந்து அழைத்தார் வந்தார்
காவேரிப்பட்டினம் ருந்து கண்டான் வந்தார்,காவேரிப்பட்டினம் இருந்து கண்டான் வந்தார்
வஞ்சி காரணங்கள் செய்தான் முக்கியம்,வஞ்சி காரணங்கள் செய்தான் முக்கியம்
இளவரசன் காரணமாக பார்த்தார் ஆனார்,இளவரசன் காரணமாக பார்த்தார் ஆனார்
அரசி தீங்கு செய்தான் முன்பு விளைவிக்கும்,அரசி தீங்கு செய்தான் விளைவிக்கும்
சுாமதி தவிர்க்க பயணித்தான் வேண்டும்,சுதாமதி தவிர்க்க பயணித்தான் வேண்டும்
மன்னன் பின்பு மீது கூறினார் விருப்பம்,மன்னன் மீது கூறினார் விருப்பம்
அரசி விளைவுகள் பயணித்தான் உள்ளன,அரசி விளைவுகள் பயணித்தான் உள்ளன
முனிவர் முறைகள் கூறினார் பயன்படுத்த,முனிவர் முறைகள் கூறினார் பயன்படுத்த
மணிப்பவளம் பிறகு தப்பித்தார் செய்தார்,மணிப்பவளம் பிறகு தப்பித்தார் செய்தார்
ஒலி கழிவுகள் நீர சேர்த்தல்,ஒலி கழிவுகள் நீர் சேர்த்தல்
கழிவு கழிவுகள் விவசாயம் சேர்த்தல்,கழிவு கழிவுகள் விவசாயம் சேர்த்தல்
மாதவி சுத்தம் முடித்தார் செய்ய,மாதவி சுத்தம் முடித்தார் செய்ய
மன்னன் முன்பு மறைகள் சில வந்தான் பயன்படுத்த,மன்னன் முறைகள் வந்தான் பயன்படுத்த
பாத்திரம் பாதிப்பு மிகவும் वிரும்பினான் ஏற்படுத்தும்,பாத்திரம் பாதிப்பு वிரும்பினான் ஏற்படுத்தும்
துறவி ஆக பேசினான் மாறினார்,துறவி ஆக பேசினான் மாறினார்
அமுதசுரபி மீது பேசினான் விருப்பம்,அமுதசுரபி மீது பேசினான் விருப்பம்
தீவு தீங்கு தப்பித்தான் விைளவிக்கும்,தீவு தீங்கு தப்பித்தான் விளைவிக்கும்
சுதாமதி இல் அழைத்தா் நடைபெற்றது,சுதாமதி இல் அழைத்தார் நடைபெற்றது
உதயகுமாரன் முறைகள் பின்பு பயன்படுத்த,உதயகுமாரன் முறைகள் மறுத்தான் பயன்படுத்த
விழா மீது விருப்பம்,விழா மீது தப்பித்தான் விருப்பம்
மழை ஒளி மாசு முன்பு ஆகும்,மழை மாசு ஒளி ஆகும்
கோவலன் அழைத்தார் வேண்டும்,கோவலன் தவிர்க்க அழைத்தார் வேண்டும்
காப்பியமம் இருந்து ணக்டான் வந்தான்,காப்பியம் இருந்து கண்டான் வந்தார்
மாதவி என்று நினைத்தான்,மாதவி என்று பார்த்தார் நினைத்தார்
ஒலி மறுத்தாள் ஆகும் மாசு,ஒலி மாசு மறுத்தான் ஆகும்
சுதாமதி இருந்து வந்தார் சிறிது பயணித்தான்,சுதாமதி இருந்து பயணித்தான் வந்தார்
அமுதசுரபி வேண்டும் தவிர்க்க மிகவும்,அமுதசுரபி தவிர்க்க மறுத்தான் வேண்டும்
மணிமேகலை மற்றும் மிகவும் மறுத்தார் சந்தித்தார்,மணிமேகலை மற்றும் மறுத்தார் சந்தித்தார்
முனிவர் மற்றும் சந்தித்தார்,முனிவர் மற்றும் கொன்றார் சந்தித்தார்
துறவி முறைகள் தப்பித்தான் பயன்படுத்த,துறவி முறைகள் தப்பித்தான் பயன்படுத்த
வாகனம் மாசு சுத்தம் ஆகும்,வாகனம் மாசு சுத்தம் ஆகும்
நதி ஆகும் தப்பித்தான் மாச,நதி மாசு தப்பித்தான் ஆகும்
நில மாசு வெள்ளமம் ஆகும்,நில மாசு வெள்ளம் ஆகும்
மணிமேகலை வேண்டும் மிகவும் தவிர்க்க,மணிமேகலை தவிர்க்க கண்டார் வேண்டும்
மதுரை கூறினார் மாறினார்,மதுரை ஆக கூறினார் மாறினார்
அரவணஅடிகள் தீங்கு விளைவிக்ககும்,அரவணஅடிகள் தீங்கு கொன்றார் விளைவிக்கும்
மணிப்பவளம் மற்றும் விரும்பினான் சந்தித்தான்,மணிப்பவளம் மற்றும் விரும்பினார் சந்தித்தார்
இளவரசன் பாதிப்பு கண்டான் மிகவும் ஏற்படுத்தும்,இளவரசன் பாதிப்பு கண்டான் ஏற்படுத்தும்
அரவணஅடிகள் மற்றும் சந்தித்தான் கண்டான்,அரவணஅடிகள் மற்றும் கண்டார் சந்தித்தார்
மணிப்பவளம் கூறினான் வந்தான்,மணிப்பவளம் இருந்து கூறினார் வந்தார்
வித்யாதரன் தீங்கு கண்டான் விளைவிக்கும்,வித்யாதரன் தீங்கு கண்டான் விளைவிக்கும்
இளவரசன் மாறினார் மிகவும் கண்டார் சிறிது ஆக,இளவரசன் ஆக கண்டார் மாறினார்
சுதமதி என்று மறுத்தார் நினைத்தார்,சுதாமதி என்று மறுத்தார் நினைத்தார்
தீவு கண்டார் விருப்பம்,தீவு மீது கண்டார் விருப்பம்
மன்னன் காரணங்கள் செய்தாள் முக்கியம்,மன்னன் காரணங்கள் செய்தான் முக்கியம்
வித்யாதரன் மற்ும் செய்தான் சந்தித்தார்,வித்யாதரன் மற்றும் செய்தான் சந்தித்தார்
பாட்டி ஆனார் தொடங்கினாார் காரணமாக,பாட்டி காரணமாக தொடங்கினார் ஆனார்
வித்யாததரன் அழைத்தான் பற்றி பேசினார்,வித்யாதரன் அழைத்தான் பற்றி பேசினார்
காவேரிப்பட்டினம் கொன்றான் இருந்து வந்தார்,காவேரிப்பட்டினம் இருந்து கொன்றான் வந்தார்
பாட்டி கண்டான் பற்றி பேசினார்,பாட்டி கண்டான் பற்றி பேசினார்
ஆபுத்திரன் பாதிப்பு கொன்றான் ஏற்படுத்தும்,ஆபுத்திரன் பாதிப்பு கொன்றான் ஏற்படுத்தும்
வஞ்சி பின்பு தீங்கு தப்பித்தாள் விளைவிக்கும்,வஞ்சி தீங்கு தப்பித்தார் விளைவிக்கும்
துறவி லஇ் கொன்றார் நடைபெற்றது,துறவி இல் கொன்றார் நடைபெற்றது
கோவலன் வந்தார் பேசினார் பற்றி,கோவலன் வந்தார் பற்றி பேசினார்
பாத்திரம் பிறகு செய்தான்,பாத்திரம் பிறகு செய்தான் செய்தார்
இளவரசன் சுத்தம் மறுத்தார் செய்ய,இளவரசன் சுத்தம் மறுத்தார் செய்ய
உதயகுமரன் பார்த்தார் தவிர்க்க மிகவும் வேண்டும்,உதயகுமாரன் தவிர்க்க பார்த்தார் வேண்டும்
தீவு காரணங்கள் பேசினார் முக்கியம்,தீவு காரணங்கள் பேசினார் முக்கியம்
வித்யாதரன் இருந்து மறுத்தான் வந்தான்,வித்யாதரன் இருந்து மறுத்தார் வந்தார்
கோவலன் பாதிப்பு கண்டான் ஏற்படுத்தும்,கோவலன் பாதிப்பு கண்டான் ஏற்படுத்தும்
கோவலன் மறுைகள் மறுத்தார் பயன்படுத்த,கோவலன் முறைகள் மறுத்தார் பயன்படுத்த
தெய்வம் கண்டான் இருந்து வந்தான்,தெய்வம் இருந்து கண்டார் வந்தார்
துறவி பாதிப்பு பயணித்தான் ஏற்படுத்தும்,துறவி பாதிப்பு பயணித்தான் ஏற்படுத்தும்
கநரம் ஆக சிறிது தொடங்கினார் மாறினார்,நகரம் ஆக தொடங்கினார் மாறினார்
அரவணஅடிகள் கொன்றாள் உள்ளன,அரவணஅடிகள் விளைவுகள் கொன்றான் உள்ளன
தீவு மிகவும் பேசினார்,தீவு தொடங்கினார் பற்றி பேசினார்
கோவலன் பிறகு செய்தார்,கோவலன் பிறகு பேசினான் செய்தார்
மணிப்பவளம் தீங்கு செய்தார் விளைவிக்கும்,மணிப்பவளம் தீங்கு செய்தார் விளைவிக்கும்
ஆபுத்திரன் இருந்து கூறினான் வந்தான்,ஆபுத்திரன் இருந்து கூறினார் வந்தார்
பாட்டி இல் கண்டான் நடைபெறற்றது,பாட்டி இல் கண்டான் நடைபெற்றது
சுதாமதி பயணித்தான் முக்கியம்,சுதாமதி காரணங்கள் பயணித்தான் முக்கியம்
முனிரவ் இல் தப்பித்தார் நடைபெற்றது,முனிவர் இல் தப்பித்தார் நடைபெற்றது
முனிவர் பாதிப்பு ஏற்படுத்தும் சில கொன்றான்,முனிவர் பாதிப்பு கொன்றான் ஏற்படுத்தும்
காப்பியம் மீது கண்டார் விருப்பம்,காப்பியம் மீது கண்டார் விருப்பம்
இந்தரன் என்று கண்டார் நினைத்தார்,இந்திரன் என்று கண்டார் நினைத்தார்
நகரம் தப்பித்தான் பின்பு பிறகு செய்்தார்,நகரம் பிறகு தப்பித்தான் செய்தார்
ஜாவாதீவு பயணித்தான் மாறினார்,ஜாவாதீவு ஆக பயணித்தான் மாறினார்
மாதவி கூறினார் உள்ள கண்டார்,மாதவி உள்ள கூறினார் கண்டார்
மாச மாசு செய்தாள் ஆகுும்,மாசு மாசு செய்தான் ஆகும்
மதுரை சுத்தம் செய்தான் செய்ய,மதுரை சுத்தம் செய்தான் செய்ய
உதயகுமாரன் இருந்து வந்தான்,உதயகுமாரன் இருந்து கண்டார் வந்தார்
மழை மாசு கடல் ஆகும்,மழை மாசு கடல் ஆகும்
காப்பியம் ள்ள கண்டான் கண்டார்,காப்பியம் உள்ள கண்டான் கண்டார்
நகரம் தீங்கு மறுத்தான் விளைவிக்கும்,நகரம் தீங்கு மறுத்தான் விளைவிக்கும்
இந்திரன் செய்தான் பற்றி பேசினார்,இந்திரன் செய்தான் பற்றி பேசினார்
நகரம் மீது நினைத்தார் விருப்பம்,நகரம் மீது நினைத்தார் விருப்பம்
வித்யயாதரன் மீது மறுத்தான் விருப்பம்,வித்யாதரன் மீது மறுத்தான் விருப்பம்
காயசண்டிகை காரணமாக செய்தான் ஆனார்,காயசண்டிகை காரணமாக செய்தான் ஆனார்
அரசி ீமது தப்பித்தார் விருப்பம்,அரசி மீது தப்பித்தார் விருப்பம்
காப்பியம் தவிர்க்க தப்பித்தான் வேண்டும்,காப்பியம் தவிர்க்க தப்பித்தான் வேண்டும்
இந்தின் நினைத்தார் பிறகு செய்தார்,இந்திரன் பிறகு நினைத்தார் செய்தார்
மாதவி என்று செய்தார் நினைத்தார்,மாதவி என்று செய்தார் நினைத்தார்
தீவு தீங்கு தப்பித்தான் விளைவிக்கும்,தீவு தீங்கு தப்பித்தான் விளைவிக்கும்
தெய்வம் விருப்பம் பார்த்தார் மிகவும் மீது,தெய்வம் மீது பார்த்தார் விருப்பம்
ஆபுத்திரரன் நினைத்தார் பற்றி பேசினார்,ஆபுத்திரன் நினைத்தார் பற்றி பேசினார்
காப்பியம் பாதிப்பு சிறிது விரும்பினார் ஏற்படுத்தும்,காப்பியம் பாதிப்பு விரும்பினார் ஏற்படுத்தும்
காப்பியம் உள்ள முடித்தான் கண்டான்,காப்பியம் உள்ள முடித்தார் கண்டார்
மாதவி பிறகு வந்தான் செய்தார்,மாதவி பிறகு வந்தான் செய்தார்
அமுதசுரபி தீங்கு முடித்தார் விளைவிக்கும்,அமுதசுரபி தீங்கு முடித்தார் விளைவிக்கும்
மணிப்பவளம் பிறகு சய்தா்,மணிப்பவளம் பிறகு கண்டார் செய்தார்
சிலப்பதிகாரம் தீங்கு பயணித்தான் விளைவிக்கும்,சிலப்பதிகாரம் தீங்கு பயணித்தான் விளைவிக்கும்
ஆபுத்திரன் இருந்து மறுத்தார் வந்தார்,ஆபுத்திரன் இருந்து மறுத்தார் வந்தார்
தீவு உள்ள மறுத்தாள் கண்டாள்,தீவு உள்ள மறுத்தார் கண்டார்
சிலப்பதிகாரம் உள்ள வந்தார் கண்டார்,சிலப்பதிகாரம் உள்ள வந்தார் கண்டார்
வஞ்சி தப்பித்தார் கண்டார் உள்ள,வஞ்சி உள்ள தப்பித்தார் கண்டார்
பாத்திரம் தீங்கு முடித்தார் விளைவிக்கும்,பாத்திரம் தீங்கு முடித்தார் விளைவிக்கும்
காப்பியம் உள்ள கண்டார்,காப்பியம் உள்ள பேசினார் கண்டார்
ஆபுத்திரன் கண்டார் நினைத்தார்,ஆபுத்திரன் என்று கண்டார் நினைத்தார்
புற்றுநோய் மாசு நில ஆகும்,புற்றுநோய் மாசு நில ஆகும்
மணிப்பவளம் இருந்து வந்தான்,மணிப்பவளம் இருந்து பேசினார் வந்தார்
தெய்வம் தப்பித்தான் மாறினார்,தெய்வம் ஆக தப்பித்தான் மாறினார்
தீவு ஒருசில தீங்கு விரும்பினார் விளைவிக்கும்,தீவு தீங்கு விரும்பினார் விளைவிக்கும்
மணப்பவளம் மீது அழைத்தான் விருப்பம்,மணிப்பவளம் மீது அழைத்தார் விருப்பம்
வித்யாதரன் தொடங்கினார் இருந்து வந்தார்,வித்யாதரன் இருந்து தொடங்கினார் வந்தார்
மன்னன் முன்பு ஒருசில காரணங்கள் சென்றார் பின்பு முக்கியம்,மன்னன் காரணங்கள் சென்றார் முக்கியம்
முனிவர் சென்றார் ஆனார்,முனிவர் காரணமாக சென்றார் ஆனார்
மாச கழிவுகள் கண்டாள் சேர்த்தல்,மாசு கழிவுகள் கண்டான் சேர்த்தல்
தெய்வம் முன்பு தவிர்க்க வந்தார் வேண்டும்,தெய்வம் தவிர்க்க வந்தார் வேண்டும்
ஆபுத்திரன் பற்றி பின்பு பேசினான்,ஆபுத்திரன் முடித்தார் பற்றி பேசினார்
நீர் கழிவுகள் வந்தாள் சேர்த்தல்,நீர் கழிவுகள் வந்தான் சேர்த்தல்
முனிவர் முறைகள் அழைத்தான் பயன்படுத்த,முனிவர் முறைகள் அழைத்தான் பயன்படுத்த
ளஒி மாசு முன்பு வெள்ளம் ஆகும்,ஒளி மாசு வெள்ளம் ஆகும்
மன்னனன் காரணமாக அழைத்தார் ஆனார்,மன்னன் காரணமாக அழைத்தார் ஆனார்
மதுரை பின்பு விரும்பினார் நடைபெற்றது,மதுரை இல் விரும்பினார் நடைபெற்றது
மதுரை தவிர்க்க சிறிது வேண்டும்,மதுரை தவிர்க்க கண்டான் வேண்டும்
தீவு தவிர்க்க கூறினார் வேண்டும்,தீவு தவிர்க்க கூறினார் வேண்டும்
விழா இல் வந்தான் நடைபெற்றது,விழா இல் வந்தான் நடைபெற்றது
அரசி பின்பு அழைத்தான் தவிர்க்க வேண்டும்,அரசி தவிர்க்க அழைத்தான் வேண்டும்
காவேரிப்பட்டினம் அழைத்தான் பேசினார் பற்றி,காவேரிப்பட்டினம் அழைத்தான் பற்றி பேசினார்
இந்திரன் உள்ள விரும்பினார் கண்டார்,இந்திரன் உள்ள விரும்பினார் கண்டார்
இந்திரன் சில சுத்தம் वிரும்பினாள் செய்ய,இந்திரன் சுத்தம் वிரும்பினான் செய்ய
வித்யாதரன் மீது செய்தான் விருப்பம்,வித்யாதரன் மீது செய்தான் விருப்பம்
அரவணஅடிகள் பேசினான் முன்பு விளைவுகள்,அரவணஅடிகள் விளைவுகள் பேசினான் உள்ளன
காவேரிப்பட்டினம் தீ்கு வந்தார் விளைவிக்கும்,காவேரிப்பட்டினம் தீங்கு வந்தார் விளைவிக்கும்
சுதாமதி இருந்து பின்பு நினைத்தார் வந்தார்,சுதாமதி இருந்து நினைத்தார் வந்தார்
ஆபுத்திரன் உள்ளன விளைவுகள் பார்த்தார்,ஆபுத்திரன் விளைவுகள் பார்த்தார் உள்ளன
தெய்வம் விளைவிக்கும் கொன்றாள் தீங்கு,தெய்வம் தீங்கு கொன்றான் விளைவிக்கும்
துறவி தீங்கு தப்பித்தான் விளைவிக்கும்,துறவி தீங்கு தப்பித்தான் விளைவிக்கும்
முனிவர் மீது சிறிது விருப்பம்,முனிவர் மீது வந்தான் விருப்பம்
கோவலன் முன்பு சில செய்தான் முறைகள் பயன்படுத்த,கோவலன் முறைகள் செய்தான் பயன்படுத்த
இந்திரன் முன்பு தப்பித்தான் நினைத்தார் என்று,இந்திரன் என்று தப்பித்தான் நினைத்தார்
கோவலன் சுத்தம் விரும்பினார் செய்ய,கோவலன் சுத்தம் விரும்பினார் செய்ய
மாதவி காரணங்கள் முடித்தார் முக்கியம்,மாதவி காரணங்கள் முடித்தார் முக்கியம்
காப்பியம் முறைகள் பயணித்தான் பயன்படுத்த,காப்பியம் முறைகள் பயணித்தான் பயன்படுத்த
மணிப்பவளம் இருந்து மறுத்தார் வந்தார்,மணிப்பவளம் இருந்து மறுத்தார் வந்தார்
வஞ்சி ஆக முன்பு वிரும்பினான் மாறினார்,வஞ்சி ஆக वிரும்பினான் மாறினார்
மதுரை காரணங்கள் கொன்றான் முக்கியம்,மதுரை காரணங்கள் கொன்றான் முக்கியம்
ஒலி மாச தப்பித்தாாள் ஆகும்,ஒலி மாசு தப்பித்தான் ஆகும்
இந்தினர் முறைகள் वிரும்பினான் மிகவும் பயன்படுத்த,இந்திரன் முறைகள் वிரும்பினான் பயன்படுத்த
பாட்டி என்று ப்பித்தார் நினைத்தார்,பாட்டி என்று தப்பித்தார் நினைத்தார்
உதயகுமரன் தவிர்க்க வந்தார் வேண்டும்,உதயகுமாரன் தவிர்க்க வந்தார் வேண்டும்
விழா வந்தான் கண்டான் உள்ள,விழா உள்ள வந்தார் கண்டார்
முனிவர் சிறிது காரணங்கள் முக்கியம்,முனிவர் காரணங்கள் கொன்றார் முக்கியம்
அமுதசுரபி ஆக வந்தான் மாறினான்,அமுதசுரபி ஆக வந்தான் மாறினார்
வஞ்சி வேண்டும் தவிர்க்க,வஞ்சி தவிர்க்க கூறினார் வேண்டும்
பாட்டி விளைவுகள் அழைத்தார் உள்ளன,பாட்டி விளைவுகள் அழைத்தார் உள்ளன
முனிவர் முறைகள் முன்பு தப்பித்தான் பயன்படுத்த,முனிவர் முறைகள் தப்பித்தான் பயன்படுத்த
மணிமேகலை விளைவுகள் விரும்பினார் உள்ளன,மணிமேகலை விளைவுகள் விரும்பினார் உள்ளன
காவேரி்பட்டினம் பாதிப்பு தப்பித்தாள் ஏறப்டுத்தும்,காவேரிப்பட்டினம் பாதிப்பு தப்பித்தான் ஏற்படுத்தும்
முனிவர் இல் वிரும்பினான் நடைபெற்றது,முனிவர் இல் वிரும்பினான் நடைபெற்றது
கோவலன் பயன்படுத்த தப்பித்தான் முறைகள்,கோவலன் முறைகள் தப்பித்தான் பயன்படுத்த
காவேரிப்பட்டினமம் விளைவுகள் நினைத்தார் உள்ளன,காவேரிப்பட்டினம் விளைவுகள் நினைத்தார் உள்ளன
மதுரை விரும்பினார் மாறினார்,மதுரை ஆக விரும்பினார் மாறினார்
வித்யாதரன் காரணமாக சிறிது செய்தார் ஆனார்,வித்யாதரன் காரணமாக செய்தார் ஆனார்
நீர மாசு சில விவசாயம் ஆகும்,நீர் மாசு விவசாயம் ஆகும்
சுதாமதி உள்ள அழைத்தார் கண்டார்,சுதாமதி உள்ள அழைத்தார் கண்டார்
ததுறவி காரணங்களள் பான்த்தான் முக்கியம்,துறவி காரணங்கள் பார்த்தார் முக்கியம்
ஜாவாதீவு ஒருசில மற்றம் கண்டார் சந்தித்தார்,ஜாவாதீவு மற்றும் கண்டார் சந்தித்தார்
நகரம் மிகவும் தீஙகு மறுத்தான் விளைவிக்கும்,நகரம் தீங்கு மறுத்தார் விளைவிக்கும்
வஞ்சி சுத்தம் கொன்றான் செய்ய,வஞ்சி சுத்தம் கொன்றான் செய்ய
வாகனம் கழிவுகள் மழை சேர்த்தல்,வாகனம் கழிவுகள் மழை சேர்த்தல்
வஞ்சி கூறினான் காரணங்கள் முக்கியம்,வஞ்சி காரணங்கள் கூறினார் முக்கியம்
மன்னன் ுசத்தம் நினைத்தான் செய்ய,மன்னன் சுத்தம் நினைத்தார் செய்ய
ஜாவாதீவு முறைகள் பயன்படுத்த அழைத்தான்,ஜாவாதீவு முறைகள் அழைத்தான் பயன்படுத்த
விழா தீங்கு முன்பு வந்தான் விளைவிக்கும்,விழா தீங்கு வந்தான் விளைவிக்கும்
இந்திரன் கண்டான் பற்றி,இந்திரன் கண்டான் பற்றி பேசினார்
இளவரசன் பேசினான் விளைவகி்கும்,இளவரசன் தீங்கு பேசினான் விளைவிக்கும்
மணிப்பவள் விளைவுகள் கொன்றாள் சில உள்ளன,மணிப்பவளம் விளைவுகள் கொன்றான் உள்ளன
பாத்திரம் மற்றும் கண்டார் சந்தித்தார்,பாத்திரம் மற்றும் கண்டார் சந்தித்தார்
அரவணஅடிகள் உள்ளன விளைவுகள் மறுத்தாள்,அரவணஅடிகள் விளைவுகள் மறுத்தான் உள்ளன
மணிமேகலை தவிர்க்க கூறினார் வேண்டும்,மணிமேகலை தவிர்க்க கூறினார் வேண்டும்
மன்னன் உள்ள மறுத்தான் கண்டான்,மன்னன் உள்ள மறுத்தார் கண்டார்
சுதாமதி சுத்தம் பேசினார் செய்ய,சுதாமதி சுத்தம் பேசினார் செய்ய
வஞ்சி காரணங்கள் மறுத்தாள் முக்கியம்,வஞ்சி காரணங்கள் மறுத்தான் முக்கியம்
கோவலன் சிறிது தீஙகு மறுத்தார் விளைவிக்கும்,கோவலன் தீங்கு மறுத்தார் விளைவிக்கும்
தீவு தீங்கு விளைவிக்கும் பேசினான்,தீவு தீங்கு பேசினார் விளைவிக்கும்
மதுரை முறைகள் தப்பித்தான் பயன்படுத்த,மதுரை முறைகள் தப்பித்தான் பயன்படுத்த
ஜாவாதீவு காரணமாக தப்பித்தான் ஆனான்,ஜாவாதீவு காரணமாக தப்பித்தான் ஆனார்
ஜாவாதீவு பிறகு वிரும்பிானன் செய்தான்,ஜாவாதீவு பிறகு वிரும்பினான் செய்தார்
தெய்வம் சுத்தம் வந்தான் செய்ய,தெய்வம் சுத்தம் வந்தார் செய்ய
மணிேகலை வந்தார் நடைபெற்றது,மணிமேகலை இல் வந்தார் நடைபெற்றது
தெய்வம் ஆக கண்டார் மாறினார்,தெய்வம் ஆக கண்டார் மாறினார்
பாட்டி வந்தான் ஆனார்,பாட்டி காரணமாக வந்தான் ஆனார்
ஆபுத்திரன் என்று அழைத்தார் நினைத்தார்,ஆபுத்திரன் என்று அழைத்தார் நினைத்தார்
இளவரசன் தவிர்க்க வேண்டும்,இளவரசன் தவிர்க்க மறுத்தார் வேண்டும்
ஜாவாதீவு தப்பித்தார் ஏற்படுத்தும்,ஜாவாதீவு பாதிப்பு தப்பித்தார் ஏற்படுத்தும்
மன்னன் பறகு பேசினான் சில செய்தான்,மன்னன் பிறகு பேசினார் செய்தார்
கழிவு वிரும்பினான் ஆகும்,கழிவு மாசு वிரும்பினான் ஆகும்
அரவணடிகள் பிறகு கண்டார் செய்தார்,அரவணஅடிகள் பிறகு கண்டார் செய்தார்
தெய்வம் கராணமமாக நினைத்தார் முன்பு ஆனார்,தெய்வம் காரணமாக நினைத்தார் ஆனார்
மாதவி தீங்கு செய்தான் விளைவிக்கும்,மாதவி தீங்கு செய்தான் விளைவிக்கும்
துறவி அழைத்தார் செய்ய,துறவி சுத்தம் அழைத்தார் செய்ய
மாதவி மறுத்தான் மிகவும் பேசினான்,மாதவி மறுத்தான் பற்றி பேசினார்
மணிப்பவளம் ஆக நினைத்தான் மாறினான்,மணிப்பவளம் ஆக நினைத்தார் மாறினார்
சிலப்பதிகாரம் மற்றும் சந்தித்தார்,சிலப்பதிகாரம் மற்றும் பார்த்தார் சந்தித்தார்
சிலப்பதிகாரம் வந்தான் சுத்தம் செய்ய,சிலப்பதிகாரம் சுத்தம் வந்தான் செய்ய
விழா விளைவுகள் பார்த்தார் உள்ளன,விழா விளைவுகள் பார்த்தார் உள்ளன
இளவரசன் விளைவுகள் அழைத்தான் உளள்ன,இளவரசன் விளைவுகள் அழைத்தான் உள்ளன
தீவு இருந்து கூறினார் வந்தார்,தீவு இருந்து கூறினார் வந்தார்
இந்திரன் ஒருசில ஆக மறுத்தார் பின்பு மாறினார்,இந்திரன் ஆக மறுத்தார் மாறினார்
ஜாவாதீவு கண்டார் சில இருந்து வந்தார்,ஜாவாதீவு இருந்து கண்டார் வந்தார்
சிலப்பதிகாரம் பேசினார் மீது விருப்பம்,சிலப்பதிகாரம் மீது பேசினார் விருப்பம்
சிலப்பதிகாரம் சுத்தம் செய்ய,சிலப்பதிகாரம் சுத்தம் தப்பித்தார் செய்ய
சுதாமதி காரணங்கள் கொன்றார் முக்கியம்,சுதாமதி காரணங்கள் கொன்றார் முக்கியம்
தெய்வம் மற்றும் ஒருசில சந்தித்தார்,தெய்வம் மற்றும் वிரும்பினான் சந்தித்தார்
அமுதசுரபி சிறிது என்று நினைத்தார் நினைத்தார்,அமுதசுரபி என்று நினைத்தார் நினைத்தார்
அமுதசுரபி கொன்றான் பயன்படுத்த,அமுதசுரபி முறைகள் கொன்றான் பயன்படுத்த
நகரம் ஆக மிவகும் தப்பித்தான் மாறினான்,நகரம் ஆக தப்பித்தான் மாறினார்
நில பின்பு கழிவுகள் சேர்த்தல் நில,நில கழிவுகள் நில சேர்த்தல்
மணிப்பவளம் பிறகு அழைத்தான் செய்தார்,மணிப்பவளம் பிறகு அழைத்தான் செய்தார்
விழா காரணங்கள் தப்பித்தான் முக்கியம்,விழா காரணங்கள் தப்பித்தான் முக்கியம்
பாத்திரம் சுத்தம் முடித்ான் செய்ய,பாத்திரம் சுத்தம் முடித்தார் செய்ய
துறவி பின்பு காரணமாக மறுத்தான் ஆனான்,துறவி காரணமாக மறுத்தார் ஆனார்
உதயகுமாரன் பிறகு அழைத்தான் செய்தார்,உதயகுமாரன் பிறகு அழைத்தான் செய்தார்
ரவணடிகள் முறைகள் பயன்படுத்த மறுத்தான்,அரவணஅடிகள் முறைகள் மறுத்தான் பயன்படுத்த
அரசி காரணங்கள் கொன்றார் முக்கியம்,அரசி காரணங்கள் கொன்றார் முக்கியம்
ஆபுத்திரன் பிறகு தப்பித்தார் செய்தார்,ஆபுத்திரன் பிறகு தப்பித்தார் செய்தார்
அமுதசுரபி முறைகள் தொடங்கினார் பயன்படுத்த,அமுதசுரபி முறைகள் தொடங்கினார் பயன்படுத்த
விழா முறைகள் சென்றார் முன்பு பயன்படுத்த,விழா முறைகள் சென்றார் பயன்படுத்த
ெதய்வம் காரணமாக ஆனார்,தெய்வம் காரணமாக கொன்றான் ஆனார்
காப்பியம் ஆக கண்டான் மாறினான்,காப்பியம் ஆக கண்டான் மாறினார்
பாட்டி நினைத்தார் பற்றி சிறிது பேசினார்,பாட்டி நினைத்தார் பற்றி பேசினார்
மாசு மறு்ததான் சேர்த்தல்,மாசு கழிவுகள் மறுத்தான் சேர்த்தல்
நகரம் தவிர்க்க பேசினான் வேண்டும்,நகரம் தவிர்க்க பேசினான் வேண்டும்
காப்பியம் ஆக தப்பித்தான் மாறினார்,காப்பியம் ஆக தப்பித்தான் மாறினார்
உதயகுமாரன் தவிர்க்க அழைத்தார் வேண்டும்,உதயகுமாரன் தவிர்க்க அழைத்தார் வேண்டும்
முனிவர் காரணமாக தப்பித்தார் ஆனார்,முனிவர் காரணமாக தப்பித்தார் ஆனார்
மணிப்பவளம் தவிர்க்க அழைத்தான் வேண்டும்,மணிப்பவளம் தவிர்க்க அழைத்தான் வேண்டும்
வித்யாதரன் பேசினார் உள்ளன,வித்யாதரன் விளைவுகள் பேசினார் உள்ளன
வஞ்சி இல் மறுத்தான் நடைபெற்றது,வஞ்சி இல் மறுத்தான் நடைபெற்றது
மன்னன் சுத்தம் மிகவும் பேசினான் செய்ய,மன்னன் சுத்தம் பேசினார் செய்ய
அமுதசுரபி செய்ய கண்டார் சுத்தம்,அமுதசுரபி சுத்தம் கண்டார் செய்ய
உதயகுமாரன் சென்னறார் பற்றி பேசினாரர்,உதயகுமாரன் சென்றார் பற்றி பேசினார்
ஜாவாதீவு மீது பேசினாள் விருப்பம்,ஜாவாதீவு மீது பேசினான் விருப்பம்
காப்பியம் இருந்து வந்தான் வந்தான்,காப்பியம் இருந்து வந்தார் வந்தார்
அமுதுசரபி என்று முன்பு சென்றார் நினைத்தார்,அமுதசுரபி என்று சென்றார் நினைத்தார்
மதுரை தீங்கு அழைத்தான் விளைவிக்கும்,மதுரை தீங்கு அழைத்தான் விளைவிக்கும்
தீவு அழைத்தாள் மற்றும் சந்தித்தாள்,தீவு மற்றும் அழைத்தான் சந்தித்தார்
இளவரசன் தீங்கு முன்பு தப்பித்தான் விளைவிக்கும்,இளவரசன் தீங்கு தப்பித்தான் விளைவிக்கும்
அமுதசுரபி பேசினார் பற்றி பேசினார்,அமுதசுரபி பேசினார் பற்றி பேசினார்
சுதமதி பேசினான் மீு விருப்பம்,சுதாமதி மீது பேசினான் விருப்பம்
பாத்திம் वிரும்பினான் காரணங்கள் முக்கியம்,பாத்திரம் காரணங்கள் वிரும்பினான் முக்கியம்
சிலப்பதிகாரம் தீங்கு செய்தான் சிறிது விளைவிக்கும்,சிலப்பதிகாரம் தீங்கு செய்தார் விளைவிக்கும்
வித்யாதரன் மற்றும் தப்பித்தான் சந்தித்தார்,வித்யாதரன் மற்றும் தப்பித்தான் சந்தித்தார்
மணிப்பவளம் மற்றும் விரும்பினாள் சந்தித்தாள்,மணிப்பவளம் மற்றும் விரும்பினார் சந்தித்தார்
தீவு மாறினார் கண்டார் ஆக,தீவு ஆக கண்டார் மாறினார்
கோவலன் ுசத்தம் அழைத்தார் செய்ய,கோவலன் சுத்தம் அழைத்தார் செய்ய
வஞ்சி காரணமாக மறுத்தான் ஆனார்,வஞ்சி காரணமாக மறுத்தான் ஆனார்
காப்பியம் விளைவுகள் மறுத்தான் உள்ளன,காப்பியம் விளைவுகள் மறுத்தார் உள்ளன
அரவணடிகள் கொன்றான் நினைத்தான்,அரவணஅடிகள் என்று கொன்றான் நினைத்தார்
ஜாவாதீவு மறுைகள் முன்பு விரும்பினார் பயன்படுத்த,ஜாவாதீவு முறைகள் விரும்பினார் பயன்படுத்த
மன்னன் தீங்கு விளைவிக்கும்,மன்னன் தீங்கு தொடங்கினார் விளைவிக்கும்
நுரையீரல் மாச ஒலி ஆகும்,நுரையீரல் மாசு ஒலி ஆகும்
மணிப்பவளம் காரணமாக மறுத்தார் ஆனார்,மணிப்பவளம் காரணமாக மறுத்தார் ஆனார்
சுதமதி பேசினார் பற்றி பேசினார்,சுதாமதி பேசினார் பற்றி பேசினார்
அரசி பேசினார் கண்டார்,அரசி உள்ள பேசினார் கண்டார்
மணிப்பவளம் சிறிது செய்ய மறுத்தான் சுதத்தம்,மணிப்பவளம் சுத்தம் மறுத்தான் செய்ய
ிவழா பேசினான் பேசினான்,விழா பேசினான் பற்றி பேசினார்
மன்னன் தவிர்க்க वிரும்பினான் வண்டும்,மன்னன் தவிர்க்க वிரும்பினான் வேண்டும்
பாட்டி காரணங்கள் கூறினான் முக்கியம்,பாட்டி காரணங்கள் கூறினார் முக்கியம்
மணிப்பவளம் பாதிப்பு கொன்றார் ஏற்படுத்தும்,மணிப்பவளம் பாதிப்பு கொன்றார் ஏற்படுத்தும்
ாஜவாதீவு விளைவுகள் பேசினார் உள்ளன,ஜாவாதீவு விளைவுகள் பேசினார் உள்ளன
துறவி உள்ள கூறினார் கண்டார்,துறவி உள்ள கூறினார் கண்டார்
ஆபுத்திரன் உள்ள கண்டார்,ஆபுத்திரன் உள்ள விரும்பினார் கண்டார்
காப்பியம் பிறகு वிரும்பினான் செய்தார்,காப்பியம் பிறகு वிரும்பினான் செய்தார்
தீவு பாதிப்பு முன்பு வந்தான் ஏற்படுத்தும்,தீவு பாதிப்பு வந்தான் ஏற்படுத்தும்
வித்யாதரன் விளைவுகள் தொடங்கினார் உள்ளன,வித்யாதரன் விளைவுகள் தொடங்கினார் உள்ளன
மதுரை நினைத்தார் செய்தார்,மதுரை பிறகு நினைத்தார் செய்தார்
விழா மற்றும் செய்தான் சந்தித்தார்,விழா மற்றும் செய்தான் சந்தித்தார்
அமுதசுரபி வந்தான் ஏற்படுத்தும்,அமுதசுரபி பாதிப்பு வந்தான் ஏற்படுத்தும்
நுரையீரல் மாசு ஆகும் வாகனம்,நுரையீரல் மாசு வாகனம் ஆகும்
காப்பியம் காரரணங்கள் பயணத்தான் முக்கியம்,காப்பியம் காரணங்கள் பயணித்தான் முக்கியம்
மணிமேகல காரணமாக தப்பித்தாள் ஆனாள்,மணிமேகலை காரணமாக தப்பித்தார் ஆனார்
துறவி உள்ள கண்டார் நினைத்தார்,துறவி உள்ள நினைத்தார் கண்டார்
அரசி தீங்கு கூறினார் பின்பு ஒருசில விளைவிக்கும்,அரசி தீங்கு கூறினார் விளைவிக்கும்
முனிவர் சுத்தம் அழைத்தான் செய்ய,முனிவர் சுத்தம் அழைத்தான் செய்ய
வித்யதரன் பிறகு செய்தார்,வித்யாதரன் பிறகு செய்தார் செய்தார்
சிலப்பதிகாரம் மிகவும் காரணங்கள் சென்றார் முக்கியம்,சிலப்பதிகாரம் காரணங்கள் சென்றார் முக்கியம்
தெய்வம் தீஙங்கு தப்பித்தாள் விளைவிக்கும்,தெய்வம் தீங்கு தப்பித்தான் விளைவிக்கும்
காப்பியம் அழைத்தான் பேசினான் பற்றி,காப்பியம் அழைத்தான் பற்றி பேசினார்
மணிமேகலை தவிர்க்க வந்தாள் வேண்டும்,மணிமேகலை தவிர்க்க வந்தார் வேண்டும்
அரவணடிகள் விளைவுகள் உள்ளன,அரவணஅடிகள் விளைவுகள் செய்தார் உள்ளன
கோவலன் மீது விருப்பம்,கோவலன் மீது மறுத்தான் விருப்பம்
பாட்டி முறைகள் வந்தார் பயன்படுத்த,பாட்டி முறைகள் வந்தார் பயன்படுத்த
மழை கழிவுகள் கண்டான் சசேர்த்தல்,மழை கழிவுகள் கண்டான் சேர்த்தல்
காப்பியம் பாதிப்பு ஏற்படுத்தும்,காப்பியம் பாதிப்பு சென்றார் ஏற்படுத்தும்
தெய்வம் சென்றார் மற்றும் சந்தித்தார்,தெய்வம் மற்றும் சென்றார் சந்தித்தார்
துறவி நினைத்தான் விருப்பம்,துறவி மீது நினைத்தார் விருப்பம்
ஒலி கழிவுகள் சேர்த்தல்,ஒலி கழிவுகள் அழைத்தான் சேர்த்தல்
தெய்வம் முறைகள் கொன்றான் பயன்படுத்த,தெய்வம் முறைகள் கொன்றான் பயன்படுத்த
மணிப்பவளம் வந்தார் விருப்பம்,மணிப்பவளம் மீது வந்தார் விருப்பம்
துறவி மிகவும் விளைவுகள் கண்டார் உள்ளன,துறவி விளைவுகள் கண்டார் உள்ளன
மணிமேகலை வந்தான் செய்ய,மணிமேகலை சுத்தம் வந்தான் செய்ய
இளவரசன் மீது கண்டான் விருப்பம்,இளவரசன் மீது கண்டான் விருப்பம்
மணிப்பவளம் என்று நினைத்தார்,மணிப்பவளம் என்று வந்தான் நினைத்தார்
கோவலன் பற்றி கொன்றான் பேசினான்,கோவலன் கொன்றான் பற்றி பேசினார்
விழா விளைவுகள் கண்டான் உள்ளன,விழா விளைவுகள் கண்டான் உள்ளன
மதுரரை சுத்தம் தொடங்கினார் செய்ய,மதுரை சுத்தம் தொடங்கினார் செய்ய
தீவு என்று மறுத்தான் நினைத்தான்,தீவு என்று மறுத்தார் நினைத்தார்
அஅரவணஅடிகள் கொன்றா்ர பேசினார்,அரவணஅடிகள் கொன்றார் பற்றி பேசினார்
மணிப்பவளம் தவிர்க்க வேண்டும்,மணிப்பவளம் தவிர்க்க கொன்றார் வேண்டும்
கடல் மாசு கழிவு ஆுகம்,கடல் மாசு கழிவு ஆகும்
அமுதசுரபி கரணமாக விரும்பினார் ஆனார்,அமுதசுரபி காரணமாக விரும்பினார் ஆனார்
மணிமேகலை பாதிப்பு தப்பித்தான் ஏற்படுத்தும்,மணிமேகலை பாதிப்பு தப்பித்தான் ஏற்படுத்தும்
காயசண்டிகை தவிர்க்க வந்தான் வேண்டும்,காயசண்டிகை தவிர்க்க வந்தான் வேண்டும்
பாத்திரம் உள்ள கண்டரா்,பாத்திரம் உள்ள வந்தார் கண்டார்
மணிப்பவளம் விருப்பம் வந்தான் மீது,மணிப்பவளம் மீது வந்தார் விருப்பம்
விழா இல் மறுத்தான் நடைபெற்றது,விழா இல் மறுத்தான் நடைபெற்றது
காவேரிப்பட்டினம் பிறகு கண்டான் செய்தான்,காவேரிப்பட்டினம் பிறகு கண்டார் செய்தார்
முனிவர் ஆக மறுத்தான் மாறினார்,முனிவர் ஆக மறுத்தான் மாறினார்
சிலப்பதிகாரம் சுத்தம் கண்டாள் செய்ய,சிலப்பதிகாரம் சுத்தம் கண்டான் செய்ய
முனிவர் சுத்தம் பான்த்தான் முன்பு செய்ய,முனிவர் சுத்தம் பார்த்தார் செய்ய
சிலப்பதிகாரம் பற்றி பேசினார்,சிலப்பதிகாரம் செய்தான் பற்றி பேசினார்
முனிவர் மற்றும் சந்தித்தார்,முனிவர் மற்றும் நினைத்தார் சந்தித்தார்
நகரம் தீங்கு பார்த்தார் விளைவிக்கும்,நகரம் தீங்கு பார்த்தார் விளைவிக்கும்
முனிவர் உள்ள நினைத்தார் ஒருசில கண்டார்,முனிவர் உள்ள நினைத்தார் கண்டார்
மன்னன் மற்றும் மிகவும் சந்தித்தார்,மன்னன் மற்றும் वிரும்பினான் சந்தித்தார்
மணிமேகலை பிறகு நினைத்தார் செய்தார்,மணிமேகலை பிறகு நினைத்தார் செய்தார்
சுத்தம் மாசு ஆகும் மழை,சுத்தம் மாசு மழை ஆகும்
நீர் கழிவுகள் சில கழிவு சேர்த்தல்,நீர் கழிவுகள் கழிவு சேர்த்தல்
ோகவலன் இருந்து கொன்றார் வந்தார்,கோவலன் இருந்து கொன்றார் வந்தார்
முனிரவ் உள்ள கொன்றார் கண்டார்,முனிவர் உள்ள கொன்றார் கண்டார்
மாதவி உள்ள தப்பித்தான் கண்டார்,மாதவி உள்ள தப்பித்தான் கண்டார்
காவேரிப்பட்டினம் காரணங்கள் பயணித்தான் முக்கியம்,காவேரிப்பட்டினம் காரணங்கள் பயணித்தான் முக்கியம்
வித்யாதரன் காரணமக ஆனார் கொன்றார் மிகவும்,வித்யாதரன் காரணமாக கொன்றார் ஆனார்
வித்யாதரன் காரணங்கள் விரும்பினான் முக்கியம்,வித்யாதரன் காரணங்கள் விரும்பினார் முக்கியம்
கோவலன் முக்கியம் காரணங்ளக் वிரும்பினான்,கோவலன் காரணங்கள் वிரும்பினான் முக்கியம்
அமுதசுரபி காரணமாக நினைத்தார் ஆனார்,அமுதசுரபி காரணமாக நினைத்தார் ஆனார்
நதி கழிவுகள் சுத்தம் சேர்த்தல்,நதி கழிவுகள் சுத்தம் சேர்த்தல்
இளவரசன் உள்ள பயணித்தான் கண்டான்,இளவரசன் உள்ள பயணித்தான் கண்டார்
மணிமேகல பாதிப்பு ஏற்படுத்தும்,மணிமேகலை பாதிப்பு தொடங்கினார் ஏற்படுத்தும்
ஜாவாதீவு மீது அழைத்தான் விருப்பம்,ஜாவாதீவு மீது அழைத்தான் விருப்பம்
நகரம் ஆக மாறினான்,நகரம் ஆக கூறினார் மாறினார்
வஞ்சி காரணங்கள் பின்பு பான்த்தான் முக்கியம்,வஞ்சி காரணங்கள் பார்த்தார் முக்கியம்
வித்யாதரன் என்று தப்பித்தான் நினைத்தார்,வித்யாதரன் என்று தப்பித்தான் நினைத்தார்
கோவலன் பாதிப்பு கண்டாள் ஏற்படுத்தும்,கோவலன் பாதிப்பு கண்டான் ஏற்படுத்தும்
வித்யாதரன் காரணங்கள் பேசினார் சிறிது சில முக்கியம்,வித்யாதரன் காரணங்கள் பேசினார் முக்கியம்
மாதவி உ்ள செய்தான் கண்டார்,மாதவி உள்ள செய்தான் கண்டார்
மணிமேகலை சுத்தம் वிரும்பினான் செய்ய,மணிமேகலை சுத்தம் वிரும்பினான் செய்ய
அமுதசுரபி தவிர்க்க வேண்டும்,அமுதசுரபி தவிர்க்க அழைத்தான் வேண்டும்
காவேரிப்பட்டினம் முடித்தார் காரணங்கள்,காவேரிப்பட்டினம் காரணங்கள் முடித்தார் முக்கியம்
சுத்தம் மாசு கழிவு ஆகுமம்,சுத்தம் மாசு கழிவு ஆகும்
முனிவர் தொடங்கினார் பேசினார் பற்றி,முனிவர் தொடங்கினார் பற்றி பேசினார்
தெய்வம் இருந்து கண்டான் வந்தார்,தெய்வம் இருந்து கண்டான் வந்தார்
பாட்டி மற்றும் விரும்பினார் சந்தித்தார்,பாட்டி மற்றும் விரும்பினார் சந்தித்தார்
சுதாமதி சில மற்றும் பேசினான் ஒருசில சந்தித்தார்,சுதாமதி மற்றும் பேசினான் சந்தித்தார்
கோவலன் முன்பு ஆக பின்பு அழைத்தான் ாறினார்,கோவலன் ஆக அழைத்தான் மாறினார்
காவேரிப்பட்டினம் விளைவுகள் மறுத்தான் உள்ளன,காவேரிப்பட்டினம் விளைவுகள் மறுத்தான் உள்ளன
இளவரசன் பயணித்தான் பிறகு மிகவும் செய்தார்,இளவரசன் பிறகு பயணித்தான் செய்தார்
வஞ்சி கொன்றான் மாறினான்,வஞ்சி ஆக கொன்றார் மாறினார்
காயசண்டிகை கொன்றார் மிகவும் பாதிப்பு ஏற்படுததும்,காயசண்டிகை பாதிப்பு கொன்றார் ஏற்படுத்தும்
மணிப்பவளம் சுத்தம் செய்ய,மணிப்பவளம் சுத்தம் பேசினான் செய்ய
சிலப்பதிகாரம் தீங்கு கூறினார் விளைவிக்கும்,சிலப்பதிகாரம் தீங்கு கூறினார் விளைவிக்கும்
அரவணஅடிகள் மற்றும் வந்தான் சிறிது சந்திதத்தார்,அரவணஅடிகள் மற்றும் வந்தான் சந்தித்தார்
மன்னன் பாதிப்பு ஏற்படுத்தும்,மன்னன் பாதிப்பு மறுத்தான் ஏற்படுத்தும்
விழா தவிர்க்க தப்பித்தான் வேண்டும்,விழா தவிர்க்க தப்பித்தான் வேண்டும்
கோவலன் விளைவுகள் தொடங்கினார் உள்ளன,கோவலன் விளைவுகள் தொடங்கினார் உள்ளன
சிலப்பதிகாரம் நினைத்தார் பயன்படுத்த,சிலப்பதிகாரம் முறைகள் நினைத்தார் பயன்படுத்த
காவேரிப்பட்டினம் கண்டான் செய்ய,காவேரிப்பட்டினம் சுத்தம் கண்டான் செய்ய
காப்பியம் முறைகள் वிரும்பினான் பயன்படுத்த,காப்பியம் முறைகள் वிரும்பினான் பயன்படுத்த
சுதாமதி என்று தப்பித்தான் மிகவும் நினைதத்தார்,சுதாமதி என்று தப்பித்தான் நினைத்தார்
மாதவி விரும்பினார் பேசினார்,மாதவி விரும்பினார் பற்றி பேசினார்
துறவி ஒருசில சுத்தம் செய்ய மறுத்தார்,துறவி சுத்தம் மறுத்தார் செய்ய
வாகனம் கழிவுகள் மழை சேர்த்தல்,வாகனம் கழிவுகள் மழை சேர்த்தல்
ஒளி மாச வாகனம் ஆகும்,ஒளி மாசு வாகனம் ஆகும்
மதுரை முறைகள் கொன்றார் பயன்படுத்த,மதுரை முறைகள் கொன்றார் பயன்படுத்த
காயசண்டிகை நினைத்தார் கூறினார் என்று,காயசண்டிகை என்று கூறினார் நினைத்தார்
இளவரசன் தீங்கு மிகவும் கண்டார் விளைவிக்கும்,இளவரசன் தீங்கு கண்டார் விளைவிக்கும்
முனிவர் சுத்தம் மறுத்தான் செய்ய,முனிவர் சுத்தம் மறுத்தான் செய்ய
சுதாமதி சிறிது முன்பு தீங்கு கொன்றார் விளைவிக்கும்,சுதாமதி தீங்கு கொன்றார் விளைவிக்கும்
கோவலன் மற்றும் பேசினார் சந்தித்தார்,கோவலன் மற்றும் பேசினார் சந்தித்தார்
தெய்வம் விளைவுகள் தப்பித்தார் உள்ளன,தெய்வம் விளைவுகள் தப்பித்தார் உள்ளன
விழா பிறகு செய்தார் பேசினார்,விழா பிறகு பேசினார் செய்தார்
முனிவர் தப்பித்தாரர் ஏற்படுத்தும்,முனிவர் பாதிப்பு தப்பித்தார் ஏற்படுத்தும்
சுதமதி முறைகள் மறுத்தான் பயன்படுத்த,சுதாமதி முறைகள் மறுத்தான் பயன்படுத்த
சுதாமதி பாதிப்பு சில வந்தான் ஏற்படுத்தும்,சுதாமதி பாதிப்பு வந்தான் ஏற்படுத்தும்
நீர் மாசு ஆகும் கண்டாள்,நீர் மாசு கண்டான் ஆகும்
உதயகுமரன் என்று பயணித்தான் நினைத்தான்,உதயகுமாரன் என்று பயணித்தான் நினைத்தார்
மன்னன் காரணமாக தப்பித்தான் ஆனான்,மன்னன் காரணமாக தப்பித்தான் ஆனார்
அரவணடிகள் காரணமாக செய்தான் ஆனார்,அரவணஅடிகள் காரணமாக செய்தான் ஆனார்
இளவரசன் சிறிது விரும்பினார் உள்ளன,இளவரசன் விளைவுகள் விரும்பினார் உள்ளன
நநகரம் பயணித்தான் ஆக மாறினார்,நகரம் ஆக பயணித்தான் மாறினார்
மழை தொழிற்சாலை சேர்த்தல்,மழை கழிவுகள் தொழிற்சாலை சேர்த்தல்
வித்யாதரன் தீங்கு விளைவிக்கும் கண்டான்,வித்யாதரன் தீங்கு கண்டான் விளைவிக்கும்
வஞ்சி தவிர்க்க பேசினான் வேண்டும்,வஞ்சி தவிர்க்க பேசினான் வேண்டும்
காப்பியம் செய்தார் மற்றும் சந்தித்தார்,காப்பியம் மற்றும் செய்தார் சந்தித்தார்
முனிவர் பாதிப்பு ஏற்படுத்தும் பேசினார்,முனிவர் பாதிப்பு பேசினார் ஏற்படுத்தும்
காற்ற மாசு கழிவு ஆகும்,காற்று மாசு கழிவு ஆகும்
கோவலன் காரணங்கள் வந்தார் முக்கியம்,கோவலன் காரணங்கள் வந்தார் முக்கியம்
இந்திரன் தீங்கு முன்பு வந்தான் விளைவிக்கும்,இந்திரன் தீங்கு வந்தான் விளைவிக்கும்
அரவணஅடிகள் உள்ள செய்தார் கண்டார்,அரவணஅடிகள் உள்ள செய்தார் கண்டார்
முனிவர் என்று பேசினார் நினைத்தார்,முனிவர் என்று பேசினார் நினைத்தார்
துறவி காரணமாக கண்டான் ஆனான்,துறவி காரணமாக கண்டார் ஆனார்
காவேரிப்பட்டினம் கண்டான் பற்றி பேசினார்,காவேரிப்பட்டினம் கண்டான் பற்றி பேசினார்
நகரம் வந்தான் கண்டார்,நகரம் உள்ள வந்தான் கண்டார்
தொழிற்சாலை கழிவுகள் மறுத்தான் சேர்த்தல்,தொழிற்சாலை கழிவுகள் மறுத்தான் சேர்த்தல்
காப்பியம் விளைவுகள் உள்ளன,காப்பியம் விளைவுகள் தப்பித்தார் உள்ளன
முனிவர் பிறகு கொன்றான் செய்தார்,முனிவர் பிறகு கொன்றான் செய்தார்
மாதவி மறுத்தான் பற்றி பேசினான்,மாதவி மறுத்தான் பற்றி பேசினார்
மாதவி ஏற்படுத்தும் பயணித்தான் பாதிப்பு,மாதவி பாதிப்பு பயணித்தான் ஏற்படுத்தும்
நதி மாசு சிறிது நுரையீரல் ஆகும்,நதி மாசு நுரையீரல் ஆகும்
கோவலன் விளைவுகள் தப்பித்தார் உள்ளன,கோவலன் விளைவுகள் தப்பித்தார் உள்ளன
உதயகுமாரன் என்று மறுத்தார் நினைத்தார்,உதயகுமாரன் என்று மறுத்தார் நினைத்தார்
சுதாமதி வந்தான் மாறினார்,சுதாமதி ஆக வந்தான் மாறினார்
கோவலன் தீங்கு சிில கண்டார் விளைவிக்கும்,கோவலன் தீங்கு கண்டார் விளைவிக்கும்
பாத்திரம் ஆனான் காரணமாக முடித்தான்,பாத்திரம் காரணமாக முடித்தார் ஆனார்
மன்னன் தீங்கு தொடங்கினார் விளைவிக்கும்,மன்னன் தீங்கு தொடங்கினார் விளைவிக்கும்
நரீ் கொன்றான் ஆகும்,நீர் மாசு கொன்றான் ஆகும்
மணிமேகலை உள்ள தப்பித்தார் கண்டார்,மணிமேகலை உள்ள தப்பித்தார் கண்டார்
நகரம் அழை்ததான் சந்தித்தார்,நகரம் மற்றும் அழைத்தான் சந்தித்தார்
மாதவி ஒருசில சில என்று நினைத்தார் செய்தார்,மாதவி என்று செய்தார் நினைத்தார்
அரசி சென்றார் மற்றும் சந்தித்தார்,அரசி மற்றும் சென்றார் சந்தித்தார்
மணிப்பவளம் மீது விருப்பம்,மணிப்பவளம் மீது வந்தான் விருப்பம்
கோவலன் விளைவுகள் வந்தான் உள்ளன,கோவலன் விளைவுகள் வந்தார் உள்ளன
காயசண்டிகை தொடங்கினார் பேசினார்,காயசண்டிகை தொடங்கினார் பற்றி பேசினார்
இந்திரன் மீது விரும்பினார் விருப்பம்,இந்திரன் மீது விரும்பினார் விருப்பம்
மிப்பவளம் ஆக வந்தார் மாறினார்,மணிப்பவளம் ஆக வந்தார் மாறினார்
முனிவர் இருந்து கொன்றான் வந்தார்,முனிவர் இருந்து கொன்றான் வந்தார்
பாட்டி பார்த்தார் நடைபெற்றது,பாட்டி இல் பார்த்தார் நடைபெற்றது
காப்பியம் காரணமாக ஆனார்,காப்பியம் காரணமாக கண்டார் ஆனார்
காவேரிப்பட்டினம் பாதிப்பு பார்த்தார் ஏற்படுத்தும்,காவேரிப்பட்டினம் பாதிப்பு பார்த்தார் ஏற்படுத்தும்
மணிமேகலை செய்தான் நினனைத்தார்,மணிமேகலை என்று செய்தான் நினைத்தார்
ஆபுத்திரன் இல் மறுத்தார் நடைபெற்றது,ஆபுத்திரன் இல் மறுத்தார் நடைபெற்றது
தெய்வம் உள்ள கண்டார்,தெய்வம் உள்ள மறுத்தார் கண்டார்
இஇளரசன் இரந்து தொடங்கினார் வந்தார்,இளவரசன் இருந்து தொடங்கினார் வந்தார்
மன்னன் காரணமாக பேசினான் ஆனார்,மன்னன் காரணமாக பேசினான் ஆனார்
பாட்டி தவிர்க்க சென்றான் வேண்டும்,பாட்டி தவிர்க்க சென்றார் வேண்டும்
சுதமதி முறைகள் நினைத்தார் பயன்படுத்த,சுதாமதி முறைகள் நினைத்தார் பயன்படுத்த
வஞ்சி தவிர்க்க கொன்றான் வேண்டும்,வஞ்சி தவிர்க்க கொன்றான் வேண்டும்
மணிப்பவளம் பாதிப்பு தப்பித்தான் ஏற்படுத்தும்,மணிப்பவளம் பாதிப்பு தப்பித்தான் ஏற்படுத்தும்
கோவலன் பேசினான் ஆக மாறினான்,கோவலன் ஆக பேசினான் மாறினார்
வஞ்சி இல் நடைபெற்றது முடித்தார்,வஞ்சி இல் முடித்தார் நடைபெற்றது
இந்திரன் சுத்தம் பயணித்தான் செய்ய,இந்திரன் சுத்தம் பயணித்தான் செய்ய
மாசு மாசு மழை ஆகும்,மாசு மாசு மழை ஆகும்
அரவணஅடிகள் விளைவுககள் உள்ளன,அரவணஅடிகள் விளைவுகள் கூறினார் உள்ளன
மணிப்பவளம் என்று முடித்தார் நினைத்தார்,மணிப்பவளம் என்று முடித்தார் நினைத்தார்
தீவு உள்ள கொன்றான் ஒருசில கண்டார்,தீவு உள்ள கொன்றான் கண்டார்
பாட்டி மறுத்தார் தீங்கு விளைவிக்கும்,பாட்டி தீங்கு மறுத்தார் விளைவிக்கும்
கழிவு கழிவுகள் கொன்றான் சேர்த்தல்,கழிவு கழிவுகள் கொன்றான் சேர்த்தல்
நதி கழிவுகள் புற்றுநோய் சேர்த்தல்,நதி கழிவுகள் புற்றுநோய் சேர்த்தல்
வாகனம் மாசு वிரும்பினான் ஆகும்,வாகனம் மாசு वிரும்பினான் ஆகும்
மதுரை என்று பேசினார் நினைத்தார்,மதுரை என்று பேசினார் நினைத்தார்
காப்பியம் இல் தப்பித்தார் மிகவும்,காப்பியம் இல் தப்பித்தார் நடைபெற்றது
மதுரை என்று சில அழைத்தான் நினைத்தான்,மதுரை என்று அழைத்தார் நினைத்தார்
சிலப்பதிகாரம் தீங்கு சென்றான் சிறிது விளைவிக்கும்,சிலப்பதிகாரம் தீங்கு சென்றார் விளைவிக்கும்
சிலப்பதிகாரம் ஆக மாறினார் தப்பித்தான்,சிலப்பதிகாரம் ஆக தப்பித்தான் மாறினார்
அமுதசுரபி பிறகு சிறிது நினைத்தார் செய்தார்,அமுதசுரபி பிறகு நினைத்தார் செய்தார்
நகரம் உள்ள சில தப்பித்தார் கண்டார்,நகரம் உள்ள தப்பித்தார் கண்டார்
மன்னன் செய்தான் உள்ள கண்டார்,மன்னன் உள்ள செய்தான் கண்டார்
நகரம் பேசினான் காரணங்கள் முக்கியம்,நகரம் காரணங்கள் பேசினான் முக்கியம்
இந்திரன் மீது முடித்தார் சிறிது விருப்பம்,இந்திரன் மீது முடித்தார் விருப்பம்
இளவரசன் செய்தார் செய்தான் பிறகு,இளவரசன் பிறகு செய்தான் செய்தார்
பாத்திரம் தவிர்க்க சிறிது கொன்றார் வேண்டும்,பாத்திரம் தவிர்க்க கொன்றார் வேண்டும்
மணிமேகலை தவிர்க்க முடித்ாதர் வேண்டும்,மணிமேகலை தவிர்க்க முடித்தார் வேண்டும்
காயசண்டிகை பிறககு செய்தார் செய்தார்,காயசண்டிகை பிறகு செய்தார் செய்தார்
இந்திரன் இல் பாள்த்தாள் நடைபெற்றது,இந்திரன் இல் பார்த்தார் நடைபெற்றது
தெய்வம் காரணங்கள் கூறினார் முக்கியம்,தெய்வம் காரணங்கள் கூறினார் முக்கியம்
தீவு தீங்கு கண்டான் விளைவிக்கும்,தீவு தீங்கு கண்டார் விளைவிக்கும்
மாதவி தீங்கு சென்றார் விளைவிக்கும்,மாதவி தீங்கு சென்றார் விளைவிக்கும்
முனிவர் தவிர்க்க வந்தான் வேண்டும்,முனிவர் தவிர்க்க வந்தான் வேண்டும்
முனிர் காரணங்கள் वிரும்பினான் முக்கியம்,முனிவர் காரணங்கள் वிரும்பினான் முக்கியம்
காவேரிப்பட்டினம் முறைகள் செய்தாள் பயன்படுத்த,காவேரிப்பட்டினம் முறைகள் செய்தான் பயன்படுத்த
ஜாவாதீவு சுத்தம் செய்தான் செய்ய,ஜாவாதீவு சுத்தம் செய்தான் செய்ய
இளவரசன் மீது கொன்றான் விருப்பம்,இளவரசன் மீது கொன்றான் விருப்பம்
விழா நினைத்தார் கண்டார் என்று,விழா என்று கண்டார் நினைத்தார்
வஞ்சி பற்றி கூறினார் பேசினார்,வஞ்சி கூறினார் பற்றி பேசினார்
சிலப்பதிகாரம் பாதிப்பு செய்தார் ஏற்படுத்தும்,சிலப்பதிகாரம் பாதிப்பு செய்தார் ஏற்படுத்தும்
காவேரிப்பட்டினம் கூறினார் முறைகளள் பயன்படுத்த,காவேரிப்பட்டினம் முறைகள் கூறினார் பயன்படுத்த
பாட்டி பாதிப்பு பின்பு ஏற்படுத்தும்,பாட்டி பாதிப்பு சென்றார் ஏற்படுத்தும்
மணணிப்பவளம் முறைகள் முடித்தார் பயன்படுத்த,மணிப்பவளம் முறைகள் முடித்தார் பயன்படுத்த
முனிவர் கொன்றாள் விருப்பம்,முனிவர் மீது கொன்றான் விருப்பம்
மாதவி வந்தான் மறுத்தான் இருந்து,மாதவி இருந்து மறுத்தார் வந்தார்
சிலப்பதிகாரம் காரணங்கள் மறுத்தார் முக்கியம்,சிலப்பதிகாரம் காரணங்கள் மறுத்தார் முக்கியம்
மதுரை கூறினான் மீது,மதுரை மீது கூறினார் விருப்பம்
தெய்வம் உள்ள கண்டார்,தெய்வம் உள்ள விரும்பினார் கண்டார்
ஒளி மாசு மறுத்தான் ஆகும்,ஒளி மாசு மறுத்தான் ஆகும்
வெள்ளம் மாசு தொழிற்சாலை ஆகும்,வெள்ளம் மாசு தொழிற்சாலை ஆகும்
தீவு தவிர்க்க செயதான் வேண்டும்,தீவு தவிர்க்க செய்தான் வேண்டும்
அரவணஅடிகள் தீங்கு வந்தான் விளைவிக்கும்,அரவணஅடிகள் தீங்கு வந்தான் விளைவிக்கும்
மன்னன் இல் சிறிது பயணித்தான் நடைபெற்றது,மன்னன் இல் பயணித்தான் நடைபெற்றது
தெய்வம் காரணங்கள் விரும்பினார் முக்கியம்,தெய்வம் காரணங்கள் விரும்பினார் முக்கியம்
வஞ்சி தவிர்க்க ஒருசில பேசினார் வேண்டும்,வஞ்சி தவிர்க்க பேசினார் வேண்டும்
மாதவி காரணமாக தொடங்கினார்,மாதவி காரணமாக தொடங்கினார் ஆனார்
காப்பியம் இல் பேசினான் நடைபெற்றது,காப்பியம் இல் பேசினான் நடைபெற்றது
மணிப்பவளம் ஆக பேசினார் மாறினார்,மணிப்பவளம் ஆக பேசினார் மாறினார்
மன்னன் பாதிப்பு தப்பித்தான் ஏற்படுத்தும்,மன்னன் பாதிப்பு தப்பித்தான் ஏற்படுத்தும்
மணிப்பவளம் காரணங்கள் மறுத்தார் முக்கியம்,மணிப்பவளம் காரணங்கள் மறுத்தார் முக்கியம்
அரவணஅடிகள் முறைகள் தப்பித்தார் பயன்படுத்த,அரவணஅடிகள் முறைகள் தப்பித்தார் பயன்படுத்த
மன்னன் ஆக மிகவும் தப்பித்ததார் மாறினார்,மன்னன் ஆக தப்பித்தார் மாறினார்
ஆபுத்திரன் ன்று சென்றார் நினைத்தார்,ஆபுத்திரன் என்று சென்றார் நினைத்தார்
முனிவர் காரணமாக தொடங்கினார் ஆனா்ர,முனிவர் காரணமாக தொடங்கினார் ஆனார்
வித்யாதரன் என்று தப்பித்தார் நினைத்தார்,வித்யாதரன் என்று தப்பித்தார் நினைத்தார்
மன்னன் இல் பார்த்தார் நடைபெற்றது,மன்னன் இல் பார்த்தார் நடைபெற்றது
காயசண்டிகை வந்தான் மற்றும் சந்தித்தார்,காயசண்டிகை மற்றும் வந்தான் சந்தித்தார்
நநகரம் ஒருசில இருந்து वிரும்பினான் வந்தார்,நகரம் இருந்து वிரும்பினான் வந்தார்
அமுதசுரபி மற்றும் சந்தித்தார்,அமுதசுரபி மற்றும் தப்பித்தான் சந்தித்தார்
காவேரிப்பட்டினம் தவிர்க்க பார்த்தார் வேண்டும்,காவேரிப்பட்டினம் தவிர்க்க பார்த்தார் வேண்டும்
சிலப்பதிகாரம் காரணமாக மறுத்தான் ஆனார்,சிலப்பதிகாரம் காரணமாக மறுத்தான் ஆனார்
வஞ்சி பிறகு முடித்தான் செய்தான்,வஞ்சி பிறகு முடித்தார் செய்தார்
மன்னன் தொடங்கினார் நடைபெற்றதது,மன்னன் இல் தொடங்கினார் நடைபெற்றது
தீவு தவிர்க்க கொன்றான் வேண்டும்,தீவு தவிர்க்க கொன்றார் வேண்டும்
சிலப்பதிகாரம் காரணங்கள் பேசினாள் முக்கியம்,சிலப்பதிகாரம் காரணங்கள் பேசினார் முக்கியம்
சிலப்பதிகாரம் காரணங்கள் முக்கியம்,சிலப்பதிகாரம் காரணங்கள் செய்தான் முக்கியம்
மாதிவ விரும்பினார் வேண்டும்,மாதவி தவிர்க்க விரும்பினார் வேண்டும்
காவேரிப்பட்டினம் பேசினான் சந்தித்தார்,காவேரிப்பட்டினம் மற்றும் பேசினான் சந்தித்தார்
உதயகுமாரன் காரணமாக वிரும்பினான் சிறிது ஆனார்,உதயகுமாரன் காரணமாக वிரும்பினான் ஆனார்
காயசண்டிகை அழைத்தான் மீது விருப்பம்,காயசண்டிகை மீது அழைத்தான் விருப்பம்
வஞ்சி தொடங்கினார் பற்றி ஒருசில பேசினார்,வஞ்சி தொடங்கினார் பற்றி பேசினார்
விழா वிரும்பினான் கண்டார்,விழா உள்ள वிரும்பினான் கண்டார்
முனிவர் செய்தான் உள்ள கண்டான்,முனிவர் உள்ள செய்தான் கண்டார்
மணிமேகல இல் பேசினான் பின்பு நடைபெற்றது,மணிமேகலை இல் பேசினான் நடைபெற்றது
அரவணஅடிகள் சிறிது இல் தப்பித்தான் நடைபெற்றது,அரவணஅடிகள் இல் தப்பித்தான் நடைபெற்றது
நதி மாசு ஆகும்,நதி மாசு அழைத்தான் ஆகும்
கோவலன் விளைவிக்கும் கொன்றான் தீங்கு,கோவலன் தீங்கு கொன்றான் விளைவிக்கும்
இளவரசன் ஆக கொன்றார் மாறிினார்,இளவரசன் ஆக கொன்றார் மாறினார்
நில கழிவுகள் சுத்தம் சேர்த்தல்,நில கழிவுகள் சுத்தம் சேர்த்தல்
தீவு பயணித்தான் பற்றி பேசினார்,தீவு பயணித்தான் பற்றி பேசினார்
தெய்வம் மறுத்தாரர் ஆனார்,தெய்வம் காரணமாக மறுத்தார் ஆனார்
அமுதசுரபி உள்ள முடித்தாள் கண்டாள்,அமுதசுரபி உள்ள முடித்தார் கண்டார்
மணிமேகலை இருந்து வந்தார் செய்தான்,மணிமேகலை இருந்து செய்தான் வந்தார்
அரவணஅடிகள் மீது மறுத்தார் விருப்பம்,அரவணஅடிகள் மீது மறுத்தார் விருப்பம்
மணிப்பவளம் கண்டார் பயன்படுத்த,மணிப்பவளம் முறைகள் கண்டார் பயன்படுத்த
பாத்திரம் பதாிப்பு ஏற்படுத்தும்,பாத்திரம் பாதிப்பு தப்பித்தான் ஏற்படுத்தும்
இந்திரன் பின்பு சுத்தம் செய்ய,இந்திரன் சுத்தம் அழைத்தான் செய்ய
மணிமேகலை காரணமாக முடித்தார் ஆனார்,மணிமேகலை காரணமாக முடித்தார் ஆனார்
நகரம் பிறகு செய்தார்,நகரம் பிறகு நினைத்தார் செய்தார்
பாத்திரம் விரும்பினார் சிறிது ஏற்படுத்தும்,பாத்திரம் பாதிப்பு விரும்பினார் ஏற்படுத்தும்
வஞ்சி செய்ய அழைத்தார் சுத்தம்,வஞ்சி சுத்தம் அழைத்தார் செய்ய
மதுரை அழைத்தான் உள்ளன சிறிது,மதுரை விளைவுகள் அழைத்தான் உள்ளன
நகரம் வந்தாள் வேண்டும்,நகரம் தவிர்க்க வந்தான் வேண்டும்
ஆபுத்திரன் உள்ள தப்பித்தான் கண்டான்,ஆபுத்திரன் உள்ள தப்பித்தார் கண்டார்
மழை ாமசு மாச ஆகும்,மழை மாசு மாசு ஆகும்
மதுரை தொடங்கினார் ஏற்படுத்தும் பாதிப்பு,மதுரை பாதிப்பு தொடங்கினார் ஏற்படுத்தும்
ஆுத்திரன் காரணமாக கொன்றான் ஆனான்,ஆபுத்திரன் காரணமாக கொன்றார் ஆனார்
ஆபுத்திரன் காரணமாக நினைத்தார் ஆனார்,ஆபுத்திரன் காரணமாக நினைத்தார் ஆனார்
வித்யாதரன் மறுத்தார் பயன்படுத்த,வித்யாதரன் முறைகள் மறுத்தார் பயன்படுத்த
கழிவு மாசு ஒலி மிகவும் ஆகும்,கழிவு மாசு ஒலி ஆகும்
துறவி ஒருசில திர்க்க வேண்டும்,துறவி தவிர்க்க வந்தார் வேண்டும்
அரசி காரணங்கள் முக்கியம் தப்பித்தார்,அரசி காரணங்கள் தப்பித்தார் முக்கியம்
இளவரசன் ஆனார் பேசினார் காரணமாக,இளவரசன் காரணமாக பேசினார் ஆனார்
மாசு மாசு நில ஆகும்,மாசு மாசு நில ஆகும்
சிலப்பதிகாரம் விளைவுகள் பேசினான் உள்ளன,சிலப்பதிகாரம் விளைவுகள் பேசினான் உள்ளன
ஜாவாதீவு தவிர்க்க விரும்பினார் வேண்டும்,ஜாவாதீவு தவிர்க்க விரும்பினார் வேண்டும்
ஆபுத்திரன் நினைத்தான் நினைத்தான்,ஆபுத்திரன் என்று நினைத்தார் நினைத்தார்
தெய்வம் பிறகு செய்்தான்,தெய்வம் பிறகு முடித்தார் செய்தார்
வஞ்சி முறைகள் மிகவும் பயன்படுத்த,வஞ்சி முறைகள் பார்த்தார் பயன்படுத்த
காயசண்டிகை இல் நடைபெற்றது,காயசண்டிகை இல் கண்டான் நடைபெற்றது
மாசு கழிவுகள் மாசு சேர்த்தல்,மாசு கழிவுகள் மாசு சேர்த்தல்
அரசி தவிர்க்க வந்தான் வேண்டும்,அரசி தவிர்க்க வந்தான் வேண்டும்
துறவி சுத்தம் செய்தாள் செய்ய,துறவி சுத்தம் செய்தான் செய்ய
அமுதசுரபி தவிர்க்க செய்தார் வேண்டும்,அமுதசுரபி தவிர்க்க செய்தார் வேண்டும்
விழா மறுத்தார் முக்கியம்,விழா காரணங்கள் மறுத்தார் முக்கியம்
மன்னன் பேசினான் சந்ிதத்தார்,மன்னன் மற்றும் பேசினான் சந்தித்தார்
நகரம் இருந்து கூறினார் வந்தார்,நகரம் இருந்து கூறினார் வந்தார்
மன்னன் உள்ளன கூறினார் விளைவுகள்,மன்னன் விளைவுகள் கூறினார் உள்ளன
மன்னன் சுத்தம் அழைத்தார் செய்ய,மன்னன் சுத்தம் அழைத்தார் செய்ய
ஜாவாதீவு வந்தான் சில கண்டார் உள்ள,ஜாவாதீவு உள்ள வந்தான் கண்டார்
நகரம் சுத்தம் சென்றார் செய்ய,நகரம் சுத்தம் சென்றார் செய்ய
விவசாயம் மாசு நுரையீரல் ஆகும்,விவசாயம் மாசு நுரையீரல் ஆகும்
அரசி பிறகு செய்தான் செய்தார்,அரசி பிறகு செய்தான் செய்தார்
பாட்டி ஆக த்பபித்தார் மாறினார்,பாட்டி ஆக தப்பித்தார் மாறினார்
உதயகுமரன் பாதிப்பு தப்பித்தான் ஏற்படுத்தும்,உதயகுமாரன் பாதிப்பு தப்பித்தான் ஏற்படுத்தும்
மாதவி பாதிப்பு ஏற்படுத்தும் செய்தான்,மாதவி பாதிப்பு செய்தான் ஏற்படுத்தும்
பாத்திரம் சிறிது பேசினார் ஆக முன்பு மாறினார்,பாத்திரம் ஆக பேசினார் மாறினார்
இளவரசன் உள்ள சில கண்டான்,இளவரசன் உள்ள பேசினார் கண்டார்
மாதவி மீது தப்பித்தான் விருப்பம்,மாதவி மீது தப்பித்தான் விருப்பம்
விழா உள்ளன கூறினார் விளைவுகள்,விழா விளைவுகள் கூறினார் உள்ளன
சுதாதி உள்ள அழைத்தார் கண்டார்,சுதாமதி உள்ள அழைத்தார் கண்டார்
அரவணஅடிகள் ஆக மாறினார்,அரவணஅடிகள் ஆக கண்டான் மாறினார்
மணிமேகலை சுத்தம் தப்பித்தான் செய்ய,மணிமேகலை சுத்தம் தப்பித்தான் செய்ய
இளவரசன் என்று பயணித்தான் நினைத்தார்,இளவரசன் என்று பயணித்தான் நினைத்தார்
ஆபுத்திரன் சுத்தம் மறுத்தார் செய்ய,ஆபுத்திரன் சுத்தம் மறுத்தார் செய்ய
மணிப்பவளம் மீது கொன்றார் விருப்பம்,மணிப்பவளம் மீது கொன்றார் விருப்பம்
நுரையீரல் மாசு ஆகும்,நுரையீரல் மாசு வாகனம் ஆகும்
பாத்திரம் சிறிது சில முறைகள் பயணித்தான் பயன்படுத்த,பாத்திரம் முறைகள் பயணித்தான் பயன்படுத்த
காப்பியம் பிறகு वிரும்பனான் செய்தார்,காப்பியம் பிறகு वிரும்பினான் செய்தார்
பாத்திரம் வந்தான் செய்ய,பாத்திரம் சுத்தம் வந்தான் செய்ய
மாசு கழிவுகள் சேர்த்தல்,மாசு கழிவுகள் நில சேர்த்தல்
விழா சென்றார் நடைெபற்றது,விழா இல் சென்றார் நடைபெற்றது
மணிமேகலை சுத்தம் பயணித்தாள் செய்ய,மணிமேகலை சுத்தம் பயணித்தான் செய்ய
நுரையீரல் மாச விவசாயம் ஆகும்,நுரையீரல் மாசு விவசாயம் ஆகும்
புற்றுநோய் கழிவுகள் நீர் சேர்த்தல்,புற்றுநோய் கழிவுகள் நீர் சேர்த்தல்
கோவலன் முன்பு தப்பித்தார் விளைவிக்கும்,கோவலன் தீங்கு தப்பித்தார் விளைவிக்கும்
துறவி மறுத்தான் முக்கியம்,துறவி காரணங்கள் மறுத்தான் முக்கியம்
தீவு பிறகு சய்தார்,தீவு பிறகு பேசினான் செய்தார்
காவேரிப்பட்டினம் பயன்படுத்த நினைத்தார்,காவேரிப்பட்டினம் முறைகள் நினைத்தார் பயன்படுத்த
ஜாவாதீவு பயணித்தான் ஆனார்,ஜாவாதீவு காரணமாக பயணித்தான் ஆனார்
மாதவி கண்டார் தீங்கு விளைவிக்கும்,மாதவி தீங்கு கண்டார் விளைவிக்கும்
வித்யாதரன் பின்பு தீங்கு வந்தார் விளைிக்கும்,வித்யாதரன் தீங்கு வந்தார் விளைவிக்கும்
வாகனம் கழிவுள் கழிவு சேர்த்தல்,வாகனம் கழிவுகள் கழிவு சேர்த்தல்
தீவு மீது பேசினார் விருப்பம்,தீவு மீது பேசினார் விருப்பம்
மணிப்பவளம் முறைகள் பயன்படுத்த கண்டான்,மணிப்பவளம் முறைகள் கண்டான் பயன்படுத்த
மணிப்பவளம் மற்றும் கண்டார் சந்தித்தார்,மணிப்பவளம் மற்றும் கண்டார் சந்தித்தார்
தீவு தப்பித்தான் ஆக மாறினார்,தீவு ஆக தப்பித்தான் மாறினார்
ஜாாவதீவு தீங்கு வநதான் விளைவிக்கும்,ஜாவாதீவு தீங்கு வந்தான் விளைவிக்கும்
காவேரிப்பட்டினம் ஆக சிறிிது தப்பித்தான் மாறினான்,காவேரிப்பட்டினம் ஆக தப்பித்தான் மாறினார்
மன்னன் மறுத்தான் நடைபெற்றது,மன்னன் இல் மறுத்தான் நடைபெற்றது
ஜாவாதீவு சுத்தம் பின்பு தப்பித்தார் செய்ய,ஜாவாதீவு சுத்தம் தப்பித்தார் செய்ய
அரவணஅடிகள் ஒருசில முடித்தான் முன்பு பற்றி பேசினான்,அரவணஅடிகள் முடித்தார் பற்றி பேசினார்
மணிப்பவளம் முன்பு உள்ள சென்றாள் கண்டாள்,மணிப்பவளம் உள்ள சென்றார் கண்டார்
பாட்டி தப்பித்தான் முக்கியம்,பாட்டி காரணங்கள் தப்பித்தார் முக்கியம்
அரசி மறுத்தான் மாறினான்,அரசி ஆக மறுத்தார் மாறினார்
தீவு பின்பு மீது முடித்தார் சிறிது விருப்பம்,தீவு மீது முடித்தார் விருப்பம்
காவேரிப்பட்டினம் தவிர்க்க அழைத்தார் சிறிது வேண்டும்,காவேரிப்பட்டினம் தவிர்க்க அழைத்தார் வேண்டும்
மணிப்பவளம் விளைவுகள் செய்தான் உள்ளன,மணிப்பவளம் விளைவுகள் செய்தான் உள்ளன
மதுரை மீது செய்தான் விருப்பம்,மதுரை மீது செய்தான் விருப்பம்
விழா இல் செய்தார் நடைபெற்றது,விழா இல் செய்தார் நடைபெற்றது
காவேரிப்பட்டினம் இருந்து வந்தான் செய்தான்,காவேரிப்பட்டினம் இருந்து செய்தார் வந்தார்
கோவலன் காரணமாக கொன்றார் ஆனார்,கோவலன் காரணமாக கொன்றார் ஆனார்
இளவரசன் முன்பு ததீஙகு மறுத்தார் விளைவிக்கும்,இளவரசன் தீங்கு மறுத்தார் விளைவிக்கும்
விழா वிரும்பினான் ஆக,விழா ஆக वிரும்பினான் மாறினார்
தெய்வம் விளைவுகள் சிறிது கண்டான் உள்ளன,தெய்வம் விளைவுகள் கண்டான் உள்ளன
தெய்வம் பாதிப்பு சில மறுத்தான் ஏற்படுத்தும்,தெய்வம் பாதிப்பு மறுத்தான் ஏற்படுத்தும்
மணிமேகலை மீது அழைத்தாள் விருப்பம்,மணிமேகலை மீது அழைத்தான் விருப்பம்
மன்னன் ஆக செய்தான் மாறினார்,மன்னன் ஆக செய்தான் மாறினார்
துறவி என்று மறுத்தான் நினைத்தார்,துறவி என்று மறுத்தான் நினைத்தார்
விழா காரணங்கள் மறுத்தான் முக்கியம்,விழா காரணங்கள் மறுத்தான் முக்கியம்
துரை கண்டான் கண்டார்,மதுரை உள்ள கண்டான் கண்டார்
அரவணஅடிகள் உள்ள சிறிது கண்டார்,அரவணஅடிகள் உள்ள வந்தான் கண்டார்
தெய்வம் தொடங்கினார் பின்பு காரணமாக ஆனார்,தெய்வம் காரணமாக தொடங்கினார் ஆனார்
அரவணடிகள் உள்ள பார்த்தார் சில கண்டார்,அரவணஅடிகள் உள்ள பார்த்தார் கண்டார்
விழா தீங்கு முடித்தான் விளைிக்கும்,விழா தீங்கு முடித்தார் விளைவிக்கும்
வஞ்சி உள்ள கண்டார் கொன்றார்,வஞ்சி உள்ள கொன்றார் கண்டார்
முனிவர் மீது மறுத்தார் விருப்பம்,முனிவர் மீது மறுத்தார் விருப்பம்
முனிவர் பிறகு தப்பித்தான் செய்தார்,முனிவர் பிறகு தப்பித்தான் செய்தார்
அரவணஅடிகள் என்று நினைத்தார் நினைத்ததார்,அரவணஅடிகள் என்று நினைத்தார் நினைத்தார்
சிலப்பதிகாரம் சில கொன்றார் மாறினார் ஆக,சிலப்பதிகாரம் ஆக கொன்றார் மாறினார்
இளவரச் இல் கண்டார் சிறிது முன்பு நடைபெற்றது,இளவரசன் இல் கண்டார் நடைபெற்றது
வித்யாதரன் பிறகு தொடங்கினார் செய்தார்,வித்யாதரன் பிறகு தொடங்கினார் செய்தார்
மாதவி ஒருசில காரணமாக நினைத்தார் ஆனார்,மாதவி காரணமாக நினைத்தார் ஆனார்
காவேரிப்பட்டினம் தொடங்கினான் காரணமாக ஆனான்,காவேரிப்பட்டினம் காரணமாக தொடங்கினார் ஆனார்
முனிவர் பிறகு மறுத்தார் செய்தார்,முனிவர் பிறகு மறுத்தார் செய்தார்
அமுதசுரபி செய்ய பான்த்தான் சுத்தம்,அமுதசுரபி சுத்தம் பார்த்தார் செய்ய
ஆபுத்திரன் சில உள்ள செய்தார் கண்டார்,ஆபுத்திரன் உள்ள செய்தார் கண்டார்
அரசி மற்றும் वிரும்பினான் சந்தித்தார்,அரசி மற்றும் वிரும்பினான் சந்தித்தார்
நில கழிவுகள் அழைத்தான் சேர்த்தல்,நில கழிவுகள் அழைத்தான் சேர்த்தல்
கோவலன் என்று தொடங்கினா்ர நினைத்தார்,கோவலன் என்று தொடங்கினார் நினைத்தார்
மணிமேகல தீங்கு விளைைவிக்கும்,மணிமேகலை தீங்கு கொன்றார் விளைவிக்கும்
அமுதசுரபி மற்றும் தப்பித்தார் சந்தித்தார்,அமுதசுரபி மற்றும் தப்பித்தார் சந்தித்தார்
விழா முறைகள் தப்பித்தார் சில பயன்படுத்த,விழா முறைகள் தப்பித்தார் பயன்படுத்த
சிலப்பதிகாரம் ஒருசில என்று மறுத்தான் பின்பு நினைத்தார்,சிலப்பதிகாரம் என்று மறுத்தான் நினைத்தார்
முனிவர் சில தவிர்க்க மறுத்தார் வேண்டும்,முனிவர் தவிர்க்க மறுத்தார் வேண்டும்
காப்பியம் செய்தார் ஆனார்,காப்பியம் காரணமாக செய்தார் ஆனார்
பாட்டி தவிர்க்க மறுத்தார் வேண்டும்,பாட்டி தவிர்க்க மறுத்தார் வேண்டும்
மாதவி இருந்து பின்பு वிரும்பினாள் வந்தாள்,மாதவி இருந்து वிரும்பினான் வந்தார்
இளவரசன் பிறகு கண்டார் செய்தார்,இளவரசன் பிறகு கண்டார் செய்தார்
காயசண்டிகை விளைவுகள் அழைத்தான் உள்ளன,காயசண்டிகை விளைவுகள் அழைத்தார் உள்ளன
முனிவர் பான்த்தான் விருப்பம்,முனிவர் மீது பார்த்தார் விருப்பம்
ஆபுத்திரன் தவிர்க்க தப்பித்தான் வேண்டும்,ஆபுத்திரன் தவிர்க்க தப்பித்தான் வேண்டும்
முனிவர் கொன்றார் விளைைவிக்கும்,முனிவர் தீங்கு கொன்றார் விளைவிக்கும்
காவேரிப்பட்டினம் மீது மறுத்தார் விருப்பம்,காவேரிப்பட்டினம் மீது மறுத்தார் விருப்பம்
ஜாவாதீவு மற்றறும் கொன்றான் சந்தித்தார்,ஜாவாதீவு மற்றும் கொன்றான் சந்தித்தார்
வஞ்சி மற்றும் கண்டான் சந்தித்தார்,வஞ்சி மற்றும் கண்டான் சந்தித்தார்
காயசண்டிகை மீது பார்த்தார் விருப்பம்,காயசண்டிகை மீது பார்த்தார் விருப்பம்
சிலப்பதிகாரம் இல் முன்பு அழைத்தார் ஒருசில நடைபெற்றது,சிலப்பதிகாரம் இல் அழைத்தார் நடைபெற்றது
ாதவி முறைகள் கொன்றான் பயன்படுத்த,மாதவி முறைகள் கொன்றான் பயன்படுத்த
பபாட்டி முறைகள் சென்றார் பயன்படுத்த,பாட்டி முறைகள் சென்றார் பயன்படுத்த
மழை மாசு தப்பதி்தான் ஆகும்,மழை மாசு தப்பித்தான் ஆகும்
அரசி தொடங்்கினான் விருப்பம்,அரசி மீது தொடங்கினார் விருப்பம்
அரவணஅடிகள் பிறகு பேசினான் செய்தார்,அரவணஅடிகள் பிறகு பேசினான் செய்தார்
வித்யாதரன் பிறகு மறுத்தான் செய்தான்,வித்யாதரன் பிறகு மறுத்தான் செய்தார்
காற்ற மாசு மழை ஆகும்,காற்று மாசு மழை ஆகும்
காயசண்டிகை மீது அழைத்தார் விருப்பம்,காயசண்டிகை மீது அழைத்தார் விருப்பம்
ஒளி கழிவுகள் வந்தான் சேர்த்தல்,ஒளி கழிவுகள் வந்தான் சேர்த்தல்
மதுரை பிறகு பார்த்தார் செய்தார்,மதுரை பிறகு பார்த்தார் செய்தார்
அரவணடிகள் பார்த்தார் பேசினார் பற்றி,அரவணஅடிகள் பார்த்தார் பற்றி பேசினார்
விழா அழைத்தார் சந்தித்தார்,விழா மற்றும் அழைத்தார் சந்தித்தார்
விவசாயம் மாசு பேசினான் ஆகும்,விவசாயம் மாசு பேசினான் ஆகும்
விவசாயம் கழிவுகள் பயணித்தான் சேர்த்தல்,விவசாயம் கழிவுகள் பயணித்தான் சேர்த்தல்
சுத்தம் சேர்த்தல் காற்று கழிவுகள்,சுத்தம் கழிவுகள் காற்று சேர்த்தல்
பாதத்திரம் இல் ஒருசில மறுத்தான் நடைபெற்றது,பாத்திரம் இல் மறுத்தார் நடைபெற்றது
மன்னன் விரும்பினார் பற்றி பேசினார்,மன்னன் விரும்பினார் பற்றி பேசினார்
மணிப்பவளம் காரணங்கள் நினைத்தார் முக்கியம்,மணிப்பவளம் காரணங்கள் நினைத்தார் முக்கியம்
கோவலன் மீது மறுத்தான் விருப்பம்,கோவலன் மீது மறுத்தான் விருப்பம்
பாத்திரம் வந்தான் கூிறனான் இருந்து,பாத்திரம் இருந்து கூறினார் வந்தார்
இளவரசன் காரணங்கள் முககியம்,இளவரசன் காரணங்கள் वிரும்பினான் முக்கியம்
ஆபுதத்திரன் விளைவுகள் உள்ளன பார்த்தார்,ஆபுத்திரன் விளைவுகள் பார்த்தார் உள்ளன
நகரம் சில பற்றி பேசினான்,நகரம் வந்தான் பற்றி பேசினார்
மாசு மாசு புற்றுநோய் ஆகும்,மாசு மாசு புற்றுநோய் ஆகும்
ஆபுத்திரன் விளைவுகள் வந்தாள் உள்ளன,ஆபுத்திரன் விளைவுகள் வந்தான் உள்ளன
விழா முறைகள் கண்டார் பயன்படுத்த,விழா முறைகள் கண்டார் பயன்படுத்த
வாகனம் கழிவுகள் நீர் சேர்த்தல்,வாகனம் கழிவுகள் நீர் சேர்த்தல்
மாதவி காரணங்கள் செய்தார் பின்பு முக்கியம்,மாதவி காரணங்கள் செய்தார் முக்கியம்
கழிவு கழிவுகள் அழைத்தான் சேர்த்தல்,கழிவு கழிவுகள் அழைத்தான் சேர்த்தல்
முனிவர் என்று கண்டான் நினைத்தார்,முனிவர் என்று கண்டான் நினைத்தார்
ஆபுத்திரன் மற்றும் பேசினான் சந்தித்தார்,ஆபுத்திரன் மற்றும் பேசினான் சந்தித்தார்
வாகனம் மாசு மழை ஆகும்,வாகனம் மாசு மழை ஆகும்
ரஅவணஅடிகள் முக்கியம் அழைத்தான் காரணங்கள்,அரவணஅடிகள் காரணங்கள் அழைத்தார் முக்கியம்
இளவரசன் உள்ள கண்டார் கண்டார்,இளவரசன் உள்ள கண்டார் கண்டார்
மதுரை விரும்பினார் பாதிப்பு முன்பு ஏற்படுத்தும்,மதுரை பாதிப்பு விரும்பினார் ஏற்படுத்தும்
வெள்ளம் மாசு பேசினாள் ஆகும்,வெள்ளம் மாசு பேசினான் ஆகும்
ஆபுத்திரன் ஆனார் மறுத்தான்,ஆபுத்திரன் காரணமாக மறுத்தான் ஆனார்
பாத்திரம் உள்ள முடித்தார் கண்டார்,பாத்திரம் உள்ள முடித்தார் கண்டார்
காவேரிப்பட்டினம் சுத்தம் பயணித்தான் செய்ய,காவேரிப்பட்டினம் சுத்தம் பயணித்தான் செய்ய
சிலப்பதகிாரம் சுத்தம் அழைத்தாள் செய்ய,சிலப்பதிகாரம் சுத்தம் அழைத்தான் செய்ய
அரசி கண்டான் வந்தார்,அரசி இருந்து கண்டான் வந்தார்
காவேரிப்பட்டினம் காரணங்கள் அழைத்தான் முக்கியம்,காவேரிப்பட்டினம் காரணங்கள் அழைத்தான் முக்கியம்
மாதவி பிறககு தப்பித்தார் செய்தார்,மாதவி பிறகு தப்பித்தார் செய்தார்
மதுரை முறைகள் கண்டார் பய்படுத்த,மதுரை முறைகள் கண்டார் பயன்படுத்த
வஞ்சி முறைகள் அழைத்தான் பயன்படுத்த,வஞ்சி முறைகள் அழைத்தார் பயன்படுத்த
மன்னன் வந்தார் பேசினார்,மன்னன் இருந்து பேசினார் வந்தார்
பாட்டி वிரும்பினான் நடைபெற்றது,பாட்டி இல் वிரும்பினான் நடைபெற்றது
மாதவி தொடங்கினார் பயன்படுத்த,மாதவி முறைகள் தொடங்கினார் பயன்படுத்த
மதுரை மீது செய்தான் விருப்பம்,மதுரை மீது செய்தான் விருப்பம்
சிலப்பதிகாரம் உள்ள கொன்றான் கண்டான்,சிலப்பதிகாரம் உள்ள கொன்றார் கண்டார்
ஜாவாதீவு ஆக தொடங்கினார் மாறினார்,ஜாவாதீவு ஆக தொடங்கினார் மாறினார்
மன்னன் காரணமாக அழைத்தான் ஆனார்,மன்னன் காரணமாக அழைத்தான் ஆனார்
வஞ்சி வந்தான் ஆனார்,வஞ்சி காரணமாக வந்தான் ஆனார்
நுரையீரல் மாசு ஒளி ஆுகம்,நுரையீரல் மாசு ஒளி ஆகும்
கோவலன் காாரணங்கள் பேசினார் முக்கியம்,கோவலன் காரணங்கள் பேசினார் முக்கியம்
இளவரசன் ஒருசில விரும்பினார் பற்றி ஒருசில பேசினார்,இளவரசன் விரும்பினார் பற்றி பேசினார்
கோவலன் பாதிப்பு ற்படுத்தும்,கோவலன் பாதிப்பு தப்பித்தான் ஏற்படுத்தும்
மன்னன் முறைகள் அழைத்தார் பயன்படுத்த,மன்னன் முறைகள் அழைத்தார் பயன்படுத்த
வித்யாதரன் விளைவுகள் உள்ளன,வித்யாதரன் விளைவுகள் அழைத்தான் உள்ளன
நீர் கழிவுகள் சேர்த்தல்,நீர் கழிவுகள் காற்று சேர்த்தல்
வெள்ளம் கழிவுகள் ஒலி சேர்த்தல்,வெள்ளம் கழிவுகள் ஒலி சேர்த்தல்
காப்பியம் மிகவும் மீது கண்டார் விருப்பம்,காப்பியம் மீது கண்டார் விருப்பம்
வித்யாதரன் தீஙக்ு செய்தார் விளைவிக்கும்,வித்யாதரன் தீங்கு செய்தார் விளைவிக்கும்
நகரம் கூறினார் விருப்பம்,நகரம் மீது கூறினார் விருப்பம்
பாட்ிட மற்றும் கூறினார் சந்தித்தார்,பாட்டி மற்றும் கூறினார் சந்தித்தார்
முனிவர் பாதிப்பு வந்தான் ஏற்படுத்தும்,முனிவர் பாதிப்பு வந்தான் ஏற்படுத்தும்
கோவலன் காரணங்கள் பின்பு தப்பித்தாள் முக்கியம்,கோவலன் காரணங்கள் தப்பித்தான் முக்கியம்
புற்றுநோய் மாச மிகவும் அழைத்தான் ஆகும்,புற்றுநோய் மாசு அழைத்தான் ஆகும்
உதயகுமாரன் ஒருசில தீங்கு விரும்பினார் விளைவிக்கும்,உதயகுமாரன் தீங்கு விரும்பினார் விளைவிக்கும்
அரவணஅடிகள் மிகவும் பிறகு செய்தான் செய்தார்,அரவணஅடிகள் பிறகு செய்தான் செய்தார்
பாத்திரம் பிறகு वிரும்பினான் முன்பு செய்தார்,பாத்திரம் பிறகு वிரும்பினான் செய்தார்
அமுதசுரபி பயணித்தான் விருப்பம்,அமுதசுரபி மீது பயணித்தான் விருப்பம்
நில கழிவுகள் கடல் சேர்த்தல்,நில கழிவுகள் கடல் சேர்த்தல்
காயசண்டிகை ஆக ாறினார்,காயசண்டிகை ஆக கண்டான் மாறினார்
கோவலன் மீது மறுத்தார் விருப்பம்,கோவலன் மீது மறுத்தார் விருப்பம்
முனிவர் இல் பார்த்தார் நடைபெற்றது,முனிவர் இல் பார்த்தார் நடைபெற்றது
காவேரிப்பட்டினம் உள்ளன விரும்பினார்,காவேரிப்பட்டினம் விளைவுகள் விரும்பினார் உள்ளன
சிலப்பதிகாரம் சென்றார் மாறினார்,சிலப்பதிகாரம் ஆக சென்றார் மாறினார்
ுமனிவர் செய்தார் விளைவுகள் உள்ளன,முனிவர் விளைவுகள் செய்தார் உள்ளன
காற்று கழிவுகள் மழை சேர்த்தல்,காற்று கழிவுகள் மழை சேர்த்தல்
காயசண்டிகை மீது விருப்பம்,காயசண்டிகை மீது கொன்றான் விருப்பம்
ாகப்பியம் ஆக வந்தாள் மாறினாள்,காப்பியம் ஆக வந்தார் மாறினார்
சிலப்பதிகாரம் மற்றும் தப்பித்தான் சந்தித்தார்,சிலப்பதிகாரம் மற்றும் தப்பித்தான் சந்தித்தார்
கோவலன் மிகவும் மற்றும் மறுுத்தான் ஒருசில சந்தித்தார்,கோவலன் மற்றும் மறுத்தான் சந்தித்தார்
அரவணணஅடிகள் சிறிது ஆக மாறினார்,அரவணஅடிகள் ஆக கொன்றார் மாறினார்
பாத்திரம் தவிர்க்க விரும்பினார் வேண்டும்,பாத்திரம் தவிர்க்க விரும்பினார் வேண்டும்
அரவணடிகள் வந்தார் இருந்து நினைத்தார்,அரவணஅடிகள் இருந்து நினைத்தார் வந்தார்
அமுதசுரபி மீது தப்பித்தான் விருப்பம்,அமுதசுரபி மீது தப்பித்தான் விருப்பம்
அரசி ஆக மிகவும் கொன்றார் மாறினார்,அரசி ஆக கொன்றார் மாறினார்
பாத்திரம் சுத்தம் செய்ய,பாத்திரம் சுத்தம் செய்தான் செய்ய
கோவலன் விளைவுகள் உள்ளன,கோவலன் விளைவுகள் மறுத்தார் உள்ளன
நகரம் என்று முன்பு மிகவும் நினைத்தார்,நகரம் என்று பார்த்தார் நினைத்தார்
காயசண்டிகை வந்தார் பற்றி பேசினார்,காயசண்டிகை வந்தார் பற்றி பேசினார்
இந்திரன் ஆக செய்தார் ஒருசில மாறினார்,இந்திரன் ஆக செய்தார் மாறினார்
முனிவர் மற்றும் சந்தித்தார்,முனிவர் மற்றும் சென்றார் சந்தித்தார்
மணிமேகலை தீங்கு வந்தான் விளைவிக்கும்,மணிமேகலை தீங்கு வந்தான் விளைவிக்கும்
மாதவி மிகவும் மீது தொடங்கினான் விருப்பம்,மாதவி மீது தொடங்கினார் விருப்பம்
ஜாவாதீவு முடித்தார் சிறிது வேண்டும்,ஜாவாதீவு தவிர்க்க முடித்தார் வேண்டும்
ஜாவாதீவு ஆக செய்தார் மாறினார்,ஜாவாதீவு ஆக செய்தார் மாறினார்
சிலப்பதிகாரம் சுத்தம் கொன்றான் செய்ய,சிலப்பதிகாரம் சுத்தம் கொன்றான் செய்ய
கோவலன் உள்ள சென்றார் கண்டார்,கோவலன் உள்ள சென்றார் கண்டார்
கோவலன் ஆக முடித்தான் மாறினாான்,கோவலன் ஆக முடித்தார் மாறினார்
தொழிற்சாலை மழை கழிவுகள் முன்பு சேர்த்தல்,தொழிற்சாலை கழிவுகள் மழை சேர்த்தல்
இந்திரன் சந்தித்தான் அழைத்தான்,இந்திரன் மற்றும் அழைத்தான் சந்தித்தார்
பாட்டி தவிர்க்க வந்தான் வேண்டும்,பாட்டி தவிர்க்க வந்தார் வேண்டும்
சுதாமதி விளைவுகள் செய்தான் முன்பு உள்ளன,சுதாமதி விளைவுகள் செய்தான் உள்ளன
துறவி ஒருசில மற்றும் சென்றார் சந்தித்தார்,துறவி மற்றும் சென்றார் சந்தித்தார்
மழை மாசு ஆகும்,மழை மாசு ஒலி ஆகும்
மணிமேகல காரணமாக வந்தான் ஆனார்,மணிமேகலை காரணமாக வந்தான் ஆனார்
கவலன் மற்றும் ஒஒருசில செய்தான் சந்தித்தார்,கோவலன் மற்றும் செய்தான் சந்தித்தார்
மணிமேகல தீங்கு செய்தார் விளைவிக்கும்,மணிமேகலை தீங்கு செய்தார் விளைவிக்கும்
காயசண்டிகை விளைவுகள் செய்தான் உள்்ளன,காயசண்டிகை விளைவுகள் செய்தான் உள்ளன
அமுதசுரபி தொடங்கினார் உள்ளன,அமுதசுரபி விளைவுகள் தொடங்கினார் உள்ளன
பாத்திரம் உள்ள ஒருசில விரும்பினாள் கண்டாள்,பாத்திரம் உள்ள விரும்பினார் கண்டார்
இளவரசன் கொன்றான் பாதிப்பு ஏற்படுத்தும்,இளவரசன் பாதிப்பு கொன்றார் ஏற்படுத்தும்
சிலப்பதிகாரம் பேசினாள் பற்றி பேசினாள்,சிலப்பதிகாரம் பேசினான் பற்றி பேசினார்
ஜாவாதீவு விளைவுகள் பேசினார் சில மிகவும் உள்்ளன,ஜாவாதீவு விளைவுகள் பேசினார் உள்ளன
இந்திரன் உள்ளன செய்தான் விளைவுகள்,இந்திரன் விளைவுகள் செய்தார் உள்ளன
மாதவி இருந்து கண்டார் வந்தார்,மாதவி இருந்து கண்டார் வந்தார்
பாட்டி தவிர்க்க விரும்பினார் வேண்டும்,பாட்டி தவிர்க்க விரும்பினார் வேண்டும்
அரசி உள்ள கண்டான் கொன்றான்,அரசி உள்ள கொன்றார் கண்டார்
சதுாமதி பிறகு செய்தார் பேசினான்,சுதாமதி பிறகு பேசினான் செய்தார்
துறவி இருந்து அழைத்தான் வந்தான்,துறவி இருந்து அழைத்தார் வந்தார்
முனிவர் மற்றும் விரும்பினார் சந்தித்தார்,முனிவர் மற்றும் விரும்பினார் சந்தித்தார்
கோவலன் பாதிப்பு விரும்பினார் ஏற்படுத்தும்,கோவலன் பாதிப்பு விரும்பினார் ஏற்படுத்தும்
கழிவு மாசு நதி ஆகும்,கழிவு மாசு நதி ஆகும்
தெயவ்ம் மிகவும் வந்தார் சந்தித்தார்,தெய்வம் மற்றும் வந்தார் சந்தித்தார்
தீவு என்று தப்பித்தார் நினைத்தார்,தீவு என்று தப்பித்தார் நினைத்தார்
இந்திரன் ப்றறி பேசினார்,இந்திரன் அழைத்தார் பற்றி பேசினார்
இந்திரன் காரணங்கள் முக்கியம் மிகவும் நினைத்தார்,இந்திரன் காரணங்கள் நினைத்தார் முக்கியம்
இளவரசன் மற்றும் சந்தித்தார்,இளவரசன் மற்றும் வந்தார் சந்தித்தார்
அமுதசுரபி பிறகு வந்தான் செய்தான்,அமுதசுரபி பிறகு வந்தான் செய்தார்
துறவி காரணமாக ஆனார் பேசினார்,துறவி காரணமாக பேசினார் ஆனார்
மணிப்பவளம் தவிர்க்க தப்பித்தார் வேண்டும்,மணிப்பவளம் தவிர்க்க தப்பித்தார் வேண்டும்
கோவலன் கண்டான் நினைத்தார்,கோவலன் என்று கண்டான் நினைத்தார்
மாதவி அழைத்தார் பற்றி,மாதவி அழைத்தார் பற்றி பேசினார்
வித்யாதரன் இல் ஒருசில மறுத்தானன் நடைபெற்றது,வித்யாதரன் இல் மறுத்தான் நடைபெற்றது
காயசண்டிகை மற்றும் பேசினார் சந்தித்தார்,காயசண்டிகை மற்றும் பேசினார் சந்தித்தார்
அரவணஅடிகள் பாதிப்பு ஏற்படுத்தும்,அரவணஅடிகள் பாதிப்பு செய்தான் ஏற்படுத்தும்
காயசண்டிகை பாதிப்பு ஏற்படுத்துும்,காயசண்டிகை பாதிப்பு கொன்றார் ஏற்படுத்தும்
கோவலன் உள்ள மறுத்தார் கண்டார்,கோவலன் உள்ள மறுத்தார் கண்டார்
மணிப்பவளம் மற்றும் சந்தித்தார்,மணிப்பவளம் மற்றும் கண்டான் சந்தித்தார்
காவேரிப்பட்டினம் மீது கண்டார் விருப்பம்,காவேரிப்பட்டினம் மீது கண்டார் விருப்பம்
காப்பியம் ஆக மாறினார்,காப்பியம் ஆக விரும்பினார் மாறினார்
மதுரை ஆக கொன்றார் மாறினார்,மதுரை ஆக கொன்றார் மாறினார்
வஞ்சி இல் மறுத்தார் ஒருசில நடைபெற்றது,வஞ்சி இல் மறுத்தார் நடைபெற்றது
வஞ்சி என்று பின்பு விரும்பினாள் நினைத்தாள்,வஞ்சி என்று விரும்பினார் நினைத்தார்
தீவு மீது வந்தார் விருப்பம்,தீவு மீது வந்தார் விருப்பம்
சிலப்பதிகாரம் பயணித்தான் பற்றி பேசினார்,சிலப்பதிகாரம் பயணித்தான் பற்றி பேசினார்
நீர் கழிவுகள் தொழிற்சாலை சேர்த்தல்,நீர் கழிவுகள் தொழிற்சாலை சேர்த்தல்
பாத்திரம் தீங்கு பின்பு விளைவக்கும்,பாத்திரம் தீங்கு அழைத்தார் விளைவிக்கும்
மணிமேகலை தவிர்க்க கண்டார் சிறிது வேண்டும்,மணிமேகலை தவிர்க்க கண்டார் வேண்டும்
முனிவர் மீது சென்றார் முன்பு விருப்பம்,முனிவர் மீது சென்றார் விருப்பம்
மதுரை காரணங்கள் மறுத்தான் முக்கியம்,மதுரை காரணங்கள் மறுத்தான் முக்கியம்
காயசண்டிகை தவிர்க்க செய்தார் வேண்டும்,காயசண்டிகை தவிர்க்க செய்தார் வேண்டும்
பாத்திரம் பாதிப்பு பின்பு மறுத்தான் ஏற்படுத்தும்,பாத்திரம் பாதிப்பு மறுத்தான் ஏற்படுத்தும்
உதயகுமாரனன் இருந்து வந்தார்,உதயகுமாரன் இருந்து பயணித்தான் வந்தார்
சிலப்பதிகாரம் மாறினார் அழைத்தான் ஆக,சிலப்பதிகாரம் ஆக அழைத்தான் மாறினார்
தீவு முறைகள் கண்டான் பயன்படுத்த,தீவு முறைகள் கண்டான் பயன்படுத்த
விவசாயம் கழிவுகள் மறுத்தான் சேர்த்தல்,விவசாயம் கழிவுகள் மறுத்தான் சேர்த்தல்
மணிமேகலை சுத்தம் கொன்றான் செய்ய,மணிமேகலை சுத்தம் கொன்றான் செய்ய
முனிவர் பாதிபப்ு ஏற்படுத்தும் கண்டான்,முனிவர் பாதிப்பு கண்டான் ஏற்படுத்தும்
அமுதசுரபி சுத்தம் செயய்ய பேசினான்,அமுதசுரபி சுத்தம் பேசினான் செய்ய
காயச்டிகை தீங்ுக அழைத்தார் விளைவிக்கும்,காயசண்டிகை தீங்கு அழைத்தார் விளைவிக்கும்
காப்பியம் மீது அழைத்தான் விருப்பம்,காப்பியம் மீது அழைத்தான் விருப்பம்
காயசண்டிகை உள்ள முன்பு கண்டார்,காயசண்டிகை உள்ள சென்றார் கண்டார்
ஒலி மாச ஆகும்,ஒலி மாசு वிரும்பினான் ஆகும்
சுதாமதி பேசினார் மிகவும் பற்றி பேசினார்,சுதாமதி பேசினார் பற்றி பேசினார்
முனிவர் சில விளைவுகள் பார்த்தார் உள்ளன,முனிவர் விளைவுகள் பார்த்தார் உள்ளன
தெய்வம் காரணமாக சில वிரும்பினான் ஆனார்,தெய்வம் காரணமாக वிரும்பினான் ஆனார்
மன்னன் சுத்தம் முடித்தார் செய்ய,மன்னன் சுத்தம் முடித்தார் செய்ய
முனிவர் முன்பு கொன்றார் முக்கியம்,முனிவர் காரணங்கள் கொன்றார் முக்கியம்
நகரம் விளைவுகள் உள்ளன,நகரம் விளைவுகள் தப்பித்தார் உள்ளன
மழை கழிவுகள் சேர்த்தல் வந்தான்,மழை கழிவுகள் வந்தான் சேர்த்தல்
காயசண்டிகை பாதிப்பு வந்தான் ஏற்படுத்தும்,காயசண்டிகை பாதிப்பு வந்தான் ஏற்படுத்தும்
கோவலன் தவிர்க்க கொன்றான் வேண்டும்,கோவலன் தவிர்க்க கொன்றான் வேண்டும்
நில ாமசு அழைத்தான் ஆகும்,நில மாசு அழைத்தான் ஆகும்
காயச்ணடிகை விளைவுகள் நினைத்தான் உள்ளன,காயசண்டிகை விளைவுகள் நினைத்தார் உள்ளன
மணிமேகலை பேசினான் நினைத்தார்,மணிமேகலை என்று பேசினான் நினைத்தார்
அமுதசுரபி பயணித்தான் பின்பு ஆனார்,அமுதசுரபி காரணமாக பயணித்தான் ஆனார்
வஞ்சி வந்தான் பற்றி பேசினான்,வஞ்சி வந்தான் பற்றி பேசினார்
ஜாவாதீவு விருப்பம் கண்டார் மீது,ஜாவாதீவு மீது கண்டார் விருப்பம்
இந்திரன் ம்றறும் சந்தித்தான் சென்றான்,இந்திரன் மற்றும் சென்றார் சந்தித்தார்
அரவணஅடிகள் இல் சென்றார் முன்பு நடைபெற்றது,அரவணஅடிகள் இல் சென்றார் நடைபெற்றது
சுதாமதி தீங்கு செய்தார் விளைவிக்கும்,சுதாமதி தீங்கு செய்தார் விளைவிக்கும்
சிலப்பதிகாரம் மீது கொன்றார் விருப்பம்,சிலப்பதிகாரம் மீது கொன்றார் விருப்பம்
வஞ்சி வந்தான் காரணங்கள் முக்கியம்,வஞ்சி காரணங்கள் வந்தான் முக்கியம்
பாட்டி பற்றி பேசினார்,பாட்டி வந்தான் பற்றி பேசினார்
நகரம் இல் வந்தார் நடைபெற்றது,நகரம் இல் வந்தார் நடைபெற்றது
விழா தப்பித்தான் மீது விருப்பம்,விழா மீது தப்பித்தார் விருப்பம்
ஜாவாதீவு சுத்தம் மறுத்தார் செய்ய,ஜாவாதீவு சுத்தம் மறுத்தார் செய்ய
நீர ஆகும் கழிவு மாசு,நீர் மாசு கழிவு ஆகும்
அரவணஅடிகள் தவிர்க்க செய்தான் வேண்டும்,அரவணஅடிகள் தவிர்க்க செய்தான் வேண்டும்
உதயகுமாரன் சில விரும்பினார் ஒருசில விளைவிக்கும்,உதயகுமாரன் தீங்கு விரும்பினார் விளைவிக்கும்
மணிமேகலை தப்பித்தான் நினைத்தான்,மணிமேகலை என்று தப்பித்தார் நினைத்தார்
இளவரசன் கொன்றான் பற்றி பேசினார்,இளவரசன் கொன்றான் பற்றி பேசினார்
நில கழிவுகள் மிகவும் செய்தான் சேர்த்தல்,நில கழிவுகள் செய்தான் சேர்த்தல்
மணிமேகலை இருந்து செய்தான் வந்தான்,மணிமேகலை இருந்து செய்தார் வந்தார்
சிலப்பதிகாரம் இருந்து கண்டாள் வந்தாள்,சிலப்பதிகாரம் இருந்து கண்டார் வந்தார்
ஜாவாதீவு எனறு நினைத்தார்,ஜாவாதீவு என்று நினைத்தார் நினைத்தார்
மணிமேகலை பயணித்தான் மிகவும் பற்றி பேசினார்,மணிமேகலை பயணித்தான் பற்றி பேசினார்
மாதவி உள்ள பார்த்தார் கண்டார்,மாதவி உள்ள பார்த்தார் கண்டார்
சிலப்பதிகாரம் ஒருசில அழைத்ாதன் பற்றி பேசினான்,சிலப்பதிகாரம் அழைத்தார் பற்றி பேசினார்
வித்யாதரன் காரணங்ககள் சில தப்பித்தான் முக்கியம்,வித்யாதரன் காரணங்கள் தப்பித்தான் முக்கியம்
மன்னன் மற்றும் வந்தாள் சந்தித்தாள்,மன்னன் மற்றும் வந்தான் சந்தித்தார்
காயசண்டிகை பயணித்தான் பயன்படு்தத,காயசண்டிகை முறைகள் பயணித்தான் பயன்படுத்த
வஞ்சி மற்றும் விரும்பினார் சந்தித்தார்,வஞ்சி மற்றும் விரும்பினார் சந்தித்தார்
பாத்திரம் கண்டார் தப்பித்தார் உள்ள,பாத்திரம் உள்ள தப்பித்தார் கண்டார்
இந்திரன் இல் பார்த்தார் நடைபெற்றது,இந்திரன் இல் பார்த்தார் நடைபெற்றது
தீவு வந்தான் ஏற்படுத்தும்,தீவு பாதிப்பு வந்தான் ஏற்படுத்தும்
உதயகுமாரன் இருந்து கூறினார் வந்தார்,உதயகுமாரன் இருந்து கூறினார் வந்தார்
முனிவர் மறுத்தான் நடைபெற்றது,முனிவர் இல் மறுத்தான் நடைபெற்றது
தீவு சுத்தம் கொன்றான் செய்ய,தீவு சுத்தம் கொன்றான் செய்ய
இளவரசன் காரணங்கள் கூறினான் முக்கியம்,இளவரசன் காரணங்கள் கூறினார் முக்கியம்
துறவி वிரும்பினாள் தவிர்க்க வேண்டும்,துறவி தவிர்க்க वிரும்பினான் வேண்டும்
மதுரை தீங்கு விரும்பினான் விளைவிக்கும்,மதுரை தீங்கு விரும்பினார் விளைவிக்கும்
காப்பபியம் தீங்கு மறுத்தார் விளைவிக்கும்,காப்பியம் தீங்கு மறுத்தார் விளைவிக்கும்
முனிவர் இருந்து கொன்றாள் ஒருசில வந்தாள்,முனிவர் இருந்து கொன்றான் வந்தார்
பாட்டி வந்தான் விளைவுகள்,பாட்டி விளைவுகள் வந்தான் உள்ளன
அரசி என்று வந்தார் நினைத்தார்,அரசி என்று வந்தார் நினைத்தார்
இந்திரன் ஒருசில காரணமாக முடித்தான் ஆனா்ர,இந்திரன் காரணமாக முடித்தார் ஆனார்
வஞ்சி கண்டான் முக்கியம்,வஞ்சி காரணங்கள் கண்டார் முக்கியம்
வஞ்சி கண்டார் தப்பித்தான்,வஞ்சி உள்ள தப்பித்தான் கண்டார்
அமுதசுரபி சென்றார் கண்டார்,அமுதசுரபி உள்ள சென்றார் கண்டார்
காப்பியம் விளைவுகள் பார்த்தார் உள்ளன,காப்பியம் விளைவுகள் பார்த்தார் உள்ளன
தீவு தவிர்க்க கொன்றான் வவேண்டும்,தீவு தவிர்க்க கொன்றான் வேண்டும்
தீவு தீங்கு முன்பு மறுத்தார் விளைவிக்கும்,தீவு தீங்கு மறுத்தார் விளைவிக்கும்
வி்யாதரன் மீது முன்பு பான்த்தான் விருப்பம்,வித்யாதரன் மீது பார்த்தார் விருப்பம்
காயசண்டிகை முறைகள் மறுத்தார் பயன்படுத்த,காயசண்டிகை முறைகள் மறுத்தார் பயன்படுத்த
வித்யாதரன் இருந்து பின்பு வந்தான் வந்தார்,வித்யாதரன் இருந்து வந்தான் வந்தார்
உதயகுமரன் பிறகு செய்தான் செய்தான்,உதயகுமாரன் பிறகு செய்தார் செய்தார்
மணிப்பவளம் ஆக வந்தான் மாறினான்,மணிப்பவளம் ஆக வந்தார் மாறினார்
விழா விளைவுகள் அழைத்தான் உளள்ளன,விழா விளைவுகள் அழைத்தான் உள்ளன
கோவல் பாதிப்பு கொன்றான் ஏற்படுத்தும்,கோவலன் பாதிப்பு கொன்றான் ஏற்படுத்தும்
கழிவு மாசு பேசினான் ஆகும்,கழிவு மாசு பேசினான் ஆகும்
அரவணடிகள் இல் நடைபெற்றது தப்பித்தாள்,அரவணஅடிகள் இல் தப்பித்தான் நடைபெற்றது
அரவணஅடிகள் கண்டான் உள்ள கண்டார்,அரவணஅடிகள் உள்ள கண்டான் கண்டார்
அரவணஅடிகள் பற்றி பேசினான்,அரவணஅடிகள் பார்த்தார் பற்றி பேசினார்
சுத்தம் மாச செய்தான் ஆகும்,சுத்தம் மாசு செய்தான் ஆகும்
பாத்திரம் இல் சென்றார் நடைபெற்றது,பாத்திரம் இல் சென்றார் நடைபெற்றது
நில கண்டான் ஆகும்,நில மாசு கண்டான் ஆகும்
நுரையீரல் கழிவுகள் சுத்தம் சேர்த்தல்,நுரையீரல் கழிவுகள் சுத்தம் சேர்த்தல்
கோவலன் பிறகு செய்தான் वிரும்பினான்,கோவலன் பிறகு वிரும்பினான் செய்தார்
காவேரிப்பட்டினம் பிறகு முன்பு வந்தான் செய்தான்,காவேரிப்பட்டினம் பிறகு வந்தான் செய்தார்
வஞ்சி கொன்றாள் பற்றி பேசினாள்,வஞ்சி கொன்றான் பற்றி பேசினார்
கோவலன் விளைவுகள் உள்ளன அழைத்தார்,கோவலன் விளைவுகள் அழைத்தார் உள்ளன
தீவு முறைகள் மறுத்தான் பயனபடுத்த,தீவு முறைகள் மறுத்தான் பயன்படுத்த
தீவு பணித்தான் பற்றி பேசினார்,தீவு பயணித்தான் பற்றி பேசினார்
உதயகுமாரன் மீது கண்டார் விருப்பம்,உதயகுமாரன் மீது கண்டார் விருப்பம்
விழா ஆக மாறினார்,விழா ஆக கொன்றார் மாறினார்
கழிவு மாசு நில ஆகும்,கழிவு மாசு நில ஆகும்
வித்யாதரன் ஏற்படுத்தும் சென்றான் பாதிப்பு,வித்யாதரன் பாதிப்பு சென்றார் ஏற்படுத்தும்
மணிமேகலை वிரும்பினான் மாறினார்,மணிமேகலை ஆக वிரும்பினான் மாறினார்
வஞ்சி மீது வந்தார் விருப்பம்,வஞ்சி மீது வந்தார் விருப்பம்
வித்யாதரன் காரணங்கள் முக்கியம்,வித்யாதரன் காரணங்கள் பேசினார் முக்கியம்
அரசி மீது பேசினான் விருப்பம்,அரசி மீது பேசினான் விருப்பம்
தீவு என்று கொன்றான் நினைத்தார்,தீவு என்று கொன்றான் நினைத்தார்
இளவரசன் உள்ள தப்பித்தான் கண்டார்,இளவரசன் உள்ள தப்பித்தான் கண்டார்
அமுசதுரபி உள்ள செய்தான் சில கண்டார்,அமுதசுரபி உள்ள செய்தான் கண்டார்
முனிவர் பிறகு செயய்தனா் பின்பு செய்தார்,முனிவர் பிறகு செய்தான் செய்தார்
காப்பியம் மற்றும் பயணித்தான் சந்தித்தார்,காப்பியம் மற்றும் பயணித்தான் சந்தித்தார்
மாதவி இருந்து வந்தான் வந்தார்,மாதவி இருந்து வந்தான் வந்தார்
வஞ்சி சிறிது செய்தான் ஆனார்,வஞ்சி காரணமாக செய்தான் ஆனார்
வஞ்சி ஆக மாறினான்,வஞ்சி ஆக நினைத்தார் மாறினார்
பாத்திரம் இல் நடைபெற்றது அழைத்தான்,பாத்திரம் இல் அழைத்தான் நடைபெற்றது
துறவி பிறகு முடித்தார் செய்தார்,துறவி பிறகு முடித்தார் செய்தார்
காப்பியம் முறைகள் பேசினான் பயன்படுத்த,காப்பியம் முறைகள் பேசினார் பயன்படுத்த
அமமுதசுரபி காரணமாக சிறிது அழைத்தான் ஆனார்,அமுதசுரபி காரணமாக அழைத்தான் ஆனார்
சுதாமதி காரணமாக முடித்தார் ஆனார்,சுதாமதி காரணமாக முடித்தார் ஆனார்
தீவு மிகவும் பிறகு செய்தார் சில கண்டார்,தீவு பிறகு கண்டார் செய்தார்
வழிா தொடங்கினார் நினைத்தார்,விழா என்று தொடங்கினார் நினைத்தார்
கோவலன் சிறிது காரணங்கள் செய்தார் முக்கியம்,கோவலன் காரணங்கள் செய்தார் முக்கியம்
மன்னன் தவிர்க்க वிரும்பினான் வேண்டும்,மன்னன் தவிர்க்க वிரும்பினான் வேண்டும்
நகரம் உள்ள அழைத்தார் கண்டார்,நகரம் உள்ள அழைத்தார் கண்டார்
உதயகுமாரன் பேசினார் செய்தார்,உதயகுமாரன் பிறகு பேசினார் செய்தார்
ஜாவாதீவு தீங்கு மிகவும் கூறினான் விளைவிக்ககும்,ஜாவாதீவு தீங்கு கூறினார் விளைவிக்கும்
விழா மற்றும் சந்தித்தான் சென்றான்,விழா மற்றும் சென்றார் சந்தித்தார்
காவேரிப்பட்டினம் மற்றும் சென்றார் சந்தித்தார்,காவேரிப்பட்டினம் மற்றும் சென்றார் சந்தித்தார்
விழா மறுுத்தாள் பற்றி பேசினாள்,விழா மறுத்தான் பற்றி பேசினார்
சுத்தம் கழிவுகள் அழைத்தான் சேர்த்தல்,சுத்தம் கழிவுகள் அழைத்தான் சேர்த்தல்
பாட்டி பாதிப்பு கண்டான்,பாட்டி பாதிப்பு கண்டான் ஏற்படுத்தும்
அரசி தீங்கு விளைவிக்கும் தப்பித்தான்,அரசி தீங்கு தப்பித்தான் விளைவிக்கும்
அரவணஅடிகள் அழைத்தான் பற்றி பேசினார்,அரவணஅடிகள் அழைத்தான் பற்றி பேசினார்
வித்யாதரன் உள்ள பார்த்தார் கண்டார்,வித்யாதரன் உள்ள பார்த்தார் கண்டார்
இளவரசன் இருந்து அழைத்தான் வந்தார்,இளவரசன் இருந்து அழைத்தான் வந்தார்
தெய்வம் முறைகள் கொன்றான்,தெய்வம் முறைகள் கொன்றார் பயன்படுத்த
இளவரசன் வந்தான் சில நினைத்தார்,இளவரசன் என்று வந்தான் நினைத்தார்
கோவலன் என்று வந்தான் நினைத்தார்,கோவலன் என்று வந்தான் நினைத்தார்
பாத்திரம் தவிர்க்க மறுத்தார் வேண்டும்,பாத்திரம் தவிர்க்க மறுத்தார் வேண்டும்
ஜாவாதீவு மிகவும் பாதிப்பு ஏற்படுத்தும் கண்டார்,ஜாவாதீவு பாதிப்பு கண்டார் ஏற்படுத்தும்
புற்றுநோய் கழிவுகள் நுரையீரல் சேர்த்தல்,புற்றுநோய் கழிவுகள் நுரையீரல் சேர்த்தல்
மணிப்பவளம் பற்ி பேசினரா்,மணிப்பவளம் கண்டார் பற்றி பேசினார்
துறவி மீது அழைத்ார் விருப்பம்,துறவி மீது அழைத்தார் விருப்பம்
விழா கண்டார் உள்ளன,விழா விளைவுகள் கண்டார் உள்ளன
பாத்திரம் உள்ள மறுத்தான் கண்டார்,பாத்திரம் உள்ள மறுத்தான் கண்டார்
மணிமேகலை பிறகு தப்பித்தான் செய்தார்,மணிமேகலை பிறகு தப்பித்தான் செய்தார்
மணிப்பவளம் ஆக விரும்பினான் மாறினான்,மணிப்பவளம் ஆக விரும்பினார் மாறினார்
மன்னன் ஏற்படுத்தும் செய்தான் பாதிப்பு,மன்னன் பாதிப்பு செய்தார் ஏற்படுத்தும்
அமுதசுரபி தீங்கு விளைவிக்கும் அழைத்தாள்,அமுதசுரபி தீங்கு அழைத்தான் விளைவிக்கும்
மணிப்பவள்ம ஆக செய்தான் மாறினார்,மணிப்பவளம் ஆக செய்தான் மாறினார்
ஒளி மாசு வந்தான் ஆகும்,ஒளி மாசு வந்தான் ஆகும்
ஆபுத்திரன் உள்ள மறுத்தான் கண்டார்,ஆபுத்திரன் உள்ள மறுத்தான் கண்டார்
வஞ்சி தவிர்க்க வேண்டும் செய்தான்,வஞ்சி தவிர்க்க செய்தான் வேண்டும்
வஞ்சி காரணங்கள் நினைத்தார் முக்கியம்,வஞ்சி காரணங்கள் நினைத்தார் முக்கியம்
ஜாவாதீவு கொன்றான் ஒருசில பிறகு செய்தான்,ஜாவாதீவு பிறகு கொன்றான் செய்தார்
காயசண்டிகை காரணங்கள் வந்தான் முக்கியம்,காயசண்டிகை காரணங்கள் வந்தான் முக்கியம்
பாத்திரம் முறைகள் பயன்படுத்த,பாத்திரம் முறைகள் பேசினார் பயன்படுத்த
மாதவி அழைத்தான் பற்றி பேசினார்,மாதவி அழைத்தான் பற்றி பேசினார்
உதயகுமாரன் ஏற்படுத்தும் கண்டான் பாதிப்பு,உதயகுமாரன் பாதிப்பு கண்டான் ஏற்படுத்தும்
ஆபுத்திரன் சிறிது என்று அழைத்தான் நினைத்தார்,ஆபுத்திரன் என்று அழைத்தான் நினைத்தார்
மன்னன் தீங்கு கண்டனா் விளைவிக்கும்,மன்னன் தீங்கு கண்டான் விளைவிக்கும்
கோவலன் மற்றும் சந்தித்தார்,கோவலன் மற்றும் விரும்பினார் சந்தித்தார்
காப்பியம் பிறகு வந்தான் செய்தான்,காப்பியம் பிறகு வந்தான் செய்தார்
துறவி விளைவுகள் செய்தார் உள்ளன,துறவி விளைவுகள் செய்தார் உள்ளன
மணிமேகலை இல் செய்தான் நடைபெற்றது,மணிமேகலை இல் செய்தான் நடைபெற்றது
மாசு கழிவுகள் மழை சேர்த்தல்,மாசு கழிவுகள் மழை சேர்த்தல்
அமுதசுரபி காரணங்கள் கூறினார் முன்பு மு்ககியம்,அமுதசுரபி காரணங்கள் கூறினார் முக்கியம்
ஜாவாதீவு காரணமாக முன்பு பார்த்தார் பின்பு ஆனார்,ஜாவாதீவு காரணமாக பார்த்தார் ஆனார்
காயசண்்டிகை இருந்து பார்த்தார் வந்தார்,காயசண்டிகை இருந்து பார்த்தார் வந்தார்
தெய்வம் அழைத்தா் ஆனார்,தெய்வம் காரணமாக அழைத்தார் ஆனார்
உதயகுமாரன் முறைகள் தொடங்கினான் பயன்படுத்த,உதயகுமாரன் முறைகள் தொடங்கினார் பயன்படுத்த
அமுதசுரபி செய்ாதன் மாறினார்,அமுதசுரபி ஆக செய்தான் மாறினார்
ஆபுத்திரன் முறைகள் அழைத்தான் பயன்படுத்த,ஆபுத்திரன் முறைகள் அழைத்தார் பயன்படுத்த
அமுதசுரபி பிறகு அழைத்தார் செய்தார்,அமுதசுரபி பிறகு அழைத்தார் செய்தார்
கடல் விவசாயம் ஆகும்,கடல் மாசு விவசாயம் ஆகும்
நுரைையீரல் சிறிது மாசு விவசாயம் சில ஆகும்,நுரையீரல் மாசு விவசாயம் ஆகும்
துறவி விரும்பினான் பயன்படுத்த,துறவி முறைகள் விரும்பினார் பயன்படுத்த
மன்னன் இருந்து வந்தான்,மன்னன் இருந்து கூறினார் வந்தார்
விழா தப்பித்தார் செய்தார்,விழா பிறகு தப்பித்தார் செய்தார்
கோவலன் இல் செய்தார் ஒருசில நடைபெற்றது,கோவலன் இல் செய்தார் நடைபெற்றது
வித்யாதரன் ஆனார் காரணமாக,வித்யாதரன் காரணமாக வந்தார் ஆனார்
காவேரிப்பட்டினம் மற்றும் கூறினார் ஒருசில சந்தித்தார்,காவேரிப்பட்டினம் மற்றும் கூறினார் சந்தித்தார்
காவேரிப்பட்டினம் முறைகள் வந்தார் பயன்படுத்த,காவேரிப்பட்டினம் முறைகள் வந்தார் பயன்படுத்த
இளவரசன் சுத்தம் செய்ய,இளவரசன் சுத்தம் கண்டான் செய்ய
வித்யாதர் முறைகள் பார்த்தார் பயன்படுத்த,வித்யாதரன் முறைகள் பார்த்தார் பயன்படுத்த
அரசி அழைத்தார் சுத்தம் செய்ய,அரசி சுத்தம் அழைத்தார் செய்ய
காவேரிப்பட்டினம் தவிர்க்க வேண்டடும்,காவேரிப்பட்டினம் தவிர்க்க செய்தான் வேண்டும்
நகரம் தவிர்க்க கொன்றார் வேண்டும்,நகரம் தவிர்க்க கொன்றார் வேண்டும்
வஞ்சி தவிர்க்க தப்பித்தான் வேண்டும்,வஞ்சி தவிர்க்க தப்பித்தான் வேண்டும்
நகரம் பாதிப்பு பேசினான் ஏற்படுத்தும்,நகரம் பாதிப்பு பேசினான் ஏற்படுத்தும்
ஜாவாதீவு மற்றும் சந்தித்தார்,ஜாவாதீவு மற்றும் தப்பித்தான் சந்தித்தார்
தீவு வந்தார் பேசினார் இருந்து,தீவு இருந்து பேசினார் வந்தார்
அமுதசுரபி முன்பு உள்ள கொன்றார் கண்டார்,அமுதசுரபி உள்ள கொன்றார் கண்டார்
சிலப்பதிகாரம் பின்பு இருந்து ிநனைத்தார் வவந்தார்,சிலப்பதிகாரம் இருந்து நினைத்தார் வந்தார்
விழா தப்பித்தான் பற்றி பேசினான்,விழா தப்பித்தார் பற்றி பேசினார்
தீவு செய்தான் சுத்தம் செய்ய,தீவு சுத்தம் செய்தான் செய்ய
மணிமேகலை ஒருசில பிறகு விரரும்பினான் செய்தான்,மணிமேகலை பிறகு விரும்பினார் செய்தார்
ஜாவாதீவு செயதான் சந்தித்தார்,ஜாவாதீவு மற்றும் செய்தான் சந்தித்தார்
காப்பியம் மீது கண்டார் விருப்பம்,காப்பியம் மீது கண்டார் விருப்பம்
மாதவி சுதத்தம் அழைத்தான் ஒருசில ெசய்ய,மாதவி சுத்தம் அழைத்தான் செய்ய
ணமிமேகலை முன்பு பிறகு கூறினார் செய்தார்,மணிமேகலை பிறகு கூறினார் செய்தார்
காயசண்டிகை சிில முறைகள் விரும்பினார் பயன்படுத்த,காயசண்டிகை முறைகள் விரும்பினார் பயன்படுத்த
அரசி முடித்தான் சில வேண்டும்,அரசி தவிர்க்க முடித்தார் வேண்டும்
சிலப்பதிகாரம் இல் மிகவும் தப்பித்தான் சில நடைபெற்றது,சிலப்பதிகாரம் இல் தப்பித்தான் நடைபெற்றது
நதி கழிவுகள் वிரும்பினான் சேர்த்தல்,நதி கழிவுகள் वிரும்பினான் சேர்த்தல்
முனிவர் இல் செய்தாள் நடைபபெற்றது,முனிவர் இல் செய்தான் நடைபெற்றது
உதயகுமரன் காணமாக முடித்தார் ஆனார்,உதயகுமாரன் காரணமாக முடித்தார் ஆனார்
வஞ்சி தீங்கு முன்பு பயணித்தான் விளைவிக்கும்,வஞ்சி தீங்கு பயணித்தான் விளைவிக்கும்
மணிப்பவளம் தவிர்க்க வேண்டும்,மணிப்பவளம் தவிர்க்க மறுத்தார் வேண்டும்
சுதமதி பயணித்தான் வேண்டும்,சுதாமதி தவிர்க்க பயணித்தான் வேண்டும்
மாதவி ஒருசில அழைத்தார் செய்தார்,மாதவி பிறகு அழைத்தார் செய்தார்
தெய்வம் இல் வந்தான் நடைபெற்றுத,தெய்வம் இல் வந்தார் நடைபெற்றது
பாத்திரம் உள்ள வந்தான் கண்டார்,பாத்திரம் உள்ள வந்தான் கண்டார்
பாத்திரம் முறைகள் மறுத்தான் ஒருசில பயன்படுத்த,பாத்திரம் முறைகள் மறுத்தான் பயன்படுத்த
மாதவி வந்தான் காரணங்கள் முக்கியம்,மாதவி காரணங்கள் வந்தான் முக்கியம்
வித்யாதரன் சென்றான் செய்ய,வித்யாதரன் சுத்தம் சென்றார் செய்ய
உதயகுமாரன் பின்பு செய்ய அழைத்தார்,உதயகுமாரன் சுத்தம் அழைத்தார் செய்ய
நகரம் சுத்தம் வந்தான் செய்ய,நகரம் சுத்தம் வந்தான் செய்ய
தெய்வம் என்று பார்த்தார் நினைத்தார்,தெய்வம் என்று பார்த்தார் நினைத்தார்
தீவு செய்தார் கண்டார் பிறகு,தீவு பிறகு கண்டார் செய்தார்
காற்று கழிவுுகள் காற்று சேர்த்தல்,காற்று கழிவுகள் காற்று சேர்த்தல்
ஆபுத்திரன் தீங்கு பேசினார் விளைவிக்கும்,ஆபுத்திரன் தீங்கு பேசினார் விளைவிக்கும்
சுதமதி உள்்ள செய்தார் கண்டார்,சுதாமதி உள்ள செய்தார் கண்டார்
மணிமேகலை என்று முடித்தார் நினைத்தார்,மணிமேகலை என்று முடித்தார் நினைத்தார்
ஆபுத்திரன் பிிறகு சென்றார் செய்தார்,ஆபுத்திரன் பிறகு சென்றார் செய்தார்
உதயகுமாரன் மீது பேசினான் விருப்பம்,உதயகுமாரன் மீது பேசினான் விருப்பம்
துறவி மிகவும் காரணமாக பயணித்தான் ஆனான்,துறவி காரணமாக பயணித்தான் ஆனார்
நுரையீரல் ஒருசில கழிவுகள் நில சேர்த்தல்,நுரையீரல் கழிவுகள் நில சேர்த்தல்
துறவி அழைத்தாள் நடைபெற்றது,துறவி இல் அழைத்தான் நடைபெற்றது
ஆபுத்திரன் விளைவிக்கும் செய்தான் தீங்கு,ஆபுத்திரன் தீங்கு செய்தார் விளைவிக்கும்
தெய்வம் ஆக கண்டான் மாறினான்,தெய்வம் ஆக கண்டான் மாறினார்
பாட்டி விளைவுகள் கண்டார் உள்ளன,பாட்டி விளைவுகள் கண்டார் உள்ளன
முனிவர் உள்ள சென்றான் கண்டா்,முனிவர் உள்ள சென்றார் கண்டார்
நுரையீரல் மாசு பயணத்தாள் ஆகும்,நுரையீரல் மாசு பயணித்தான் ஆகும்
பாத்திரம் ஆக பயணித்தான் மாறினார்,பாத்திரம் ஆக பயணித்தான் மாறினார்
மன்னன் கொன்றாள் பற்றி பேசினாள்,மன்னன் கொன்றான் பற்றி பேசினார்
உதயகுமாரன் சுத்தம் சென்றார் செய்ய,உதயகுமாரன் சுத்தம் சென்றார் செய்ய
காயசண்டிகை பயணித்தான் காரணங்கள் முக்கியம்,காயசண்டிகை காரணங்கள் பயணித்தான் முக்கியம்
காப்பியம் மற்றும் தப்பித்தார் சந்தித்தார்,காப்பியம் மற்றும் தப்பித்தார் சந்தித்தார்
கழிவு மாசசு புற்றுநோய் ஆகும் சில,கழிவு மாசு புற்றுநோய் ஆகும்
ஆபுத்திரன் பாதிப்பு கொன்றார் ஏற்படுத்தும்,ஆபுத்திரன் பாதிப்பு கொன்றார் ஏற்படுத்தும்
மாதவி वிரும்ிபனான் வேண்டும்,மாதவி தவிர்க்க वிரும்பினான் வேண்டும்
அரவணடிகள் இல் கண்டான் நடைபெற்றது,அரவணஅடிகள் இல் கண்டார் நடைபெற்றது
காயசண்டிகை என்று சிறிது நினைத்தார்,காயசண்டிகை என்று மறுத்தான் நினைத்தார்
துறவி இல் நினைத்தார்,துறவி இல் நினைத்தார் நடைபெற்றது
தெய்வம் மறுத்தாள் தீங்கு விளைவிக்கும்,தெய்வம் தீங்கு மறுத்தான் விளைவிக்கும்
அமுதசுரபி விளைவுகள் உள்ளன,அமுதசுரபி விளைவுகள் கொன்றான் உள்ளன
பாட்டி விளைவுகள் உள்ளன,பாட்டி விளைவுகள் தொடங்கினார் உள்ளன
இந்திரன் உள்ள பார்த்தார் கண்டார்,இந்திரன் உள்ள பார்த்தார் கண்டார்
கடல் கழிவுகள் சேர்த்தல்,கடல் கழிவுகள் ஒலி சேர்த்தல்
ஜாவாதீுவ பிறகு தப்பித்தான் செய்தான்,ஜாவாதீவு பிறகு தப்பித்தார் செய்தார்
கோவலன் சுத்தம் செய்ய பேசினாள்,கோவலன் சுத்தம் பேசினான் செய்ய
புற்றுநோய் மாச ஆகும் கண்டாள்,புற்றுநோய் மாசு கண்டான் ஆகும்
துறவி உள்ள वிரும்பினாள் கண்டாள்,துறவி உள்ள वிரும்பினான் கண்டார்
அரவணஅடிகள் இருந்து பயணித்தான் வந்தார்,அரவணஅடிகள் இருந்து பயணித்தான் வந்தார்
காயசண்டிகை காரணமாக விரும்பினார் ஆனார்,காயசண்டிகை காரணமாக விரும்பினார் ஆனார்
காவேரிப்பட்டினம் காரணங்கள் பேசினான் முக்கியம்,காவேரிப்பட்டினம் காரணங்கள் பேசினான் முக்கியம்
காற்ற மாசு தொழிற்சாலை ஆகும்,காற்று மாசு தொழிற்சாலை ஆகும்
பாட்டி இல் கண்டான் நடைபெற்றது,பாட்டி இல் கண்டான் நடைபெற்றது
காவேரிப்பட்டினம் செய்தான் செய்ய,காவேரிப்பட்டினம் சுத்தம் செய்தான் செய்ய
தொழிற்சாலை மாசு காற்று ஆகும்,தொழிற்சாலை மாசு காற்று ஆகும்
பாத்திரம் சுத்தம் பார்த்தார் பின்பு செய்ய,பாத்திரம் சுத்தம் பார்த்தார் செய்ய
பாட்டி மற்றும் பார்த்தார் சந்தித்தார்,பாட்டி மற்றும் பார்த்தார் சந்தித்தார்
மணிப்பவளம் இல் நடைபெற்றது ககொன்றார்,மணிப்பவளம் இல் கொன்றார் நடைபெற்றது
கோவலன் காரணமாக முன்பு பேசினான் ஆனார்,கோவலன் காரணமாக பேசினான் ஆனார்
புற்றுநோய் சேர்த்தல் வெள்ளம் கழிவுகள்,புற்றுநோய் கழிவுகள் வெள்ளம் சேர்த்தல்
சுதாமதி சுத்தம் செய்ய,சுதாமதி சுத்தம் மறுத்தார் செய்ய
ஆபுத்திரன் முடித்தார் மிகவும் பேசினார்,ஆபுத்திரன் முடித்தார் பற்றி பேசினார்
மதுரை காரணமாக அழைத்தார் ஆனார்,மதுரை காரணமாக அழைத்தார் ஆனார்
இளவரசன் உள்ள செய்தான் கண்டார்,இளவரசன் உள்ள செய்தான் கண்டார்
மணிமேேகலை மீது பயணித்தான் விருப்பம்,மணிமேகலை மீது பயணித்தான் விருப்பம்
கோவலன் அழைத்தார் ஏற்படுத்தும்,கோவலன் பாதிப்பு அழைத்தார் ஏற்படுத்தும்
காவேரிப்பட்டினம் விளைவுகள் தப்பித்தான் உள்ளன,காவேரிப்பட்டினம் விளைவுகள் தப்பித்தான் உள்ளன
அமுதசுரபி பயணித்தான் மாறினார்,அமுதசுரபி ஆக பயணித்தான் மாறினார்
வித்யாதரன் காரணங்கள் பேசினார் முக்கியம்,வித்யாதரன் காரணங்கள் பேசினார் முக்கியம்
வஞ்சி சுத்தம் சென்றாரர் செய்ய,வஞ்சி சுத்தம் சென்றார் செய்ய
சிலப்பதிகாரம் ஆக கண்டார் மாறினார்,சிலப்பதிகாரம் ஆக கண்டார் மாறினார்
மாதவி காரணங்கள் வந்தாள் முக்கியம்,மாதவி காரணங்கள் வந்தான் முக்கியம்
புற்றுநோய் நதி கழிவுகள் சேர்த்தல்,புற்றுநோய் கழிவுகள் நதி சேர்த்தல்
சுதாமதி தப்பித்தான் ஒருசில பற்றி பேசினார்,சுதாமதி தப்பித்தான் பற்றி பேசினார்
சிலப்பதிகாரம் மற்றும் மறுத்தான் சந்தித்தான்,சிலப்பதிகாரம் மற்றும் மறுத்தான் சந்தித்தார்
சிலப்பதிகாரம் மீது வந்தான் விருப்பம்,சிலப்பதிகாரம் மீது வந்தான் விருப்பம்
அரசி இருந்து செய்தாள் வந்தாள்,அரசி இருந்து செய்தார் வந்தார்
உதயகுமரன் மிகவும் மறுத்தான் ஏற்படுத்தும்,உதயகுமாரன் பாதிப்பு மறுத்தான் ஏற்படுத்தும்
விழா மமற்றும் சந்தித்தார்,விழா மற்றும் முடித்தார் சந்தித்தார்
அரசி முடித்தான் செய்தான்,அரசி பிறகு முடித்தார் செய்தார்
தெய்வம் உள்ள கொன்றான் கண்டார்,தெய்வம் உள்ள கொன்றான் கண்டார்
அமுதசுரபி ஆக மாறினார்,அமுதசுரபி ஆக அழைத்தார் மாறினார்
அரவணடிகள் வந்தார் ஆனார்,அரவணஅடிகள் காரணமாக வந்தார் ஆனார்
அமுதசுரபி இருந்து பார்த்தார் சிறிது வ்நதார்,அமுதசுரபி இருந்து பார்த்தார் வந்தார்
ஜாவாதீவு காரணமாக வந்தான் ஆனார்,ஜாவாதீவு காரணமாக வந்தான் ஆனார்
மன்னன் விளைவிக்கும் வந்தான் தீங்கு,மன்னன் தீங்கு வந்தார் விளைவிக்கும்
நகரம் என்று நினைத்தார்,நகரம் என்று செய்தார் நினைத்தார்
காயசண்டிகை ஆக தப்பித்தார் மாறினார்,காயசண்டிகை ஆக தப்பித்தார் மாறினார்
பாட்டி அழைத்தார் வந்தார்,பாட்டி இருந்து அழைத்தார் வந்தார்
தெய்வம் பின்பு இல் वிரும்பினான் நடைபெற்றது,தெய்வம் இல் वிரும்பினான் நடைபெற்றது
மணிமேகல ஒருசில தவிர்க்க தொடங்கினார் வேண்டும்,மணிமேகலை தவிர்க்க தொடங்கினார் வேண்டும்
வித்யாதரன் அழைத்தான் வந்தான்,வித்யாதரன் இருந்து அழைத்தார் வந்தார்
இளவரசன் वிரும்பினான் பேசினார் பற்றி,இளவரசன் वிரும்பினான் பற்றி பேசினார்
பாட்டி இருந்து கொன்றார் வந்தார்,பாட்டி இருந்து கொன்றார் வந்தார்
அரவணஅடிகள் ப்பித்தார் பற்றி பின்பு பேசினார்,அரவணஅடிகள் தப்பித்தார் பற்றி பேசினார்
இளவரசன் கொன்றார் பற்றி பேசினார்,இளவரசன் கொன்றார் பற்றி பேசினார்
அரசி பற்றி தொடங்கினார்,அரசி தொடங்கினார் பற்றி பேசினார்
மாதவி மீது முடித்தார் விருப்பம்,மாதவி மீது முடித்தார் விருப்பம்
மாதவி கண்டான் செய்தான்,மாதவி பிறகு கண்டான் செய்தார்
முனிவர் ஆனார் செய்தார் காரணமாக,முனிவர் காரணமாக செய்தார் ஆனார்
மணிமேகல சென்றான் பயன்படுத்த,மணிமேகலை முறைகள் சென்றார் பயன்படுத்த
உதயகுமாரன் மீது முடித்தார் விருப்பம்,உதயகுமாரன் மீது முடித்தார் விருப்பம்
மன்னன் ன்று கூறினார் நினைத்தார்,மன்னன் என்று கூறினார் நினைத்தார்
தெய்வம் மறாினார் கூறினார் ஆக,தெய்வம் ஆக கூறினார் மாறினார்
அரவணடிகள் பயன்படுத்த முறைகள் वிரும்பினான்,அரவணஅடிகள் முறைகள் वிரும்பினான் பயன்படுத்த
காவேரிப்பட்டினம் பேசினார் பற்றி அழைத்தார்,காவேரிப்பட்டினம் அழைத்தார் பற்றி பேசினார்
உதயகுமாரன் பயணித்தான் பற்றி பேசினார்,உதயகுமாரன் பயணித்தான் பற்றி பேசினார்
பாட்டி தீங்கு தப்பித்தார் விளைவிக்கும்,பாட்டி தீங்கு தப்பித்தார் விளைவிக்கும்
அமுதசுரபி சிறிது சிறிது பிறகு பயணித்தான் செய்தான்,அமுதசுரபி பிறகு பயணித்தான் செய்தார்
வஞ்சி மற்றும் செய்தான் சந்தித்தான்,வஞ்சி மற்றும் செய்தார் சந்தித்தார்
பாத்திரம் காரணங்கள் பேினான் முக்கியம்,பாத்திரம் காரணங்கள் பேசினான் முக்கியம்
நுரையீரல் தப்பித்தான் ஆகும்,நுரையீரல் மாசு தப்பித்தான் ஆகும்
இளவரசன் கூறினார் தவிர்க்க வண்டும்,இளவரசன் தவிர்க்க கூறினார் வேண்டும்
மணிப்பவளம் உள்ள वிரும்பினான் கண்டான்,மணிப்பவளம் உள்ள वிரும்பினான் கண்டார்
உதயகுமாரன் முறைகள் செய்தார் பயன்படுத்த,உதயகுமாரன் முறைகள் செய்தார் பயன்படுத்த
இந்திரன் கண்டான் அழைத்தான் உள்ள,இந்திரன் உள்ள அழைத்தான் கண்டார்
காப்பியம் இல் நினைத்தாள் முன்பு நடைபெற்றது,காப்பியம் இல் நினைத்தார் நடைபெற்றது
ஒலி மிகவும் மாசு ஒளி ஆகும்,ஒலி மாசு ஒளி ஆகும்
மணிமேகலை என்று கூறினார் நினைத்தார்,மணிமேகலை என்று கூறினார் நினைத்தார்
சுதாமதி தவிர்க்க அழைத்தான் வேண்டும்,சுதாமதி தவிர்க்க அழைத்தான் வேண்டும்
சுதாமதி வந்தார் உள்ளன,சுதாமதி விளைவுகள் வந்தார் உள்ளன
சுத்தம் நுரையீரல் மாசு ஆகுமம்,சுத்தம் மாசு நுரையீரல் ஆகும்
துறவி முக்கியம் காரணங்கள் றுத்தான்,துறவி காரணங்கள் மறுத்தான் முக்கியம்
தீவு பாதிப்பு கொன்றார் ஏற்படுத்தும்,தீவு பாதிப்பு கொன்றார் ஏற்படுத்தும்
விழா உள்ள க்டார் வந்தான்,விழா உள்ள வந்தான் கண்டார்
ஆபுத்திரன் முகக்கியம் செய்தான் காரணங்கள்,ஆபுத்திரன் காரணங்கள் செய்தான் முக்கியம்
விவசாயம் கழிவுகள் சேர்த்தல் ஒலி,விவசாயம் கழிவுகள் ஒலி சேர்த்தல்
உதயகுமாரன் இருந்து வந்தார்,உதயகுமாரன் இருந்து அழைத்தான் வந்தார்
அமுதசுரபி பிறகு கொன்றான் செய்தார்,அமுதசுரபி பிறகு கொன்றான் செய்தார்
காயசண்்டிகை இல் செய்தாள் நடைபெற்றது,காயசண்டிகை இல் செய்தார் நடைபெற்றது
காவேரிப்பட்டினம் காரணமாக தப்பித்தான் ஆனார்,காவேரிப்பட்டினம் காரணமாக தப்பித்தான் ஆனார்
மணிமேகலை இருந்து மறுத்தான் ந்தார்,மணிமேகலை இருந்து மறுத்தான் வந்தார்
இந்திரன் இருந்து விரும்பினான் சில வந்தான்,இந்திரன் இருந்து விரும்பினார் வந்தார்
அரசி காரணங்கள் மிகவும் வந்தார் முக்கியம்,அரசி காரணங்கள் வந்தார் முக்கியம்
அரசி மீுத கூறினார் விருப்பம்,அரசி மீது கூறினார் விருப்பம்
சிலப்பதிகாரம் வந்தாள் தவிர்க்க வேண்டும்,சிலப்பதிகாரம் தவிர்க்க வந்தான் வேண்டும்
காவேரிப்பட்டினம் காரணங்கள் செய்தாள் முக்கியம்,காவேரிப்பட்டினம் காரணங்கள் செய்தான் முக்கியம்
முனிவர் காரணமாக மறுத்தாள் முன்பு ஆனாள்,முனிவர் காரணமாக மறுத்தார் ஆனார்
முனிவர் சில பாதிப்பு தப்பித்தான் ஏற்படுத்தும்,முனிவர் பாதிப்பு தப்பித்தான் ஏற்படுத்தும்
நகரம் சென்றார் காரணங்கள்,நகரம் காரணங்கள் சென்றார் முக்கியம்
சிலப்பதிகாரம் ஆனார் சில காரணமாக,சிலப்பதிகாரம் காரணமாக வந்தான் ஆனார்
அரசி தப்பித்தான் காரணங்கள் முக்கியம்,அரசி காரணங்கள் தப்பித்தார் முக்கியம்
ஆபுத்திரன் பிறகு அழைத்தான் செய்தார்,ஆபுத்திரன் பிறகு அழைத்தான் செய்தார்
அரவணஅடிகள் பாதிப்பு தப்பித்தார் முன்பு ஏற்படுத்தும்,அரவணஅடிகள் பாதிப்பு தப்பித்தார் ஏற்படுத்தும்
அமுதுரபி பிறகு கொன்றார் செய்தார்,அமுதசுரபி பிறகு கொன்றார் செய்தார்
நகரம் காரணமாக கொன்றான் ஆனான்,நகரம் காரணமாக கொன்றார் ஆனார்
பாத்திரம் விளைவுகள் மறுத்தான் பின்பு உள்ளன,பாத்திரம் விளைவுகள் மறுத்தான் உள்ளன
தெய்வம் இருந்து கண்டான் வந்தார்,தெய்வம் இருந்து கண்டான் வந்தார்
பாத்திரம் பாதிப்பு பின்பு ஏற்படுத்தும்,பாத்திரம் பாதிப்பு முடித்தார் ஏற்படுத்தும்
வஞ்சி ஒருசில தவிர்க்க தப்பித்தார் வேண்டும்,வஞ்சி தவிர்க்க தப்பித்தார் வேண்டும்
சுததம் வாகனம் ஆகும்,சுத்தம் மாசு வாகனம் ஆகும்
இளவரசன் மற்றும் மறுத்தார் சந்தித்தார்,இளவரசன் மற்றும் மறுத்தார் சந்தித்தார்
மணிப்பவளம் இல் நடைபெற்றது கூறினார்,மணிப்பவளம் இல் கூறினார் நடைபெற்றது
வித்யாதரன் விளைவுகள் தப்பித்தான் உள்ளன,வித்யாதரன் விளைவுகள் தப்பித்தான் உள்ளன
துறவி என்று மறுத்தான் நினைத்தார்,துறவி என்று மறுத்தான் நினைத்தார்
கழிவு கழிவுகள் நீர் சேர்த்தல்,கழிவு கழிவுகள் நீர் சேர்த்தல்
ஆபுத்திரன் உள்ள செய்தான் கண்டார்,ஆபுத்திரன் உள்ள செய்தான் கண்டார்
அரவணடிகள் உள்ள சென்றார் கண்டார்,அரவணஅடிகள் உள்ள சென்றார் கண்டார்
முனிவர் காரணங்கள் செய்தான் முக்கியம்,முனிவர் காரணங்கள் செய்தான் முக்கியம்
விவசாயம் கழிவுகள் கழிவு சேர்த்தல்,விவசாயம் கழிவுகள் கழிவு சேர்த்தல்
மன்னன் மறுத்தான் பற்றி பேேசினான்,மன்னன் மறுத்தான் பற்றி பேசினார்
காவேரிப்பட்டினம் ஏற்படுத்தும் மறுத்தான் பாதிப்பு,காவேரிப்பட்டினம் பாதிப்பு மறுத்தான் ஏற்படுத்தும்
வஞ்சி தப்பித்தான் தவிர்க்க வேண்டும்,வஞ்சி தவிர்க்க தப்பித்தான் வேண்டும்
மன்னன் மீது கூறினாள் விருப்பம்,மன்னன் மீது கூறினார் விருப்பம்
வாகனம் மாசு நீர் ஆகும்,வாகனம் மாசு நீர் ஆகும்
விழா விளைவுகள் செய்தார் உள்ளன,விழா விளைவுகள் செய்தார் உள்ளன
வெள்ம் மாசு பேசினான் ஆகும்,வெள்ளம் மாசு பேசினான் ஆகும்
இந்திரன் உள்ள கண்டார்,இந்திரன் உள்ள கூறினார் கண்டார்
காயசண்டிகை பார்த்தார் சு்ததம் செய்ய,காயசண்டிகை சுத்தம் பார்த்தார் செய்ய
மன்னன் உள்ள சிறிது பான்த்தான் கண்டான்,மன்னன் உள்ள பார்த்தார் கண்டார்
சுத்தம் கழிவுகள் நீர் சேர்த்தல்,சுத்தம் கழிவுகள் நீர் சேர்த்தல்
காவேரிப்பட்டினம் செய்தார் கொன்றான் பிறகு,காவேரிப்பட்டினம் பிறகு கொன்றான் செய்தார்
சிலப்பதிகாரம் மீது அழைத்தான் விருப்பம்,சிலப்பதிகாரம் மீது அழைத்தான் விருப்பம்
வெள்ளம் ஒளி சேர்த்தல்,வெள்ளம் கழிவுகள் ஒளி சேர்த்தல்
சுத்தம் மாசு காற்று ஆும்,சுத்தம் மாசு காற்று ஆகும்
காவேரிப்பட்டினம் மற்றும் சந்தித்தார் தொஙட்கினார்,காவேரிப்பட்டினம் மற்றும் தொடங்கினார் சந்தித்தார்
உதயகுமாரன் வந்தான் சந்தித்தான்,உதயகுமாரன் மற்றும் வந்தான் சந்தித்தார்
சுதமதி தீங்கு வந்தார் விளைவிக்கும்,சுதாமதி தீங்கு வந்தார் விளைவிக்கும்
மதுரை உஉள்ள கொன்றான் கண்டார்,மதுரை உள்ள கொன்றான் கண்டார்
முனிர் மிகவும் பேசினான் பற்றி பேசினார்,முனிவர் பேசினான் பற்றி பேசினார்
தெய்வம் தவிர்க்க விரும்பினார் வேண்டும்,தெய்வம் தவிர்க்க விரும்பினார் வேண்டும்
முனிவர் இல் மிகவும் நினைத்தார் நடைபெற்றது,முனிவர் இல் நினைத்தார் நடைபெற்றது
முனிவர் சென்றான் விருப்பம்,முனிவர் மீது சென்றார் விருப்பம்
ஒலி ஒலி ஆகும்,ஒலி மாசு ஒலி ஆகும்
தெய்வம் வந்தான் வந்தான்,தெய்வம் இருந்து வந்தார் வந்தார்
பாட்டி முறைகள் வந்தான் பயன்படுத்த,பாட்டி முறைகள் வந்தான் பயன்படுத்த
பாட்டி தவிர்க்க பேசினான் வேண்டும்,பாட்டி தவிர்க்க பேசினான் வேண்டும்
அரசி वிரும்பினனான் நடைபெற்றது,அரசி இல் वிரும்பினான் நடைபெற்றது
விவசாயம் கழிவுகள் தொழிற்சாலை சேர்த்தல்,விவசாயம் கழிவுகள் தொழிற்சாலை சேர்த்தல்
இளவரசன் தவிர்க்க சென்றார் வேண்டும்,இளவரசன் தவிர்க்க சென்றார் வேண்டும்
விழா காரணங்கள் முக்கியம் கொன்றான்,விழா காரணங்கள் கொன்றான் முக்கியம்
மன்னன் கொன்றார் சுத்தம் செய்ய முன்பு,மன்னன் சுத்தம் கொன்றார் செய்ய
சுத்தம் நதி ஆகும்,சுத்தம் மாசு நதி ஆகும்
பாத்திரம் இல் சிறிது பேசினான் நடைபெற்றது,பாத்திரம் இல் பேசினான் நடைபெற்றது
தெய்வம் என்று நினைத்தார்,தெய்வம் என்று கண்டான் நினைத்தார்
மாசு சுத்தம் சேர்த்தல்,மாசு கழிவுகள் சுத்தம் சேர்த்தல்
முனிவர் முறைகள் பயன்படுத்த வந்தான்,முனிவர் முறைகள் வந்தான் பயன்படுத்த
வஞ்சி செய்தார் பற்றி சிறிது பேசினார்,வஞ்சி செய்தார் பற்றி பேசினார்
வாகனம் கழிவுகள் வாகனம் பின்பு சேர்த்தல்,வாகனம் கழிவுகள் வாகனம் சேர்த்தல்
வஞ்சி தவரி்க்க பேசினார் வேண்டும்,வஞ்சி தவிர்க்க பேசினார் வேண்டும்
உதயகுமரன் சுத்தம் தப்பித்தான் செய்ய,உதயகுமாரன் சுத்தம் தப்பித்தான் செய்ய
அரவணஅடிகள் விளைவுகள் செய்தான் உள்ளன,அரவணஅடிகள் விளைவுகள் செய்தான் உள்ளன
பாட்டி மீது அழைத்தான் சிறிது விருப்பம்,பாட்டி மீது அழைத்தான் விருப்பம்
காப்பியம் மறுத்தார் உள்ளன,காப்பியம் விளைவுகள் மறுத்தார் உள்ளன
கோவலன் சுத்தம் மறுத்தார் செய்ய,கோவலன் சுத்தம் மறுத்தார் செய்ய
நதி மாசு கழவு ஆகும்,நதி மாசு கழிவு ஆகும்
தெய்வம் தவிர்க்க பேசினார் வேண்டும்,தெய்வம் தவிர்க்க பேசினார் வேண்டும்
அரசி பாதிப்பு கண்டான் ஏற்படுத்தும்,அரசி பாதிப்பு கண்டான் ஏற்படுத்தும்
இளவரசன் சிறிது முறைகள் பயன்படுத்த தப்பித்தான்,இளவரசன் முறைகள் தப்பித்தார் பயன்படுத்த
மணிமேகல முறைகள் தப்பித்தானன் பயன்படுத்த,மணிமேகலை முறைகள் தப்பித்தான் பயன்படுத்த
கோவலன் காரணமாக அழைத்தான் ஆனார்,கோவலன் காரணமாக அழைத்தான் ஆனார்
காவேரிப்பட்டினம் இருந்தது மறுத்தான் வந்தார்,காவேரிப்பட்டினம் இருந்து மறுத்தான் வந்தார்
துறவி இருந்து அழைத்தான் வந்தான்,துறவி இருந்து அழைத்தான் வந்தார்
விழா ஆக சிறிது பேசினார் மாறினார்,விழா ஆக பேசினார் மாறினார்
காாயசண்டிகை என்று நினைத்தார் றமுத்தார்,காயசண்டிகை என்று மறுத்தார் நினைத்தார்
காயசண்டிகை காரணமாக அழைத்தான் ஆனான்,காயசண்டிகை காரணமாக அழைத்தான் ஆனார்
வித்யாதரன் முறைகள் பேசினார் சிறிது மிகவும் பயன்படுத்த,வித்யாதரன் முறைகள் பேசினார் பயன்படுத்த
ஆபுத்திரன் நினனைத்தார் பாதிப்பு ஏற்படுத்தும்,ஆபுத்திரன் பாதிப்பு நினைத்தார் ஏற்படுத்தும்
விழா மிகவும் தீங்கு செய்தான் விளைவிக்கும்,விழா தீங்கு செய்தான் விளைவிக்கும்
பாட்டி விருப்பம் சில அழைத்தான் மீது,பாட்டி மீது அழைத்தார் விருப்பம்
மணிமேகல சுத்தம் பான்த்தான் செய்ய,மணிமேகலை சுத்தம் பார்த்தார் செய்ய
முனிவர் பிறகு செய்தார் செய்தார்,முனிவர் பிறகு செய்தார் செய்தார்
ஜாவாதீவு நினைத்தார் பார்த்்தார் என்று,ஜாவாதீவு என்று பார்த்தார் நினைத்தார்
பாத்திரம் சிறிது முறைகள் மறுத்தார் பயன்படுத்த,பாத்திரம் முறைகள் மறுத்தார் பயன்படுத்த
மதுரை முறைகள் பார்த்்தார் பயன்படுத்த,மதுரை முறைகள் பார்த்தார் பயன்படுத்த
முனிவர் சென்றார் ஆனார்,முனிவர் காரணமாக சென்றார் ஆனார்
நகரம் தப்பி்ததார் உள்ளன,நகரம் விளைவுகள் தப்பித்தார் உள்ளன
கோவலன் தவிர்்க்க மறுத்தாள் வேண்டும்,கோவலன் தவிர்க்க மறுத்தான் வேண்டும்
உதயகுமாரன் இருந்து வந்தார்,உதயகுமாரன் இருந்து பேசினார் வந்தார்
மணிப்பவளம் மீது தப்பித்தான் விருப்பம்,மணிப்பவளம் மீது தப்பித்தார் விருப்பம்
நகரம் இல் தொடங்கினார் நடைபெற்றது,நகரம் இல் தொடங்கினார் நடைபெற்றது
அமுதசுரபி முன்பு விளைவுகள் சில மறுத்தார் உளள்ன,அமுதசுரபி விளைவுகள் மறுத்தார் உள்ளன
மணிமேகலை வந்தார் நினைத்தார் இருந்தது,மணிமேகலை இருந்து நினைத்தார் வந்தார்
துறவி ஆக கண்டான் மாறினார்,துறவி ஆக கண்டான் மாறினார்
முனிவர் காரணமாக ஆனார்,முனிவர் காரணமாக கொன்றான் ஆனார்
விவசாயம் கழிவுகள் காற்று சேர்த்தல்,விவசாயம் கழிவுகள் காற்று சேர்த்தல்
பாத்திரம் என்று தொடங்கினார் நினைத்தார்,பாத்திரம் என்று தொடங்கினார் நினைத்தார்
சிலப்பதிகாரம் சிறிது சுத்தம் பார்த்தார் செய்ய,சிலப்பதிகாரம் சுத்தம் பார்த்தார் செய்ய
தீவு முறைகள் பயன்படுத்த கண்டான்,தீவு முறைகள் கண்டான் பயன்படுத்த
கோவலன் மீது தப்பித்தான் விருப்பம்,கோவலன் மீது தப்பித்தான் விருப்பம்
மணிமேகலை சுத்தம் பேசினார் செய்ய,மணிமேகலை சுத்தம் பேசினார் செய்ய
மன்னன் மீது முன்பு விரும்பினார் விருப்பம்,மன்னன் மீது விரும்பினார் விருப்பம்
மஅுதசுரபி மீது விருப்பம்,அமுதசுரபி மீது கண்டார் விருப்பம்
ஒளி சேர்த்தல் தப்பித்தான் கழிவுகள்,ஒளி கழிவுகள் தப்பித்தான் சேர்த்தல்
மதுரை கராணங்கள் முக்கியம் கண்டார்,மதுரை காரணங்கள் கண்டார் முக்கியம்
மாசு முன்பு டகல் சேர்த்தல்,மாசு கழிவுகள் கடல் சேர்த்தல்
விவசாயம் கழிவுகள் விவசாயம் சேர்த்தல்,விவசாயம் கழிவுகள் விவசாயம் சேர்த்தல்
காயசண்டிகை செய்தார் பயணித்தான்,காயசண்டிகை பிறகு பயணித்தான் செய்தார்
வித்யாதரன் இருந்து மிகவும் மறுத்தா்ர வந்தார்,வித்யாதரன் இருந்து மறுத்தார் வந்தார்
மாதவி உள்ள மறுத்தார் கண்டார்,மாதவி உள்ள மறுத்தார் கண்டார்
மணிப்பவளம் விளைவுகள் செய்தார் உள்ளன,மணிப்பவளம் விளைவுகள் செய்தார் உள்ளன
ஞவ்சி பற்றி பேசினார்,வஞ்சி பார்த்தார் பற்றி பேசினார்
காயசண்டிகை சுத்தம் பயணித்தான் செய்ய சிறிது,காயசண்டிகை சுத்தம் பயணித்தான் செய்ய
ஜாவாதீவு கூறினார் விருப்பம்,ஜாவாதீவு மீது கூறினார் விருப்பம்
உதயகுமாரன் கொன்றாள் முக்கியம்,உதயகுமாரன் காரணங்கள் கொன்றான் முக்கியம்
துறவி கூறினார் செய்தார்,துறவி பிறகு கூறினார் செய்தார்
ஜாவாதீவு பிறகு கூறினாள் செய்தாள்,ஜாவாதீவு பிறகு கூறினார் செய்தார்
மன்னன் மீது விருப்பம் கண்டார்,மன்னன் மீது கண்டார் விருப்பம்
விழா மமற்ுறம் செய்தான் சந்தித்தார்,விழா மற்றும் செய்தான் சந்தித்தார்
அரசசி உள்ள கண்டார்,அரசி உள்ள தப்பித்தார் கண்டார்
மாதவி ஒருசில பிறகு தப்பித்தார் செய்தார்,மாதவி பிறகு தப்பித்தார் செய்தார்
வித்யாதரன் உள்ள முடித்தார் கண்டார்,வித்யாதரன் உள்ள முடித்தார் கண்டார்
இந்திரன் கூறினான் கண்டான்,இந்திரன் உள்ள கூறினார் கண்டார்
விவசாயம் மாசு ஆகும்,விவசாயம் மாசு वிரும்பினான் ஆகும்
மதுரை இருந்து தப்பித்தான் வந்தான்,மதுரை இருந்து தப்பித்தார் வந்தார்
ஆபுத்திரன் பாதிப்பு ஏற்படுத்தும் சென்றார்,ஆபுத்திரன் பாதிப்பு சென்றார் ஏற்படுத்தும்
விழா சில இருந்து பேசினார் வ்தரா்,விழா இருந்து பேசினார் வந்தார்
சிலப்பதிகாரம் மாறினான் वிரும்பினான் ஆக,சிலப்பதிகாரம் ஆக वிரும்பினான் மாறினார்
சுதாமதி நினைத்தார் பற்றி பேசினார்,சுதாமதி நினைத்தார் பற்றி பேசினார்
நுரையீரல் கழிவுகள் வெள்ளம் சேர்த்தல்,நுரையீரல் கழிவுகள் வெள்ளம் சேர்த்தல்
மணிப்பவளம் முறைகள் वிரும்பினான் சில பயன்படுத்த,மணிப்பவளம் முறைகள் वிரும்பினான் பயன்படுத்த
ஆபுத்திரன் இல் நடைபெற்றது,ஆபுத்திரன் இல் பார்த்தார் நடைபெற்றது
மணிப்பவளம் மீது செய்தார் விருப்பம்,மணிப்பவளம் மீது செய்தார் விருப்பம்
ஆபத்திரன் பார்த்தார் பற்றி பேசினார்,ஆபுத்திரன் பார்த்தார் பற்றி பேசினார்
மாதவி பாதிப்பு ஏற்படுத்தும்,மாதவி பாதிப்பு செய்தார் ஏற்படுத்தும்
அமுதசுரபி இல் செய்தான் ஒருசில நடைபெற்றது,அமுதசுரபி இல் செய்தான் நடைபெற்றது
அமதுசுரபி கூறினார் பற்றி பேசினார்,அமுதசுரபி கூறினார் பற்றி பேசினார்
ளஇவரசன் மறுத்தான் மற்றும் சந்தித்தான்,இளவரசன் மற்றும் மறுத்தார் சந்தித்தார்
தீவு அழைத்தார் இல் சில நடைபெற்றது,தீவு இல் அழைத்தார் நடைபெற்றது
காப்பியம் மீது அழைத்தான் விருப்பம்,காப்பியம் மீது அழைத்தான் விருப்பம்
ஜாவாதீவு பிறகு செய்தான் செய்தார்,ஜாவாதீவு பிறகு செய்தான் செய்தார்
ஆபுத்திரன் ஆக மாறினார் பயணித்தான்,ஆபுத்திரன் ஆக பயணித்தான் மாறினார்
உதயகுமாரன் வேண்டும் தவிர்க்க பேசினான்,உதயகுமாரன் தவிர்க்க பேசினார் வேண்டும்
மதுரை செய்தார் மறுத்தான் பிறகு,மதுரை பிறகு மறுத்தான் செய்தார்
உதயகுமாரன் விருப்பம் கூறினார் மீது,உதயகுமாரன் மீது கூறினார் விருப்பம்
அரசி மீது கண்டான் விருப்பம்,அரசி மீது கண்டான் விருப்பம்
மன்னன் விரும்பினார் நடைபெற்றது,மன்னன் இல் விரும்பினார் நடைபெற்றது
சுதமதி விளைவுகள் உள்ளன செய்தான்,சுதாமதி விளைவுகள் செய்தார் உள்ளன
வித்யாதரன் தீங்கு செய்தான் விளைவிக்கும்,வித்யாதரன் தீங்கு செய்தான் விளைவிக்கும்
நில மாசு புற்றுநோய் ஆகும்,நில மாசு புற்றுநோய் ஆகும்
சிலப்பதிகாரம் விளைவுகள் பேசினான் உள்ளன,சிலப்பதிகாரம் விளைவுகள் பேசினான் உள்ளன
மணிமேகலை என்று ினைத்தார் கொன்றன்,மணிமேகலை என்று கொன்றான் நினைத்தார்
பாத்திரம் இருந்து செய்தான் வந்தார்,பாத்திரம் இருந்து செய்தான் வந்தார்
காயசண்டிகை என்று முன்பு பயணித்தான் நினைத்தார்,காயசண்டிகை என்று பயணித்தான் நினைத்தார்
கோவலன் காரணங்கள் கூறினான் பின்பு முக்கியம்,கோவலன் காரணங்கள் கூறினார் முக்கியம்
மழை மாாசு நுரையீரல் சிறிது ஆகும்,மழை மாசு நுரையீரல் ஆகும்
வெள்ளம் கழிவுகள் சேர்த்தல்,வெள்ளம் கழிவுகள் கண்டான் சேர்த்தல்
ஜாவாதீவு விரும்பினார் பேசினார்,ஜாவாதீவு விரும்பினார் பற்றி பேசினார்
நககரம் மீது தப்பித்தான் விருப்பம்,நகரம் மீது தப்பித்தான் விருப்பம்
கழிவு கழிவுகள் நதி சேர்த்தல்,கழிவு கழிவுகள் நதி சேர்த்தல்
விழா மீது கண்டான் முன்பு விருப்பம்,விழா மீது கண்டான் விருப்பம்
மழை மாசு ஒளி ஆகும்,மழை மாசு ஒளி ஆகும்
கழிவு ஆகும் ஒருசில மாசு,கழிவு மாசு காற்று ஆகும்
காயசண்டிகை தீங்கு மறுத்தான் விளைவிக்கும்,காயசண்டிகை தீங்கு மறுத்தான் விளைவிக்கும்
சிலப்பதிகாரம் ஆக மிகவும் மாறினார்,சிலப்பதிகாரம் ஆக மறுத்தார் மாறினார்
இளவரசன் முறைகள் மிகவும் பயன்படுத்த,இளவரசன் முறைகள் அழைத்தான் பயன்படுத்த
பாத்திரம் இல் தொடங்கினார் நடைபெற்றது,பாத்திரம் இல் தொடங்கினார் நடைபெற்றது
இந்திரன் மற்றும் சந்தித்தார் மறுத்தான்,இந்திரன் மற்றும் மறுத்தான் சந்தித்தார்
விழா விளைவுகள் முடித்தார் மிகவும் உள்ளன,விழா விளைவுகள் முடித்தார் உள்ளன
மததுரை ஆக சில வந்தான் மாறினார்,மதுரை ஆக வந்தான் மாறினார்
இந்திரன் தவிர்க்க ழஅைத்தார் வேண்டும்,இந்திரன் தவிர்க்க அழைத்தார் வேண்டும்
வித்யாதரன் உள்ள தொடங்கினார் கண்டார்,வித்யாதரன் உள்ள தொடங்கினார் கண்டார்
தீவு இல் நடைபெற்றது,தீவு இல் அழைத்தார் நடைபெற்றது
இளவரசன் பிறகு தொடங்கினார் செய்தார்,இளவரசன் பிறகு தொடங்கினார் செய்தார்
சிலப்பதிகாரம் விளைவுகள் தொடங்கினார் உள்ளன,சிலப்பதிகாரம் விளைவுகள் தொடங்கினார் உள்ளன
நில ஆகும் வெள்ளம் மாசு,நில மாசு வெள்ளம் ஆகும்
தீவு விளைவுகள் அழைத்தான் உள்ளன,தீவு விளைவுகள் அழைத்தான் உள்ளன
வித்யாதரன் கொன்றார் தவவிர்க்க வேண்டும்,வித்யாதரன் தவிர்க்க கொன்றார் வேண்டும்
வித்யாதரன் உள்ள கண்டார் கண்டார்,வித்யாதரன் உள்ள கண்டார் கண்டார்
அரசி மற்றும் அழதை்தான் சந்தித்தார்,அரசி மற்றும் அழைத்தான் சந்தித்தார்
மணிப்பவளம் மீது மறுத்தான் விருப்பம்,மணிப்பவளம் மீது மறுத்தான் விருப்பம்
பாட்டி கூறினார் மாறினார்,பாட்டி ஆக கூறினார் மாறினார்
ஆபத்திரன் கண்டார் மீது விருப்பம்,ஆபுத்திரன் மீது கண்டார் விருப்பம்
சிலப்பதிகாரம் वிரும்பினான் பற்றி பேசினான்,சிலப்பதிகாரம் वிரும்பினான் பற்றி பேசினார்
ஜாவாதீவு தீங்கு அழைத்தார் விளைவிக்கும்,ஜாவாதீவு தீங்கு அழைத்தார் விளைவிக்கும்
மணிமேகலை இுரந்து அழைத்தார் வந்தார்,மணிமேகலை இருந்து அழைத்தார் வந்தார்
அரவணஅடிகள் மிகவும் மீது கண்டான் விருப்பம்,அரவணஅடிகள் மீது கண்டான் விருப்பம்
வஞ்சி இல் மறுத்தான் நடைபெற்றது,வஞ்சி இல் மறுத்தான் நடைபெற்றது
நீர மாசு பேசினான் ஆகும்,நீர் மாசு பேசினான் ஆகும்
துறவி பிறகு செய்தான் செய்தார்,துறவி பிறகு செய்தான் செய்தார்
அரவணஅடிகள் செய்தார் வந்தார் பிகறு,அரவணஅடிகள் பிறகு வந்தார் செய்தார்
காயசண்டிகை இருந்து கூறினார் வந்தார்,காயசண்டிகை இருந்து கூறினார் வந்தார்
தெய்வம் மற்றும் விரும்பினார் சந்தித்தார்,தெய்வம் மற்றும் விரும்பினார் சந்தித்தார்
வஞ்சி மீது அழைத்தான் விருப்பம்,வஞ்சி மீது அழைத்தான் விருப்பம்
முனிவர் பிறகு செய்தார்,முனிவர் பிறகு சென்றார் செய்தார்
வெள்ளம் மறுத்தாள் ஆகும்,வெள்ளம் மாசு மறுத்தான் ஆகும்
சுத்தம் மாசு சிறிது ஆகும்,சுத்தம் மாசு வெள்ளம் ஆகும்
நதி கழிவுகள் பேசினான் மிகவும் சேர்த்தல்,நதி கழிவுகள் பேசினான் சேர்த்தல்
அரவணஅடிகள் மீது அழைத்தான் விருப்பம்,அரவணஅடிகள் மீது அழைத்தான் விருப்பம்
கடல் மாசு வந்தான் ஆகும்,கடல் மாசு வந்தான் ஆகும்
நகரம் தவிர்க்க தொடங்கினார் வேண்டும்,நகரம் தவிர்க்க தொடங்கினார் வேண்டும்
விழா தவிர்க்க செய்தான் வேண்டும்,விழா தவிர்க்க செய்தான் வேண்டும்
ஜாவாதீவு சிறிது பிறகு அைத்தான் சில செய்தார்,ஜாவாதீவு பிறகு அழைத்தான் செய்தார்
தமுரை செய்தான் பயன்படுத்த,மதுரை முறைகள் செய்தார் பயன்படுத்த
மன்னன் மறுத்தான் சந்தித்தான்,மன்னன் மற்றும் மறுத்தார் சந்தித்தார்
பாத்திரம் தவிர்க்க நினைத்தார் வேண்டும்,பாத்திரம் தவிர்க்க நினைத்தார் வேண்டும்
அமுதசுரபி என்று சென்றார் நினைத்தார்,அமுதசுரபி என்று சென்றார் நினைத்தார்
தெய்வம் மிகவும் ஆக அழைத்தான் மாறினான்,தெய்வம் ஆக அழைத்தார் மாறினார்
இளவரசன் கொன்றார் காரணமாக,இளவரசன் காரணமாக கொன்றார் ஆனார்
அரவணஅடிகள் பற்றி பேசினார்,அரவணஅடிகள் விரும்பினார் பற்றி பேசினார்
வெள்ளம் மாசு சில ஆகும்,வெள்ளம் மாசு செய்தான் ஆகும்
இந்திரன் மீீது தப்பித்தான் விருப்பம்,இந்திரன் மீது தப்பித்தான் விருப்பம்
நகரம் மற்றும் அழைத்தான் சந்தித்தார்,நகரம் மற்றும் அழைத்தான் சந்தித்தார்
உதயகுமரன் உள்ள கண்டார் வந்தான்,உதயகுமாரன் உள்ள வந்தான் கண்டார்
காவேரிப்பட்டினம் வந்தார் ஒருசில பற்றி பேசினார்,காவேரிப்பட்டினம் வந்தார் பற்றி பேசினார்
விழா செய்ய சுத்தம் கண்டார்,விழா சுத்தம் கண்டார் செய்ய
சுதமதி காரணங்கள் பேசினான் முக்கியம்,சுதாமதி காரணங்கள் பேசினான் முக்கியம்
சுதாமதி காரணமாக கண்டார் ஆனார்,சுதாமதி காரணமாக கண்டார் ஆனார்
காற்று கழிவுகள் நுரைீயரல் சேர்த்தல்,காற்று கழிவுகள் நுரையீரல் சேர்த்தல்
உதயகுமரன் தப்பித்தான் விளைவிக்கும்,உதயகுமாரன் தீங்கு தப்பித்தான் விளைவிக்கும்
உதயகுமாரன் விளைவுகள் அழைத்தார் உள்ளன,உதயகுமாரன் விளைவுகள் அழைத்தார் உள்ளன
தீவு முறைகள் கண்டார் பயன்படுத்த,தீவு முறைகள் கண்டார் பயன்படுத்த
மணிமேகல பயணித்தான் பற்றி பேசினார்,மணிமேகலை பயணித்தான் பற்றி பேசினார்
ஒலி மறுத்தான் மாசு ஆகும்,ஒலி மாசு மறுத்தான் ஆகும்
கழிவு ஆகும் தப்பித்தான் மாசு,கழிவு மாசு தப்பித்தான் ஆகும்
ஆபுத்திரன் காரணங்கள் वிரும்பினான் முக்கியம்,ஆபுத்திரன் காரணங்கள் वிரும்பினான் முக்கியம்
முனிவர் மீது கொன்றார் விருப்பம்,முனிவர் மீது கொன்றார் விருப்பம்
காயசண்டிைக ஒருசில இருந்து கண்டான் வந்தார்,காயசண்டிகை இருந்து கண்டான் வந்தார்
அமுதசுரபி காரணமாக ஆனான்,அமுதசுரபி காரணமாக वிரும்பினான் ஆனார்
மாதவி சிறிது விரும்பினான் பற்றி பேசினான்,மாதவி விரும்பினார் பற்றி பேசினார்
கோவலன் பற்றி பேசினான்,கோவலன் மறுத்தார் பற்றி பேசினார்
பாடடி காரணஙக்ள் கூறினான் முக்கியம்,பாட்டி காரணங்கள் கூறினார் முக்கியம்
கழிவு கழிவுகள் நீர சேர்த்தல்,கழிவு கழிவுகள் நீர் சேர்த்தல்
தீவு மற்றும் சந்தித்தார் வந்தான்,தீவு மற்றும் வந்தான் சந்தித்தார்
உதயகுமாரன் ஆக செய்தான் மாறினார்,உதயகுமாரன் ஆக செய்தான் மாறினார்
காப்பியம் இருந்து கண்டார் வந்தார்,காப்பியம் இருந்து கண்டார் வந்தார்
சிலப்பதிகாரம் என்று கொன்றார் பின்பு பின்பு நினைத்தார்,சிலப்பதிகாரம் என்று கொன்றார் நினைத்தார்
சுதாமதி இருந்து வந்தார்,சுதாமதி இருந்து செய்தார் வந்தார்
பாட்டி தீங்கு கூறினார் விளைவிக்கும்,பாட்டி தீங்கு கூறினார் விளைவிக்கும்
தவு வந்தனா் பயன்படுத்த,தீவு முறைகள் வந்தான் பயன்படுத்த
மாதவி மீது விருப்பம் நினைத்தார்,மாதவி மீது நினைத்தார் விருப்பம்
சிலப்பதிகாரம் காரணங்கள் பேசினார் முக்கியம்,சிலப்பதிகாரம் காரணங்கள் பேசினார் முக்கியம்
தெய்வம் மற்றும் சில முடித்தான் சந்தித்தான்,தெய்வம் மற்றும் முடித்தார் சந்தித்தார்
மாதவி தீங்கு செய்தான் விளைவிக்கும்,மாதவி தீங்கு செய்தான் விளைவிக்கும்
இந்திரன் இருந்து கண்டார் சில வந்தார்,இந்திரன் இருந்து கண்டார் வந்தார்
காயசண்டிகை மிகவும் பேசினான் சுத்தம் செய்ய,காயசண்டிகை சுத்தம் பேசினான் செய்ய
மணிப்பவளம் பிறகு பான்த்தான் செய்தான்,மணிப்பவளம் பிறகு பார்த்தார் செய்தார்
பாத்திரம் காரணங்கள் முக்கியம்,பாத்திரம் காரணங்கள் கண்டான் முக்கியம்
துறவி தப்பித்தான் பற்றி பேசினார்,துறவி தப்பித்தான் பற்றி பேசினார்
அரவணடிகள் மறுத்தான் காரணமாக ஆனான்,அரவணஅடிகள் காரணமாக மறுத்தான் ஆனார்
நகரம் காரணமாக கொன்றார் ஆனார்,நகரம் காரணமாக கொன்றார் ஆனார்
முனிவர் காரணங்கள் முக்கியம்,முனிவர் காரணங்கள் மறுத்தான் முக்கியம்
அரவணடஅிகள் பாதிப்பு ஏற்படுத்தும்,அரவணஅடிகள் பாதிப்பு தொடங்கினார் ஏற்படுத்தும்
காயசண்டிகை பாதிப்பு ஏற்படுத்தும்,காயசண்டிகை பாதிப்பு அழைத்தான் ஏற்படுத்தும்
உஉதயகுமாரன் மிகவும் காரணமாக கொன்றான் சிறிது ஆனார்,உதயகுமாரன் காரணமாக கொன்றான் ஆனார்
மணிப்பவளம் பற்றி சில கொன்றான் பேசினான்,மணிப்பவளம் கொன்றார் பற்றி பேசினார்
பாட்டி वிரும்பினான் சந்தித்தான்,பாட்டி மற்றும் वிரும்பினான் சந்தித்தார்
மணிப்பவளம் தவிர்க்க மறுத்தாள் வேண்டும்,மணிப்பவளம் தவிர்க்க மறுத்தான் வேண்டும்
ஞ்சி மற்றும் மறுத்தாான் சந்தித்தார்,வஞ்சி மற்றும் மறுத்தான் சந்தித்தார்
தெய்வம் காரணமாக ஒருசில ஆனார்,தெய்வம் காரணமாக கூறினார் ஆனார்
அரவணஅடிகள் ஆக கொன்றான் மாறினார்,அரவணஅடிகள் ஆக கொன்றான் மாறினார்
தீவு பாதிப்பு கொன்றான் ஏற்படுத்தும்,தீவு பாதிப்பு கொன்றான் ஏற்படுத்தும்
பாத்திரம் ஒருசில மற்றும் சந்தித்தார்,பாத்திரம் மற்றும் அழைத்தார் சந்தித்தார்
தெய்வம் முன்பு காரணமாக பேசினான் மிகவும் ஆனார்,தெய்வம் காரணமாக பேசினான் ஆனார்
உதயகுமாரன் இருந்து முடித்தார் வந்தார்,உதயகுமாரன் இருந்து முடித்தார் வந்தார்
அரசி இல் கண்டார் நடைபெற்றது,அரசி இல் கண்டார் நடைபெற்றது
காவேரிப்பட்டினம் சுுதத்ம் நினைத்தார் செய்ய,காவேரிப்பட்டினம் சுத்தம் நினைத்தார் செய்ய
முனிவர் விளைவுகள் முடித்தார் உள்ளன,முனிவர் விளைவுகள் முடித்தார் உள்ளன
சுதமதி தொடங்கினார் விருப்பம்,சுதாமதி மீது தொடங்கினார் விருப்பம்
துறவி நினைத்தான் மிகவும் பேசினான் என்று,துறவி என்று பேசினார் நினைத்தார்
முனிவர் இருந்து செய்தான் வந்தார்,முனிவர் இருந்து செய்தான் வந்தார்
நதி மாச वிரும்பினான் சில ஆகும்,நதி மாசு वிரும்பினான் ஆகும்
ஜாவாதீவு பயன்படுத்த முறைகள் தப்பித்தார்,ஜாவாதீவு முறைகள் தப்பித்தார் பயன்படுத்த
தொழிற்சாலை கழிவுகள் மிகவும் வாகனம் சேர்த்தல்,தொழிற்சாலை கழிவுகள் வாகனம் சேர்த்தல்
முனிவர் முன்பு முறைகள் பயன்படுத்த,முனிவர் முறைகள் கொன்றார் பயன்படுத்த
மன்னன் பிறகு நினைத்தான் செய்தான்,மன்னன் பிறகு நினைத்தார் செய்தார்
காப்பியம் தவிர்க்க வேண்டு்,காப்பியம் தவிர்க்க வந்தான் வேண்டும்
காவேரிப்பட்டினம் உள்ளன மறுத்தான் விளைவுகள்,காவேரிப்பட்டினம் விளைவுகள் மறுத்தார் உள்ளன
சிலப்பதிகாரம் வந்தாள் காரணங்கள் முக்கியம்,சிலப்பதிகாரம் காரணங்கள் வந்தான் முக்கியம்
மதுரை தவிர்க்க பார்த்தார் வேண்டும்,மதுரை தவிர்க்க பார்த்தார் வேண்டும்
மழை மாசு வெள்ளம் ஆகும்,மழை மாசு வெள்ளம் ஆகும்
முனிவர் இருந்து பயணித்தான் வந்தார்,முனிவர் இருந்து பயணித்தான் வந்தார்
ஒளி மாசு விவசாயம் ஆகும்,ஒளி மாசு விவசாயம் ஆகும்
பாட்டி விரும்பினார் பற்றி பேசினார்,பாட்டி விரும்பினார் பற்றி பேசினார்
வித்யாதரன் மறுத்தார் தீங்கு மிகவும் விளைவிக்கும்,வித்யாதரன் தீங்கு மறுத்தார் விளைவிக்கும்
அரசி சென்றார் தவிர்க்க வேண்டும்,அரசி தவிர்க்க சென்றார் வேண்டும்
அமுதசுரபி ஆக பேசினான் மாறினார்,அமுதசுரபி ஆக பேசினான் மாறினார்
காப்பியம் பேசினான் பற்்றி பேசினார்,காப்பியம் பேசினான் பற்றி பேசினார்
தீவு செய்ய கண்டான் சுத்தம்,தீவு சுத்தம் கண்டார் செய்ய
நீர மாசு கண்டாள் ஆகும்,நீர் மாசு கண்டான் ஆகும்
காவேரிப்பட்டினம் பிறகு அழைத்தான் செய்தார்,காவேரிப்பட்டினம் பிறகு அழைத்தான் செய்தார்
நகரம் முறைகள் தொடங்கினார் பயன்படுத்த,நகரம் முறைகள் தொடங்கினார் பயன்படுத்த
மதுரை சுத்தம் வந்தார் செய்ய,மதுரை சுத்தம் வந்தார் செய்ய
வித்யாதரன் முடித்தார் விளைவிக்கும்,வித்யாதரன் தீங்கு முடித்தார் விளைவிக்கும்
இந்திரன் பாதிப்பு வந்ாதள் ஏற்படுத்தும்,இந்திரன் பாதிப்பு வந்தான் ஏற்படுத்தும்
வெள்ளம் நில ஆகும்,வெள்ளம் மாசு நில ஆகும்
காப்பியம் முன்பு பிறகு பார்த்தார் செய்தார்,காப்பியம் பிறகு பார்த்தார் செய்தார்
மதுரை பேசினான் பற்றி பேசினார்,மதுரை பேசினான் பற்றி பேசினார்
வித்யாதரன் இல் கொன்றார் சிறிது நடைபெற்றது,வித்யாதரன் இல் கொன்றார் நடைபெற்றது
இளவரசன் சுத்தம் செய்ய,இளவரசன் சுத்தம் விரும்பினார் செய்ய
அமுதசுரபி தவிர்க்க வேண்டும்,அமுதசுரபி தவிர்க்க கொன்றார் வேண்டும்
நகரரம் ஆக சிறிது விரும்பினார் மாறினார்,நகரம் ஆக விரும்பினார் மாறினார்
முனிவர் என்று ஒருசில அழைத்தான் நினைத்தார்,முனிவர் என்று அழைத்தான் நினைத்தார்
வெள்ளம் சேர்த்தல் பயணித்தான் கழிவுகள்,வெள்ளம் கழிவுகள் பயணித்தான் சேர்த்தல்
நகரம் மற்றும் அழைத்தார் சந்தித்தார்,நகரம் மற்றும் அழைத்தார் சந்தித்தார்
மதுரை கண்டார் மாறினார்,மதுரை ஆக கண்டார் மாறினார்
சுதாமதி முறைகள் அழைத்தான் பயன்படுத்த,சுதாமதி முறைகள் அழைத்தான் பயன்படுத்த
காயசண்டிகை பயன்படுத்த முறைகள் நினைத்தான்,காயசண்டிகை முறைகள் நினைத்தார் பயன்படுத்த
அரசி நினைத்தான் காரணங்கள் சில முக்கியம்,அரசி காரணங்கள் நினைத்தார் முக்கியம்
இளவரசன் காரணமாக ஆனார் செய்தார்,இளவரசன் காரணமாக செய்தார் ஆனார்
முனிவர் உள்ள கண்டார் वிரும்பினான்,முனிவர் உள்ள वிரும்பினான் கண்டார்
உதயகுமாரன் மீது நினைத்தார் விருப்பம்,உதயகுமாரன் மீது நினைத்தார் விருப்பம்
தீவு உள்ள தொடங்கினார் கண்டார்,தீவு உள்ள தொடங்கினார் கண்டார்
மணிமேகலை முறைகள் பயன்படுத்த,மணிமேகலை முறைகள் பேசினான் பயன்படுத்த
மன்னன் பிறகு செய்தார்,மன்னன் பிறகு செய்தான் செய்தார்
நகரம் மிகவும் வதிர்க்க கொன்றார் வேண்டும்,நகரம் தவிர்க்க கொன்றார் வேண்டும்
இளவரசன் இல் கூறினார் நைடபெற்றது,இளவரசன் இல் கூறினார் நடைபெற்றது
தெய்வம் மீது முன்பு செனறார் விருப்பம்,தெய்வம் மீது சென்றார் விருப்பம்
அரசி விளைவுகள் உள்ளன அழைத்தாள்,அரசி விளைவுகள் அழைத்தான் உள்ளன
காப்பியம் என்று நினைத்தான் முடித்தான்,காப்பியம் என்று முடித்தார் நினைத்தார்
முனிவர் மிகவும் நினைத்தார் மறுத்தார் என்று,முனிவர் என்று மறுத்தார் நினைத்தார்
முனிவர் விளைவுகள் தொடங்கினார் உள்ளன,முனிவர் விளைவுகள் தொடங்கினார் உள்ளன
துறவி தீங்கு விரும்பினான் விளைவிக்கும்,துறவி தீங்கு விரும்பினார் விளைவிக்கும்
புற்றுநோய் மாசு ஆகும் கடல்,புற்றுநோய் மாசு கடல் ஆகும்
தீவு உள்ள தப்பித்தான் கண்டார்,தீவு உள்ள தப்பித்தான் கண்டார்
ஜாவாதீவு என்று அழைத்தார் நினைத்தார்,ஜாவாதீவு என்று அழைத்தார் நினைத்தார்
வித்யாதரன் தவிர்க்க செய்தான் வேண்டும்,வித்யாதரன் தவிர்க்க செய்தார் வேண்டும்
வஞ்சி மிகவும் கூறினான் சுத்தம் செய்ய,வஞ்சி சுத்தம் கூறினார் செய்ய
அமுதசுரபி சுத்தம் மறுத்தான் செய்ய,அமுதசுரபி சுத்தம் மறுத்தான் செய்ய
பாட்டி கொன்றான் மற்றும் சந்தித்தா்ர,பாட்டி மற்றும் கொன்றான் சந்தித்தார்
விழா தவிர்க்க மறுத்தாள் வேண்டும்,விழா தவிர்க்க மறுத்தான் வேண்டும்
அரசி இருந்து சில மிகவும் தப்பித்தார் முன்பு வந்தார்,அரசி இருந்து தப்பித்தார் வந்தார்
மணிப்பவளம் கராணமாக சென்றான் ஆனான்,மணிப்பவளம் காரணமாக சென்றார் ஆனார்
காப்பியம் இருந்து வந்தான் தப்பதி்தான்,காப்பியம் இருந்து தப்பித்தான் வந்தார்
ஆபுத்திரன் விளைவுகள் மறுத்தான் உள்ளன,ஆபுத்திரன் விளைவுகள் மறுத்தான் உள்ளன
நில மிகவும் மாச வந்தான் முன்பு ஆகும்,நில மாசு வந்தான் ஆகும்
தெய்வம் ஏற்படுத்தும் முன்பு கொன்றான் பாதிப்பு,தெய்வம் பாதிப்பு கொன்றான் ஏற்படுத்தும்
மாதவி முறைகள் முடித்தார் பயன்படுத்த,மாதவி முறைகள் முடித்தார் பயன்படுத்த
தெய்வம் காரணமாக ஆனார்,தெய்வம் காரணமாக முடித்தார் ஆனார்
காப்பியம் மற்றும் பின்பு பயணித்தான் ஒருசில சந்தித்தார்,காப்பியம் மற்றும் பயணித்தான் சந்தித்தார்
உதயகுமாரன் என்று கொன்றார் நினைத்தார்,உதயகுமாரன் என்று கொன்றார் நினைத்தார்
நகரம் சுத்தம் மிகவும் மறுத்தார் செ்யய,நகரம் சுத்தம் மறுத்தார் செய்ய
முனிவர் மீது பேசினான் விருப்பம்,முனிவர் மீது பேசினான் விருப்பம்
விழா பான்த்தான் நடைபெற்றது,விழா இல் பார்த்தார் நடைபெற்றது
பாட்டி செய்தான் பாதிப்பு ஏற்படுத்தும்,பாட்டி பாதிப்பு செய்தார் ஏற்படுத்தும்
ஆபுத்திரன் தவிர்க்க வேண்டும் மறுத்தார்,ஆபுத்திரன் தவிர்க்க மறுத்தார் வேண்டும்
சுதமதி வந்தான் மீது விருப்பம்,சுதாமதி மீது வந்தான் விருப்பம்
விழா பேசினான் முக்கியம்,விழா காரணங்கள் பேசினான் முக்கியம்
மதுரை காரணமாக பார்த்தார் ஆனார்,மதுரை காரணமாக பார்த்தார் ஆனார்
தமுரை காரணமாக நினைத்தான் ஆனான்,மதுரை காரணமாக நினைத்தார் ஆனார்
கோவலன் சிறிது மீது தப்பித்தான் விருப்பம்,கோவலன் மீது தப்பித்தான் விருப்பம்
மன்னன் இல் முன்பு அழைத்தார் நடைபெற்றது,மன்னன் இல் அழைத்தார் நடைபெற்றது
அரசி மீது தப்பித்தார் ஒருசில விருப்பம்,அரசி மீது தப்பித்தார் விருப்பம்
இளவரசன் தீங்கு சென்றார் விளைவிக்கும்,இளவரசன் தீங்கு சென்றார் விளைவிக்கும்
அமுதசுரபி சிறிது உள்ள மிகவும் செய்தான் கண்டான்,அமுதசுரபி உள்ள செய்தார் கண்டார்
துறவி காரணங்கள் பார்த்தார் முக்கியம்,துறவி காரணங்கள் பார்த்தார் முக்கியம்
வித்யாதரன் நடைபெறற்றது கூறினார்,வித்யாதரன் இல் கூறினார் நடைபெற்றது
இந்திரன் காரங்கள் பயணித்தான் முக்கியம்,இந்திரன் காரணங்கள் பயணித்தான் முக்கியம்
மாதவி தீங்கு கொன்றார் விளைவிக்கும்,மாதவி தீங்கு கொன்றார் விளைவிக்கும்
அமுதசுரபி காரணமாக தப்பித்தார் ஆனார்,அமுதசுரபி காரணமாக தப்பித்தார் ஆனார்
தெய்வம் மற்றும் சென்றார் சந்தித்தார்,தெய்வம் மற்றும் சென்றார் சந்தித்தார்
மழை முன்பு கழிவுகள் வெள்ளம் சேர்த்தல்,மழை கழிவுகள் வெள்ளம் சேர்த்தல்
அரசி முன்பு ஆக கொனன்றான் மாறினான்,அரசி ஆக கொன்றான் மாறினார்
தொழிற்சாலை கழிவுகள் பின்பு வாகனம் சேர்த்தல்,தொழிற்சாலை கழிவுகள் வாகனம் சேர்த்தல்
வித்யாதரன் காரணமாக பேசினார் ஆனார்,வித்யாதரன் காரணமாக பேசினார் ஆனார்
சிலப்பதிகாரம் பாதப்பு கூறினார் ஏற்படுத்தும்,சிலப்பதிகாரம் பாதிப்பு கூறினார் ஏற்படுத்தும்
தீவு மீது ொகன்றான் விருப்பம்,தீவு மீது கொன்றான் விருப்பம்
ஜாவாதீவு சுத்தம் கூறினார் செய்ய,ஜாவாதீவு சுத்தம் கூறினார் செய்ய
பாட்டி ஆக பயணித்தான் மாறினார்,பாட்டி ஆக பயணித்தான் மாறினார்
ஒலி மாசு சுத்தம் ஆகும்,ஒலி மாசு சுத்தம் ஆகும்
நீர் மாசு மழை மிகவும் ஆகும்,நீர் மாசு மழை ஆகும்
நில கழிவகள் காற்று சேர்த்தல்,நில கழிவுகள் காற்று சேர்த்தல்
நகரம் தவிர்க்க வேண்டும் பயணித்தான்,நகரம் தவிர்க்க பயணித்தான் வேண்டும்
சுத்தம் மாசு நுரையீரல் ஆகும்,சுத்தம் மாசு நுரையீரல் ஆகும்
ஆபுத்திரன் பின்பு உ்ளள கண்டார்,ஆபுத்திரன் உள்ள தொடங்கினார் கண்டார்
அரவணடிகள் பாததிப்பு அழைத்தார் ஏற்படுத்தும்,அரவணஅடிகள் பாதிப்பு அழைத்தார் ஏற்படுத்தும்
ஜாவாதீவு காரணமாக கொன்றார் ஆானர்,ஜாவாதீவு காரணமாக கொன்றார் ஆனார்
ஒளி மாசு கொன்றான் ஆகும்,ஒளி மாசு கொன்றான் ஆகும்
இந்திரன் உள்ள वிரும்பினான் கண்டார்,இந்திரன் உள்ள वிரும்பினான் கண்டார்
தீவு காரணமாக ஆனார்,தீவு காரணமாக பேசினார் ஆனார்
காயசண்டிகை தீங்கு கொன்றான் விளைவிக்கும்,காயசண்டிகை தீங்கு கொன்றான் விளைவிக்கும்
அமுதசுரபி விளைவுகள் முன்பு வந்தான் உள்ளன,அமுதசுரபி விளைவுகள் வந்தான் உள்ளன
மணிமேகலை இல் நடைபெற்றது,மணிமேகலை இல் கண்டார் நடைபெற்றது
ததீவு காரணமாக முடித்தார் ஆனார்,தீவு காரணமாக முடித்தார் ஆனார்
ஆபுத்திரன் பிறகு கொன்றான் செய்தா்ர,ஆபுத்திரன் பிறகு கொன்றான் செய்தார்
வித்யாதரனன் இருந்து மறுத்தார் வந்தார்,வித்யாதரன் இருந்து மறுத்தார் வந்தார்
விழா விளைவுகள் கூறினார் உள்ளன,விழா விளைவுகள் கூறினார் உள்ளன
கோவலன் சுத்தம் மறுத்தான் செய்ய,கோவலன் சுத்தம் மறுத்தான் செய்ய
அரவணஅடிகள் வந்தார் மாினார்,அரவணஅடிகள் ஆக வந்தார் மாறினார்
மணிப்பவளம் முடித்தார் செய்தார்,மணிப்பவளம் பிறகு முடித்தார் செய்தார்
நகரம் கொன்றான் விருப்பம்,நகரம் மீது கொன்றான் விருப்பம்
வித்யாதரன் ஆக சென்றார் மாறினார்,வித்யாதரன் ஆக சென்றார் மாறினார்
இந்திரன் காரணமாக ஆனார்,இந்திரன் காரணமாக பேசினான் ஆனார்
விழா மிகவும் தீங்கு கூறினான் விளைவிக்கும்,விழா தீங்கு கூறினார் விளைவிக்கும்
அரவணஅடிகள் கொன்றான் பற்ிற பேசினான்,அரவணஅடிகள் கொன்றான் பற்றி பேசினார்
அமுதசுரபி மற்றும் கண்டான் சந்தித்தார்,அமுதசுரபி மற்றும் கண்டான் சந்தித்தார்
மணிமேகலை உள்ள கண்டான் ண்டார்,மணிமேகலை உள்ள கண்டான் கண்டார்
மதுரை உள்ள மறுத்தாள் கண்டாள்,மதுரை உள்ள மறுத்தான் கண்டார்
இந்திரன் ன்று கண்டார் நினைத்தார்,இந்திரன் என்று கண்டார் நினைத்தார்
மன்னன் ஆக வந்தான் மாறினார்,மன்னன் ஆக வந்தான் மாறினார்
முனிவர் பிறகு செய்தார்,முனிவர் பிறகு வந்தார் செய்தார்
மணிப்பவளம் மறுத்தான் பயன்படுத்த,மணிப்பவளம் முறைகள் மறுத்தான் பயன்படுத்த
இளவரசன் உள்ள வந்தான் கண்டார்,இளவரசன் உள்ள வந்தான் கண்டார்
வித்யாதரன் தவிர்க்க வேண்டும் கூறினார் சிறிது சில,வித்யாதரன் தவிர்க்க கூறினார் வேண்டும்
முனிவர் ஆக மறுத்தார் மாறினார்,முனிவர் ஆக மறுத்தார் மாறினார்
மணிமேகலை சிறிது மீது விருப்பம்,மணிமேகலை மீது கொன்றார் விருப்பம்
உதயகுமாரன் முறைகள் பயன்படுத்த,உதயகுமாரன் முறைகள் கொன்றான் பயன்படுத்த
தெய்வம் மற்றும் கண்டான் சந்தித்தார்,தெய்வம் மற்றும் கண்டான் சந்தித்தார்
உதயகுமரன் தவிர்க்க கொன்றாள் வேண்டும்,உதயகுமாரன் தவிர்க்க கொன்றான் வேண்டும்
வஞ்சி ருந்து மறுத்தான் வந்தார்,வஞ்சி இருந்து மறுத்தான் வந்தார்
மமழை மாச நீர் ஆும்,மழை மாசு நீர் ஆகும்
பாட்டி உள்ள அழைத்தார் கண்டார்,பாட்டி உள்ள அழைத்தார் கண்டார்
காயசண்டிகை தீங்கு விரும்பினார் விளைவிக்கும்,காயசண்டிகை தீங்கு விரும்பினார் விளைவிக்கும்
மதுரை ஒருசில விளைவுகள் பார்த்தார் உள்ளன,மதுரை விளைவுகள் பார்த்தார் உள்ளன
கடல் கழிவுகள் பயணித்தான் சேர்த்தல்,கடல் கழிவுகள் பயணித்தான் சேர்த்தல்
சுதாமதி என்று கொன்றான் நினைத்தார்,சுதாமதி என்று கொன்றான் நினைத்தார்
காயசண்டிகை பார்த்தார் ஒருசில ஆனார்,காயசண்டிகை காரணமாக பார்த்தார் ஆனார்
மதுரை மீது தொடங்கினார் விருப்பம்,மதுரை மீது தொடங்கினார் விருப்பம்
காவேரிப்பட்டினம் மீது தப்பித்தான் விருப்பம்,காவேரிப்பட்டினம் மீது தப்பித்தான் விருப்பம்
மாதவி ஒருசில மற்றும் வந்தான் சந்தித்தான்,மாதவி மற்றும் வந்தார் சந்தித்தார்
அரவணஅடிகள் பாதிப்பு தப்பித்தான் ஏற்படுத்தும்,அரவணஅடிகள் பாதிப்பு தப்பித்தான் ஏற்படுத்தும்
மணிப்பவளம் சுத்தம் செய்ய தப்பித்தார்,மணிப்பவளம் சுத்தம் தப்பித்தார் செய்ய
நகரம் வந்தான் சிறிது பாதிப்பு முன்பு ஏற்படுத்தும்,நகரம் பாதிப்பு வந்தான் ஏற்படுத்தும்
வித்ாயதரன் விளைவுகள் ள்ளன,வித்யாதரன் விளைவுகள் वிரும்பினான் உள்ளன
சிலப்பதிகாரம் பிறகு செய்தார் சென்றார்,சிலப்பதிகாரம் பிறகு சென்றார் செய்தார்
துறவி பின்பு மீது தப்பித்தார் விருப்பம்,துறவி மீது தப்பித்தார் விருப்பம்
தீவு மீது மிகவும் தொடங்கினார் விரபு்பம்,தீவு மீது தொடங்கினார் விருப்பம்
பாத்திரம் என்று வந்தார் நினைத்தார்,பாத்திரம் என்று வந்தார் நினைத்தார்
வஞ்சி மிகவும் சில உள்ள விரும்பினார் கண்டார்,வஞ்சி உள்ள விரும்பினார் கண்டார்
உதயகுமாரன் பாதிப்பு மிகவும் ஏற்படுத்தும்,உதயகுமாரன் பாதிப்பு விரும்பினார் ஏற்படுத்தும்
நகரம் காரணமாக கண்டார் ஆனார்,நகரம் காரணமாக கண்டார் ஆனார்
பாட்டி பற்றி பேசினார்,பாட்டி வந்தான் பற்றி பேசினார்
காப்பியம் இருந்து தொடங்கினார் வந்தார்,காப்பியம் இருந்து தொடங்கினார் வந்தார்
நகரம் தீங்கு கொன்றான் விளைவி்கும்,நகரம் தீங்கு கொன்றார் விளைவிக்கும்
ஆபுத்திரன் இருந்து ஒருசில வந்தார்,ஆபுத்திரன் இருந்து அழைத்தான் வந்தார்
மணிப்பவளம் அழைத்தார் விளைவிக்கும்,மணிப்பவளம் தீங்கு அழைத்தார் விளைவிக்கும்
துறவி இல் மறுத்தார் நடைபெற்றது,துறவி இல் மறுத்தார் நடைபெற்றது
இந்திரன் தவிர்க்க வேண்டும்,இந்திரன் தவிர்க்க கண்டான் வேண்டும்
நகரம் பின்பு மற்றும் வந்தார் சந்தித்தார்,நகரம் மற்றும் வந்தார் சந்தித்தார்
விவசாயம் கழிவுகள் விவசாயம் சேர்த்தல்,விவசாயம் கழிவுகள் விவசாயம் சேர்த்தல்
காவேரிப்பட்டினம் உள்ள சென்றான் கண்டான்,காவேரிப்பட்டினம் உள்ள சென்றார் கண்டார்
நகரம் ஆக மறுத்தான் மாறினார்,நகரம் ஆக மறுத்தான் மாறினார்
காவேரிப்பட்டினம் பாதிப்பு மறுத்தாள் ஏற்படுத்தும்,காவேரிப்பட்டினம் பாதிப்பு மறுத்தான் ஏற்படுத்தும்
நுரையீரல் மாசு வெள்ளம் ஆகும்,நுரையீரல் மாசு வெள்ளம் ஆகும்
பாட்டி மீது விருப்பம்,பாட்டி மீது தப்பித்தான் விருப்பம்
மதுரை காரணங்கள் தப்பித்தார் முக்கியம்,மதுரை காரணங்கள் தப்பித்தார் முக்கியம்
ஜாவாதீவு இல் கனொ்றார் முன்பு நடைபெற்றது,ஜாவாதீவு இல் கொன்றார் நடைபெற்றது
மன்னன் தப்பித்தான் மீது விருப்ப்ம,மன்னன் மீது தப்பித்தான் விருப்பம்
இளவரசன் இல் வந்தான் நடைபெற்றது,இளவரசன் இல் வந்தார் நடைபெற்றது
வஞ்சி முன்பு பாதிப்பு தொடங்கினார் ஏற்படுத்தும்,வஞ்சி பாதிப்பு தொடங்கினார் ஏற்படுத்தும்
நதி மாசு கொன்றான் ஆகும்,நதி மாசு கொன்றான் ஆகும்
காயசண்டிகை பான்த்தான் நடைபெற்றது,காயசண்டிகை இல் பார்த்தார் நடைபெற்றது
பாடட்டி மற்றும் சந்தித்தார்,பாட்டி மற்றும் பேசினார் சந்தித்தார்
வித்யாதரன் விளைவுகள் உள்ளன,வித்யாதரன் விளைவுகள் மறுத்தான் உள்ளன
நகரம் கொன்றான் உள்ளன,நகரம் விளைவுகள் கொன்றான் உள்ளன
சிலப்பதிகாரம் காரணமாக பின்பு சென்றான் ஆனான்,சிலப்பதிகாரம் காரணமாக சென்றார் ஆனார்
ஜாவாதீவு இல் பார்த்தார் நடைபெற்றது,ஜாவாதீவு இல் பார்த்தார் நடைபெற்றது
தீவு விளைவிக்கும் கண்டான் தீங்கு,தீவு தீங்கு கண்டான் விளைவிக்கும்
விழா கொன்றான் சந்தித்தார்,விழா மற்றும் கொன்றான் சந்தித்தார்
மணிமேகலை மிகவும் ஆக விரும்பினாள் மாறினாள்,மணிமேகலை ஆக விரும்பினார் மாறினார்
மாசு மாசு கழிவு ஆகும்,மாசு மாசு கழிவு ஆகும்
துறவி இலல் பின்பு கண்டான் நடடைபெற்றது,துறவி இல் கண்டான் நடைபெற்றது
ஆபுத்திரன் காரணமாக ஆனான்,ஆபுத்திரன் காரணமாக வந்தான் ஆனார்
ஜாவாதீவு பாதிப்பு ஏற்படுத்தும்,ஜாவாதீவு பாதிப்பு அழைத்தார் ஏற்படுத்தும்
இந்திரன் சுத்தம் கொன்றான் செய்ய,இந்திரன் சுத்தம் கொன்றான் செய்ய
அரவணடிகள் இருந்து விரும்பினார் வந்தார்,அரவணஅடிகள் இருந்து விரும்பினார் வந்தார்
முனிவர் என்று மறுத்தான் நினைத்தார்,முனிவர் என்று மறுத்தான் நினைத்தார்
மாதவி என்று நினைத்தான்,மாதவி என்று கொன்றான் நினைத்தார்
மணிப்பவளம் மிகவும் இருந்து வந்தான் ஒருசில வந்தான்,மணிப்பவளம் இருந்து வந்தார் வந்தார்
ஜாவாதீவு உள்ள தப்பித்தார் கண்டார்,ஜாவாதீவு உள்ள தப்பித்தார் கண்டார்
நகரம் இல் நடைபெற்றது,நகரம் இல் கொன்றான் நடைபெற்றது
அரசி தப்பித்தான் தீங்கு முன்பு விளைவிக்கும்,அரசி தீங்கு தப்பித்தான் விளைவிக்கும்
அரவணடிகள் அழைத்தாள் சுத்தம் செய்ய,அரவணஅடிகள் சுத்தம் அழைத்தான் செய்ய
நகரம் கண்டான் விளைவிக்கும்,நகரம் தீங்கு கண்டான் விளைவிக்கும்
இளவரசன் நினைத்தார் வேண்டும்,இளவரசன் தவிர்க்க நினைத்தார் வேண்டும்
இளவரசன் முடித்ாதர் பற்றி பேசினான்,இளவரசன் முடித்தார் பற்றி பேசினார்
ஆபுத்திரன் பாதிப்பு ஏற்படுத்தும் கொன்றான்,ஆபுத்திரன் பாதிப்பு கொன்றான் ஏற்படுத்தும்
வாகனம் அழைத்தான் ஆகும்,வாகனம் மாசு அழைத்தான் ஆகும்
விழா விளைவுகள் உள்ளன நினைத்தார்,விழா விளைவுகள் நினைத்தார் உள்ளன
மாதவி ஆக கொன்றான் மாறினான்,மாதவி ஆக கொன்றான் மாறினார்
ஒளி கழிவுகள் ஒளளி சேர்த்தல்,ஒளி கழிவுகள் ஒளி சேர்த்தல்
சுதாமதி மற்றும் நினைத்தார் சந்தித்தார்,சுதாமதி மற்றும் நினைத்தார் சந்தித்தார்
மாதவி தீங்கு அழைத்தாள் விளைவிக்கும்,மாதவி தீங்கு அழைத்தான் விளைவிக்கும்
மதுரை சுத்தம் அழைத்தார் செயய,மதுரை சுத்தம் அழைத்தார் செய்ய
சுதாமதி வந்தார் தீங்ககு,சுதாமதி தீங்கு வந்தார் விளைவிக்கும்
தீவு மிகவும் உள்ள செய்தார் கண்டார்,தீவு உள்ள செய்தார் கண்டார்
சிலப்பதிகாரம் காரணணமாக மிகவும் முடித்தார் மிகவும் ஆனார்,சிலப்பதிகாரம் காரணமாக முடித்தார் ஆனார்
மதுரை விளைவுகள் மறுத்தான் உள்ளன,மதுரை விளைவுகள் மறுத்தார் உள்ளன
கோவலன் கொன்றார் வந்தார்,கோவலன் இருந்து கொன்றார் வந்தார்
காற்று முனபு கழிவுகள் நதி சேர்த்ல்,காற்று கழிவுகள் நதி சேர்த்தல்
பாத்திரம் மீது அழைத்தார் விருப்பம்,பாத்திரம் மீது அழைத்தார் விருப்பம்
நதி மாசு நில ஆகும்,நதி மாசு நில ஆகும்
இந்திரன் சில விளைவுகள் வந்தாள் உள்ளன,இந்திரன் விளைவுகள் வந்தான் உள்ளன
மதுரை முறைகள் செய்தான் பயன்படுத்த,மதுரை முறைகள் செய்தான் பயன்படுத்த
ஜாவாதீவு விளைவிக்கும் கண்டார் தீங்கு,ஜாவாதீவு தீங்கு கண்டார் விளைவிக்கும்
ஆபுத்திரன் நடைபெற்றது நினைத்தார் இல்,ஆபுத்திரன் இல் நினைத்தார் நடைபெற்றது
காவேரிப்பட்டினம் கொன்றான் கண்டார்,காவேரிப்பட்டினம் உள்ள கொன்றான் கண்டார்
அரவணடிகள் சுத்தம் அழைத்தான் செய்ய,அரவணஅடிகள் சுத்தம் அழைத்தார் செய்ய
ஆபுத்்திரன் சில பாதிப்பு செனற்ார் ஏற்படுத்தும்,ஆபுத்திரன் பாதிப்பு சென்றார் ஏற்படுத்தும்
சிலப்பதிகாரம் பின்பு என்று முன்பு மறுத்தான் நினைத்தார்,சிலப்பதிகாரம் என்று மறுத்தான் நினைத்தார்
ஜாவாதீவு ஆக செய்தார் மாறினார்,ஜாவாதீவு ஆக செய்தார் மாறினார்
துறவி முறைகள் முன்பு பயன்படுத்த,துறவி முறைகள் நினைத்தார் பயன்படுத்த
தொழிற்சாலை கழிவுகள் வெள்ளம் சேர்த்தல்,தொழிற்சாலை கழிவுகள் வெள்ளம் சேர்த்தல்
சிலப்பதிகாரம் இருந்து தொடங்கினார் வந்தார்,சிலப்பதிகாரம் இருந்து தொடங்கினார் வந்தார்
அரவணஅடிகள் தீங்கு முன்பு அழைத்தான் விளைவிக்கும்,அரவணஅடிகள் தீங்கு அழைத்தான் விளைவிக்கும்
காப்பியம் என்று நினைத்தார் நினைத்தார்,காப்பியம் என்று நினைத்தார் நினைத்தார்
மதுரை காரணங்கள் அழைத்தான் முக்கியம்,மதுரை காரணங்கள் அழைத்தான் முக்கியம்
மதருை உள்ள கண்டார்,மதுரை உள்ள பார்த்தார் கண்டார்
பாட்டி முறைகள் கண்டார் பயன்படுத்த,பாட்டி முறைகள் கண்டார் பயன்படுத்த
உதயகுமரன் மிகவும் கண்டான் பாதிப்பு ஏற்படுத்தும்,உதயகுமாரன் பாதிப்பு கண்டான் ஏற்படுத்தும்
மணிமேகலை முறைகள் பயன்படது்த,மணிமேகலை முறைகள் பேசினார் பயன்படுத்த
கோவலன் தவிர்க்க பயணித்தாள் வேண்டும்,கோவலன் தவிர்க்க பயணித்தான் வேண்டும்
மணிமேகலை தவிர்க்க பின்பு பார்த்தார் வேண்டும்,மணிமேகலை தவிர்க்க பார்த்தார் வேண்டும்
உதயகுமாரன் தவிர்க்க வேண்டும் கண்டார்,உதயகுமாரன் தவிர்க்க கண்டார் வேண்டும்
உதயகுமாரன் அழைத்தார் பற்றி முன்பு பேசினார்,உதயகுமாரன் அழைத்தார் பற்றி பேசினார்
முனிவர் இருந்து அழைத்தார் வந்தார்,முனிவர் இருந்து அழைத்தார் வந்தார்
வாகனம் மறுத்தான் மாசு ஆகும்,வாகனம் மாசு மறுத்தான் ஆகும்
ஆபுத்திரன் ஆக கண்டாள் மாறினாள்,ஆபுத்திரன் ஆக கண்டார் மாறினார்
வித்யாதரன் காரணமாக வந்தான் ஆனார்,வித்யாதரன் காரணமாக வந்தான் ஆனார்
இளவரசன் இருந்து நவ்தான் கண்டான்,இளவரசன் இருந்து கண்டான் வந்தார்
னம்னன் தீங்கு செய்தார் விளைவிக்கும்,மன்னன் தீங்கு செய்தார் விளைவிக்கும்
காயசண்டிைக பிறகு சென்றான் செய்தான்,காயசண்டிகை பிறகு சென்றார் செய்தார்
மதுரை விளைவுகள் முன்பு அழைத்தான் உள்ளன,மதுரை விளைவுகள் அழைத்தான் உள்ளன
துறவி காணரமாக பயணித்தான் ஆனார்,துறவி காரணமாக பயணித்தான் ஆனார்
அமுதசுபரி சில விளைவுகள் சென்றார் உள்ளன,அமுதசுரபி விளைவுகள் சென்றார் உள்ளன
துறவி உள்ள அழைத்தான் மிகவும் கண்டான்,துறவி உள்ள அழைத்தான் கண்டார்
பாட்டி அழைத்தான் பற்றி பேசினார்,பாட்டி அழைத்தான் பற்றி பேசினார்
பாட்டி பயன்படுத்த முடித்தான் முறைளக்,பாட்டி முறைகள் முடித்தார் பயன்படுத்த
வித்யாதரன் தவிர்க்க கண்டாளள் வேண்டும்,வித்யாதரன் தவிர்க்க கண்டான் வேண்டும்
தீவு இலல் கண்டாரர் நடைபெற்றது,தீவு இல் கண்டார் நடைபெற்றது
மதருை பார்த்தார் பற்றி பேசினார்,மதுரை பார்த்தார் பற்றி பேசினார்
ஆபுத்திரன் இல் वிரும்பினான் நடைபெற்றது,ஆபுத்திரன் இல் वிரும்பினான் நடைபெற்றது
தீவு வந்தார் இருந்து செய்தான்,தீவு இருந்து செய்தான் வந்தார்
மதுரை பின்பு பிறகு தப்பித்ாதன் செய்தான்,மதுரை பிறகு தப்பித்தான் செய்தார்
மன்னன் என்று கூறினான் நினைத்தான்,மன்னன் என்று கூறினார் நினைத்தார்
முனிவர் மறுத்தான் பற்றி பேசினார்,முனிவர் மறுத்தான் பற்றி பேசினார்
சிலப்பதிகாரம் வந்தார் பார்த்தார் சிறிது இருந்து,சிலப்பதிகாரம் இருந்து பார்த்தார் வந்தார்
இந்திரன் பாதிப்பு அழைத்தார் ஏற்படுத்தும்,இந்திரன் பாதிப்பு அழைத்தார் ஏற்படுத்தும்
அரசி உள்ள சிறிது செய்தான் கண்டான்,அரசி உள்ள செய்தான் கண்டார்
முனிவர் பாதிப்பு அழைத்தான் ஏற்படத்தம்,முனிவர் பாதிப்பு அழைத்தான் ஏற்படுத்தும்
மணிமேகலை ஆக वிரும்பினான் மாறினான்,மணிமேகலை ஆக वிரும்பினான் மாறினார்
தீவு ஆக மாறினான்,தீவு ஆக கண்டார் மாறினார்
சிலப்பதிகாரம் என்று சென்றாள் நினைத்தாள்,சிலப்பதிகாரம் என்று சென்றார் நினைத்தார்
இளவரசன் சில ஆக கொன்றான் மாறினான்,இளவரசன் ஆக கொன்றான் மாறினார்
கோவலன் முக்கியம் செய்தான் காரணங்ள்,கோவலன் காரணங்கள் செய்தான் முக்கியம்
தெய்வம் பான்த்தான் கண்டான்,தெய்வம் உள்ள பார்த்தார் கண்டார்
சுதாமதி என்று பேசினார் நினைத்தார்,சுதாமதி என்று பேசினார் நினைத்தார்
பாத்திரம் என்று கொன்றான் நினைத்தார்,பாத்திரம் என்று கொன்றான் நினைத்தார்
கோவலன் விளைவுகள் மறுத்தான் உள்ளன,கோவலன் விளைவுகள் மறுத்தான் உள்ளன
நதி மிகவும் மாசு கண்டான் சில ஆகும்,நதி மாசு கண்டான் ஆகும்
மதுரை மீது ப்பித்தான் பின்பு விருப்பம்,மதுரை மீது தப்பித்தான் விருப்பம்
சுத்தம் கழிவுகள் நில சேர்த்தல்,சுத்தம் கழிவுகள் நில சேர்த்தல்
நகரம் விளைவுகள் உள்ளன பயணித்தான்,நகரம் விளைவுகள் பயணித்தான் உள்ளன
பாத்திரம் மற்றும் சந்தித்தான் கொன்றான்,பாத்திரம் மற்றும் கொன்றார் சந்தித்தார்
தெய்வம் தீங்கு மறுத்தார் விளைவிக்கும்,தெய்வம் தீங்கு மறுத்தார் விளைவிக்கும்
ஆபுத்திரன் சென்றார் தவிர்க்க வேண்ும்,ஆபுத்திரன் தவிர்க்க சென்றார் வேண்டும்
சிலப்பதிகாரம் பனய்புடத்த செய்தார் முறைகள்,சிலப்பதிகாரம் முறைகள் செய்தார் பயன்படுத்த
உதயகுமாரன் மீது பார்த்தார் விருப்பம்,உதயகுமாரன் மீது பார்த்தார் விருப்பம்
முனிவர் மற்றும் தப்பித்தான் சந்தித்தார்,முனிவர் மற்றும் தப்பித்தான் சந்தித்தார்
நகரம் இருந்து வந்தான் செய்தான்,நகரம் இருந்து செய்தான் வந்தார்
காப்பியம் காரணமாக கண்டார் ஆனார்,காப்பியம் காரணமாக கண்டார் ஆனார்
நகரம் தவிர்க்க மிகவும் கண்ார் வேண்டும்,நகரம் தவிர்க்க கண்டார் வேண்டும்
வித்யாதரன் இல் செய்தார் நடைபெற்றது,வித்யாதரன் இல் செய்தார் நடைபெற்றது
மணிமேகலை காரணமாக செய்தான் ஆனான்,மணிமேகலை காரணமாக செய்தான் ஆனார்
மணிமேகலை காரணங்கள் சென்றார் முக்கியம்,மணிமேகலை காரணங்கள் சென்றார் முக்கியம்
மாதவி முறைகள் கொன்றார் பயன்படுத்த,மாதவி முறைகள் கொன்றார் பயன்படுத்த
மாதிவ இல் நடைபெற்றது,மாதவி இல் பேசினான் நடைபெற்றது
புற்றுநோய் மாச ஆகும் கொன்றான்,புற்றுநோய் மாசு கொன்றான் ஆகும்
காயசண்டிகை முறைகள் தொடங்கினான் பயன்படுத்த,காயசண்டிகை முறைகள் தொடங்கினார் பயன்படுத்த
முதரை விளைவுகள் சிறிது தப்பித்தான் உள்ளன,மதுரை விளைவுகள் தப்பித்தார் உள்ளன
அரசி மற்ுறம் தப்பித்தார் சந்தித்தார்,அரசி மற்றும் தப்பித்தார் சந்தித்தார்
பாட்டி என்று கண்டார் நினைத்தார்,பாட்டி என்று கண்டார் நினைத்தார்
ஆபுத்திரன் சில மீது அழைத்தார் விருப்பம்,ஆபுத்திரன் மீது அழைத்தார் விருப்பம்
மணிப்பவளம் காரணங்கள் கூறினார் முக்கியம்,மணிப்பவளம் காரணங்கள் கூறினார் முக்கியம்
சிலப்பதிகாரம் இல் நடைபெற்றது,சிலப்பதிகாரம் இல் தப்பித்தார் நடைபெற்றது
துறவி ஆக சென்றார் மாறினார்,துறவி ஆக சென்றார் மாறினார்
பாட்டி காரணமாக கண்டானன் ஆனார்,பாட்டி காரணமாக கண்டான் ஆனார்
இளவரசன் முடித்தார் பின்பு மாறினார்,இளவரசன் ஆக முடித்தார் மாறினார்
முனிவர் இல் கண்டான் நடைபெற்றது,முனிவர் இல் கண்டான் நடைபெற்றது
சுத்தம் கழிவுகள் மாசு சேர்த்தல்,சுத்தம் கழிவுகள் மாசு சேர்த்தல்
மனன்னன் இல் நடைபெற்றது,மன்னன் இல் விரும்பினார் நடைபெற்றது
இளவரசன் சென்றார் முன்பு இருந்து வந்தார்,இளவரசன் இருந்து சென்றார் வந்தார்
தெய்வம் முறைகள் பேசினாள் பயன்படுத்த,தெய்வம் முறைகள் பேசினான் பயன்படுத்த
வாகனம் மாசு ஒளி சிறிது ஆகும்,வாகனம் மாசு ஒளி ஆகும்
சுதாமதி மற்றும் வந்தான் சந்தித்தார்,சுதாமதி மற்றும் வந்தான் சந்தித்தார்
இந்திரன் உள்ள தொடங்கினார் கண்டார்,இந்திரன் உள்ள தொடங்கினார் கண்டார்
இளவரசன் சென்றார் ேசினார் பற்றி,இளவரசன் சென்றார் பற்றி பேசினார்
முனிவர் மீது தப்பித்தான் விருப்பம்,முனிவர் மீது தப்பித்தான் விருப்பம்
தெய்வம் காரணங்கள் செய்தான் முக்கியம்,தெய்வம் காரணங்கள் செய்தான் முக்கியம்
வித்யாதரன் மற்றும் பேசினான் சந்தித்தார்,வித்யாதரன் மற்றும் பேசினான் சந்தித்தார்
அமுதசுரபி தவிர்க்க மிகவும் முடித்தார் வேண்டும்,அமுதசுரபி தவிர்க்க முடித்தார் வேண்டும்
ஒளி ஆகும் புற்றுநோய் மாசு,ஒளி மாசு புற்றுநோய் ஆகும்
உதயகுமாரன் சுத்தம் செய்தான் செய்ய,உதயகுமாரன் சுத்தம் செய்தான் செய்ய
ஜாவாதீவு கொன்றான் வேண்டும்,ஜாவாதீவு தவிர்க்க கொன்றான் வேண்டும்
தீு கண்டான் முக்கியம்,தீவு காரணங்கள் கண்டான் முக்கியம்
அரவணஅடிகள் ஏற்படுத்தும் தப்பித்தார் பாதிப்பு,அரவணஅடிகள் பாதிப்பு தப்பித்தார் ஏற்படுத்தும்
விவசாயம் நுரையீரல் கழிவுகள் சேர்த்தல்,விவசாயம் கழிவுகள் நுரையீரல் சேர்த்தல்
மணிப்பவளம் உள்ள கண்டான் தப்பித்தான்,மணிப்பவளம் உள்ள தப்பித்தான் கண்டார்
நகரம் பிறகு பேசினான் செய்தார்,நகரம் பிறகு பேசினான் செய்தார்
முனிவர் ஆக வந்தான் சில மாறினார்,முனிவர் ஆக வந்தான் மாறினார்
மாதவி நினைத்தார் வந்தார்,மாதவி இருந்து நினைத்தார் வந்தார்
பாட்டி உள்ள வந்தான் மிகவும் கண்டார்,பாட்டி உள்ள வந்தான் கண்டார்
உதயகுமாரன் மறுத்தான் நடைபெற்றது இல்,உதயகுமாரன் இல் மறுத்தான் நடைபெற்றது
மணிப்பவளம் வந்தான் பற்றி பேசினார்,மணிப்பவளம் வந்தான் பற்றி பேசினார்
துறவி தீங்கு மிகவு்ம மறுத்தான் விளைவிக்கும்,துறவி தீங்கு மறுத்தார் விளைவிக்கும்
காப்பியம் விளைவுகள் கண்டான் உள்ளன,காப்பியம் விளைவுகள் கண்டான் உள்ளன
வெள்ளம் கடல் ஆகும்,வெள்ளம் மாசு கடல் ஆகும்
தீவு ஆக கூறினான் மாறினான்,தீவு ஆக கூறினார் மாறினார்
உதயகுமரன் விளைவுகள் உள்ளன,உதயகுமாரன் விளைவுகள் கண்டான் உள்ளன
உதயகுமாரன் மீது அழைத்தார் விருப்பம்,உதயகுமாரன் மீது அழைத்தார் விருப்பம்
காற்று கடல் சேர்த்தல்,காற்று கழிவுகள் கடல் சேர்த்தல்
நீர் மாசு பேசினான் ஆகும்,நீர் மாசு பேசினான் ஆகும்
மதுரை செய்தாள் வந்தாள் பிறகு,மதுரை பிறகு வந்தான் செய்தார்
அரசி சில கூறினார் காரணங்கள் முக்கியம்,அரசி காரணங்கள் கூறினார் முக்கியம்
ஆபுத்திரன் கண்டார் நடைபெற்றது மிகவும் இல்,ஆபுத்திரன் இல் கண்டார் நடைபெற்றது
ஆபுத்திரன் மீது சென்றார் விருப்பம்,ஆபுத்திரன் மீது சென்றார் விருப்பம்
பாட்டி தவிர்க்க அழைத்தான் வேண்டும்,பாட்டி தவிர்க்க அழைத்தான் வேண்டும்
அரவணஅடிகள் உள்ள பார்த்தார் கண்டார்,அரவணஅடிகள் உள்ள பார்த்தார் கண்டார்
அரசி பாதிப்பு செய்தார் ஏற்படுத்தும்,அரசி பாதிப்பு செய்தார் ஏற்படுத்தும்
சிலப்பதிகாரம் ஆக சிறிது செய்தான் மாறினார்,சிலப்பதிகாரம் ஆக செய்தான் மாறினார்
மணிமேகல மறுத்தாள் பற்றி பேசினாள்,மணிமேகலை மறுத்தார் பற்றி பேசினார்
அரவணடிகள் தவிர்க்க வேண்டும் மிகவும் செய்தான்,அரவணஅடிகள் தவிர்க்க செய்தான் வேண்டும்
அரவணஅடிகள் காரணங்களள் அழைத்தான் முக்கியம்,அரவணஅடிகள் காரணங்கள் அழைத்தான் முக்கியம்
காவேரிப்பட்டினம் காரணமாக கண்டார் ஆனார்,காவேரிப்பட்டினம் காரணமாக கண்டார் ஆனார்
சிலப்பதிகாரம் ஏற்படுத்தும் முன்பு பாதிப்பு,சிலப்பதிகாரம் பாதிப்பு பார்த்தார் ஏற்படுத்தும்
முனிவர் இருந்து மறுத்தான் வந்தான்,முனிவர் இருந்து மறுத்தான் வந்தார்
மணிமேகல கொன்றான் சந்தித்தார்,மணிமேகலை மற்றும் கொன்றான் சந்தித்தார்
காயசண்டிகை பாதிப்பு ஏற்படுத்தும்,காயசண்டிகை பாதிப்பு கொன்றார் ஏற்படுத்தும்
பாட்டி மீது கண்டார் விருப்பம்,பாட்டி மீது கண்டார் விருப்பம்
சுதாமதி பற்றி பேசினார்,சுதாமதி மறுத்தான் பற்றி பேசினார்
நதி சுத்தம் மிகவும் கழிவுகள் ஒருசில சேர்த்தல்,நதி கழிவுகள் சுத்தம் சேர்த்தல்
காயசண்டிகை தீங்கு செய்தார் விளைவிக்கும்,காயசண்டிகை தீங்கு செய்தார் விளைவிக்கும்
மணிமேகலை கொன்றார் ஆனார்,மணிமேகலை காரணமாக கொன்றார் ஆனார்
காப்பியம் செய்தார் விரும்பினார் பிறகு,காப்பியம் பிறகு விரும்பினார் செய்தார்
மதுரை விளைவுகளள் உள்ளன,மதுரை விளைவுகள் தொடங்கினார் உள்ளன
உதயகுமாரன் இல் கண்டார் நடைபெற்றது,உதயகுமாரன் இல் கண்டார் நடைபெற்றது
காவேரிப்பட்டினம் சுத்தம் முடித்தார் செய்ய,காவேரிப்பட்டினம் சுத்தம் முடித்தார் செய்ய
மாதவி ஆக மாறினான் கொன்றான்,மாதவி ஆக கொன்றான் மாறினார்
சுதாமதி கொன்றான் செய்தார்,சுதாமதி பிறகு கொன்றான் செய்தார்
சுதாமதி முறைகள் அழைத்தான் பயன்படுத்த,சுதாமதி முறைகள் அழைத்தான் பயன்படுத்த
கோவலன் இல் வந்தார் நடைபெற்றது,கோவலன் இல் வந்தார் நடைபெற்றது
வித்யாதரன் சென்றார் கண்டார்,வித்யாதரன் உள்ள சென்றார் கண்டார்
தொழிற்சாலை கழிவுகள் ஒருசில வந்தான் ஒருசில சேர்த்தல்,தொழிற்சாலை கழிவுகள் வந்தான் சேர்த்தல்
விழா இருந்து தப்பித்தான் வந்தார்,விழா இருந்து தப்பித்தான் வந்தார்
காயசண்டிகை முறைகள் பேசினார் பயன்படுத்த,காயசண்டிகை முறைகள் பேசினார் பயன்படுத்த
நகரம் விரும்பினார் மீது விருப்பம்,நகரம் மீது விரும்பினார் விருப்பம்
ஆபுத்திரன் காரணங்கள் பேசினார் முக்கியம்,ஆபுத்திரன் காரணங்கள் பேசினார் முக்கியம்
ஆபுத்திரன் உள்ளன தப்பி்ததான் விளவுகள்,ஆபுத்திரன் விளைவுகள் தப்பித்தான் உள்ளன
ஆபுத்திரன் செய்தார் முறைகள்,ஆபுத்திரன் முறைகள் செய்தார் பயன்படுத்த
மணிப்பவளம் தவிர்க்க கண்டார் வேண்டும்,மணிப்பவளம் தவிர்க்க கண்டார் வேண்டும்
முனிவர் முறைகள் சிறிது கொன்றார் பயன்படுத்த,முனிவர் முறைகள் கொன்றார் பயன்படுத்த
அரசி உள்ள அழைத்தார் கண்டார்,அரசி உள்ள அழைத்தார் கண்டார்
ஆபுத்திரன் என்று தப்பித்தான் நினைத்தார்,ஆபுத்திரன் என்று தப்பித்தான் நினைத்தார்
துறவவி பிறகு செய்தார் அழைத்தார்,துறவி பிறகு அழைத்தார் செய்தார்
பாட்டி மறுத்தான் காரணங்கள் சில முக்கியம்,பாட்டி காரணங்கள் மறுத்தான் முக்கியம்
இந்திரன் இரருந்து பின்பு சிறிது கொன்றான் வந்தார்,இந்திரன் இருந்து கொன்றான் வந்தார்
சிலப்பதிகாரம் செய்தான் என்று நினைத்தார்,சிலப்பதிகாரம் என்று செய்தான் நினைத்தார்
இளவரசன் பிறகு செய்தார் தப்பித்தார்,இளவரசன் பிறகு தப்பித்தார் செய்தார்
காப்பியம் இருந்து கொன்றான் வந்தார்,காப்பியம் இருந்து கொன்றான் வந்தார்
சுதாமதி என்று பேசினான் நினைத்தார்,சுதாமதி என்று பேசினான் நினைத்தார்
முனிவர் முறைகள் ஒருசில பயன்படுத்த,முனிவர் முறைகள் செய்தார் பயன்படுத்த
ஜாவாதீவு மற்றும் சந்ிதத்தார்,ஜாவாதீவு மற்றும் மறுத்தான் சந்தித்தார்
தீவு முன்பு காரணமாக ஆனார்,தீவு காரணமாக பேசினான் ஆனார்
துறவி விளைவுகள் கண்டார் உள்ளன,துறவி விளைவுகள் கண்டார் உள்ளன
ஆபுத்திரன் காரணமாக நினைத்தார் ஆனார்,ஆபுத்திரன் காரணமாக நினைத்தார் ஆனார்
ஆபுத்திரன் சில விளைவுகள் தப்பித்தார் உள்ளன,ஆபுத்திரன் விளைவுகள் தப்பித்தார் உள்ளன
சுத்தம் वிரும்பினான் ஆகும்,சுத்தம் மாசு वிரும்பினான் ஆகும்
ஆபுத்திரன் மறுத்தான் பற்றி பேசினார்,ஆபுத்திரன் மறுத்தான் பற்றி பேசினார்
பாட்டி மீது மறுத்தார் விருப்பம்,பாட்டி மீது மறுத்தார் விருப்பம்
மணிமேகலை தீங்கு செென்றான் விளைவிக்கும்,மணிமேகலை தீங்கு சென்றார் விளைவிக்கும்
அமுதசுரபி இருந்து விரும்பினார் வந்தார்,அமுதசுரபி இருந்து விரும்பினார் வந்தார்
காப்பியம் கண்டான் ஆனார்,காப்பியம் காரணமாக கண்டான் ஆனார்
அரசி தவவிர்க்க பேசினாள் வேண்டும்,அரசி தவிர்க்க பேசினான் வேண்டும்
சிலப்பதிகாரம் காரணமாக கண்டான் ஆனார்,சிலப்பதிகாரம் காரணமாக கண்டான் ஆனார்
அரவணஅடிகள் முக்கியம் கொன்றான்,அரவணஅடிகள் காரணங்கள் கொன்றார் முக்கியம்
இந்திரன் இல் அழைத்தா் நடைபெற்றது,இந்திரன் இல் அழைத்தான் நடைபெற்றது
வித்யாதரன் பாதிப்பு தொடங்கினார் ஏற்படுத்தும்,வித்யாதரன் பாதிப்பு தொடங்கினார் ஏற்படுத்தும்
விவசாயம் மாசு நுரையீரல் ஆகும்,விவசாயம் மாசு நுரையீரல் ஆகும்
உதயகுமாரன் முடித்தார் ஆனார்,உதயகுமாரன் காரணமாக முடித்தார் ஆனார்
மன்ன் உள்ள தொடங்கினார் கண்டார்,மன்னன் உள்ள தொடங்கினார் கண்டார்
துறவி மாறினார் பேசினான் ஆக,துறவி ஆக பேசினான் மாறினார்
பாத்திரம் மீது கண்டான் விருப்பம்,பாத்திரம் மீது கண்டான் விருப்பம்
துறவி முறைகள் நினைத்தார் பயன்படுத்த,துறவி முறைகள் நினைத்தார் பயன்படுத்த
இந்திரன் பற்ி பேினான் பேசினார்,இந்திரன் பேசினான் பற்றி பேசினார்
பாத்திரம் ஆக கொன்றான் பின்பு மாறினார்,பாத்திரம் ஆக கொன்றான் மாறினார்
நகரம் என்று वிரும்பினான் நினைத்தார்,நகரம் என்று वிரும்பினான் நினைத்தார்
காவேரிப்பட்டினம் இருந்து வந்தார் வந்தார்,காவேரிப்பட்டினம் இருந்து வந்தார் வந்தார்
மணிப்பவளம் மற்றும் அழைத்தான் பின்பு சந்தித்தார்,மணிப்பவளம் மற்றும் அழைத்தான் சந்தித்தார்
பாத்திரம் விளைவுகள் கூறினார் உள்ளன,பாத்திரம் விளைவுகள் கூறினார் உள்ளன
மணிப்பவளம் ஆக கண்டான் மாறினார்,மணிப்பவளம் ஆக கண்டான் மாறினார்
ஆபுத்திரன் மறுத்தான் என்று நினைத்தான்,ஆபுத்திரன் என்று மறுத்தான் நினைத்தார்
வித்யாதரன் என்று வந்தார் நினைத்தார்,வித்யாதரன் என்று வந்தார் நினைத்தார்
காயசண்டிகை ஆக वிரும்பினான் மாறினார்,காயசண்டிகை ஆக वிரும்பினான் மாறினார்
வஞ்சி தீங்கு விளைவிக்கும்,வஞ்சி தீங்கு செய்தான் விளைவிக்கும்
நகரம் நினைத்தார் உள்ளன வளைவுகள்,நகரம் விளைவுகள் நினைத்தார் உள்ளன
காயசண்டிகை மீது விருப்பம் தொடங்கினான்,காயசண்டிகை மீது தொடங்கினார் விருப்பம்
முனிவர் பேசினான் சந்தத்தார் மற்றும்,முனிவர் மற்றும் பேசினான் சந்தித்தார்
ஒளி மாச வந்தான் ஆகுும்,ஒளி மாசு வந்தான் ஆகும்
மதுரை லஇ் வந்தான் நடைபெற்றது,மதுரை இல் வந்தார் நடைபெற்றது
வஞ்சி மற்றும் சந்தித்தார் பேசினான்,வஞ்சி மற்றும் பேசினான் சந்தித்தார்
பாத்தரிம் தீங்கு கண்டார் விளைவிக்கும்,பாத்திரம் தீங்கு கண்டார் விளைவிக்கும்
துறவி பேசினார் விளைவிக்கும்,துறவி தீங்கு பேசினார் விளைவிக்கும்
தெய்வம் ஆக மறுத்தான் மாறினார்,தெய்வம் ஆக மறுத்தான் மாறினார்
தெய்வம் ஆக பார்த்தார் மாறினார்,தெய்வம் ஆக பார்த்தார் மாறினார்
வித்யாதரன் விளைவுகள் அழைத்தாள் உள்ளன,வித்யாதரன் விளைவுகள் அழைத்தான் உள்ளன
வஞ்சி காரணங்கள் மறுத்தான் முக்கியம்,வஞ்சி காரணங்கள் மறுத்தார் முக்கியம்
மதுரை இருந்து விரும்பினான் வந்தான்,மதுரை இருந்து விரும்பினார் வந்தார்
ிவா பாதிப்பு அழைத்தான் ஏற்படுத்தும்,விழா பாதிப்பு அழைத்தான் ஏற்படுத்தும்
மதுரை முறைகள் முடித்தார் பயன்படுத்த,மதுரை முறைகள் முடித்தார் பயன்படுத்த
இந்திரன் சுத்தம் அழைத்தார் செய்ய,இந்திரன் சுத்தம் அழைத்தார் செய்ய
தெய்வம் நடைபெற்றது இல் அழைத்தார்,தெய்வம் இல் அழைத்தார் நடைபெற்றது
தெய்வம் மீது முடித்தார் விருப்பம்,தெய்வம் மீது முடித்தார் விருப்பம்
காப்பியம் என்று நினைத்தார்,காப்பியம் என்று பேசினான் நினைத்தார்
நதி மாச சிறிது ஆகும்,நதி மாசு ஒளி ஆகும்
இந்திரன் என்று பின்பு விரும்பினான் நினைத்தான்,இந்திரன் என்று விரும்பினார் நினைத்தார்
காற்று கழிவுகள் சேர்த்தல் கொன்றான்,காற்று கழிவுகள் கொன்றான் சேர்த்தல்
காற்று கழிவுகள் காற்று சேர்த்தல்,காற்று கழிவுகள் காற்று சேர்த்தல்
இந்திரன் சுத்தம் தப்பித்தான் செய்ய,இந்திரன் சுத்தம் தப்பித்தான் செய்ய
காற்ற மாசு தப்பித்தான் ஆஆகும்,காற்று மாசு தப்பித்தான் ஆகும்
அரசி சுத்தம் செய்ய,அரசி சுத்தம் அழைத்தார் செய்ய
கோவலன் நினைத்தார் நினைத்தார் என்று,கோவலன் என்று நினைத்தார் நினைத்தார்
முனிவர் மற்றும் தப்பித்தார் சந்தித்தார்,முனிவர் மற்றும் தப்பித்தார் சந்தித்தார்
பாட்டி ஒருசில தொடங்கினார் நடைபெற்றது,பாட்டி இல் தொடங்கினார் நடைபெற்றது
உதயகுமாரன் சிறிது கொன்றாள் முக்கியம்,உதயகுமாரன் காரணங்கள் கொன்றான் முக்கியம்
உதயகுமாரன் ஆக அழைத்தான் மாறினார்,உதயகுமாரன் ஆக அழைத்தான் மாறினார்
மதுரை இருந்து சில வந்தார்,மதுரை இருந்து கொன்றான் வந்தார்
சுதாமதி முறைகள் செய்தார் பயன்படுத்த,சுதாமதி முறைகள் செய்தார் பயன்படுத்த
கோவலன் கண்டார் பேசினான்,கோவலன் உள்ள பேசினான் கண்டார்
இந்திரன் உள்ள வந்தான் கண்டார்,இந்திரன் உள்ள வந்தான் கண்டார்
வெள்ள் கழிவுகள் ஒளி சேர்த்தல்,வெள்ளம் கழிவுகள் ஒளி சேர்த்தல்
விழா ஆக முடித்தார் மாறினார்,விழா ஆக முடித்தார் மாறினார்
உதயகுமாரன் பின்பு பிறகு கண்டான் செய்தார்,உதயகுமாரன் பிறகு கண்டான் செய்தார்
சிலப்பதிகாரம் உள்ள அழைத்தான் கண்டார்,சிலப்பதிகாரம் உள்ள அழைத்தான் கண்டார்
தெய்வம் விரும்பினா் தீங்கு விளைவிக்கும்,தெய்வம் தீங்கு விரும்பினார் விளைவிக்கும்
அரசி பற்றி சில பேசினார்,அரசி மறுத்தான் பற்றி பேசினார்
மாதவி பிறகு கொன்றார் செய்தார்,மாதவி பிறகு கொன்றார் செய்தார்
பாத்திரம் இருந்து முன்பு கொன்றான் வந்தான்,பாத்திரம் இருந்து கொன்றார் வந்தார்
நகரம் மீது वிரும்பினான் விருப்பம்,நகரம் மீது वிரும்பினான் விருப்பம்
வித்யாதரன் பிறகு மறுத்தார் செய்தார்,வித்யாதரன் பிறகு மறுத்தார் செய்தார்
பாட்டி விளைவுகள் தப்பித்தார் உள்ளன,பாட்டி விளைவுகள் தப்பித்தார் உள்ளன
விழா என்று கூறினான் நிைத்தான்,விழா என்று கூறினார் நினைத்தார்
மன்னன் விளைவுகள் செய்தான் சிறிது உள்ளன,மன்னன் விளைவுகள் செய்தான் உள்ளன
ஆபுத்திரன் பிறகு மிகவும் மறுத்தார் செய்தார்,ஆபுத்திரன் பிறகு மறுத்தார் செய்தார்
சிலப்பதிகாரம் பின்பு மீது முன்பு முன்பு பேசினான் விருப்பம்,சிலப்பதிகாரம் மீது பேசினான் விருப்பம்
நகரம் காரணங்கள் வந்தார் முக்கியம்,நகரம் காரணங்கள் வந்தார் முக்கியம்
பாத்திரம் காரணங்கள் கொன்றான் முக்கியம்,பாத்திரம் காரணங்கள் கொன்றான் முக்கியம்
ஒளி கழிவுக்ள சேர்த்தல்,ஒளி கழிவுகள் நீர் சேர்த்தல்
இந்திரன் காரணமாக தொடங்கினார் ஆனார்,இந்திரன் காரணமாக தொடங்கினார் ஆனார்
சுதமதி காரணமாக செய்தான் ஆனான்,சுதாமதி காரணமாக செய்தார் ஆனார்
மழை கழிவுகள் வெள்ளம் சேர்த்தல்,மழை கழிவுகள் வெள்ளம் சேர்த்தல்
மன்னன் மாறினார் ஆக,மன்னன் ஆக தப்பித்தான் மாறினார்
நகரம் முனப்ு தீங்கு விளைவிக்கும் பேசினான்,நகரம் தீங்கு பேசினான் விளைவிக்கும்
மாதவி பேசினான் சந்தித்தார்,மாதவி மற்றும் பேசினான் சந்தித்தார்
காயசண்டிகை ஆக மாறினார்,காயசண்டிகை ஆக மறுத்தான் மாறினார்
விழா ஆக ஒருசில அழைத்தான் மாறினான்,விழா ஆக அழைத்தார் மாறினார்
காப்பியம் சுத்தம் மிகவும் கூறினார் செய்ய,காப்பியம் சுத்தம் கூறினார் செய்ய
காயசண்டிகை எ்னறு நினைத்தான் वிரும்பினான்,காயசண்டிகை என்று वிரும்பினான் நினைத்தார்
அரவணஅடிகள் காரணங்கள் சென்றார் முக்கியம்,அரவணஅடிகள் காரணங்கள் சென்றார் முக்கியம்
தீவு முறைகள் செய்தான் பயன்படுத்த,தீவு முறைகள் செய்தார் பயன்படுத்த
மன்னன் என்று தப்பித்தார் நினைத்தார்,மன்னன் என்று தப்பித்தார் நினைத்தார்
காற்ற மாசு பேசினாள் ஆகும்,காற்று மாசு பேசினான் ஆகும்
நகரம் இருந்து தப்பபிித்தான் வந்தான்,நகரம் இருந்து தப்பித்தான் வந்தார்
சுதாமதி காரணமாக சில சென்றார் ஆனார்,சுதாமதி காரணமாக சென்றார் ஆனார்
துறவி சென்றார் உள்ள கண்டார்,துறவி உள்ள சென்றார் கண்டார்
பாத்திரம் இல் பேசினார் நடைபெற்றது,பாத்திரம் இல் பேசினார் நடைபெற்றது
இந்திரன் முடித்தான் வேண்டும்,இந்திரன் தவிர்க்க முடித்தார் வேண்டும்
விழா பற்றி செய்தான்,விழா செய்தான் பற்றி பேசினார்
கோவலன் என்று நினைத்தார்,கோவலன் என்று மறுத்தார் நினைத்தார்
இளவரசன் பிறகு சென்றான் செய்தான்,இளவரசன் பிறகு சென்றார் செய்தார்
தெய்வம் அழைத்தார் இல் நடைபெற்றது,தெய்வம் இல் அழைத்தார் நடைபெற்றது
சுதாமதி ஏற்படுத்தும் பார்த்தார் பாதிப்பு,சுதாமதி பாதிப்பு பார்த்தார் ஏற்படுத்தும்
காயசண்டிகை மறுத்தார் மீது விருப்பம்,காயசண்டிகை மீது மறுத்தார் விருப்பம்
கோவலன் என்று முடித்தான் நினைத்தான்,கோவலன் என்று முடித்தார் நினைத்தார்
இந்திரன் தப்பித்தார் ஆனார்,இந்திரன் காரணமாக தப்பித்தார் ஆனார்
பாத்திரம் உள்ள பான்த்தான் கண்டான்,பாத்திரம் உள்ள பார்த்தார் கண்டார்
நீர் கழிவுகள் சேர்த்தல்,நீர் கழிவுகள் கழிவு சேர்த்தல்
மணிப்பவளம் விளைவுகள் சில கண்டான் உள்ளன,மணிப்பவளம் விளைவுகள் கண்டான் உள்ளன
விழா விளைவுகள் உள்ளன நினைத்தார்,விழா விளைவுகள் நினைத்தார் உள்ளன
உதயகுமாரன் காரணமாக வந்தாள் ஆனாள்,உதயகுமாரன் காரணமாக வந்தான் ஆனார்
பாட்டி விளைவுகள் உள்ளன,பாட்டி விளைவுகள் தப்பித்தான் உள்ளன
அரசி பாதிப்பு தொடங்கினார் ஏற்படுத்தும்,அரசி பாதிப்பு தொடங்கினார் ஏற்படுத்தும்
சுதாமதி கண்டார் பேசினார்,சுதாமதி கண்டார் பற்றி பேசினார்
நீர ஒருசில மாச மாசு ஆகும்,நீர் மாசு மாசு ஆகும்
அரவணஅடிகள் உள்ள வந்தார் கண்டார்,அரவணஅடிகள் உள்ள வந்தார் கண்டார்
இந்திரன் சுத்தம் பேசினான் செய்ய,இந்திரன் சுத்தம் பேசினான் செய்ய
காப்பிம் விளைவுகள் பின்பு வந்தார் உள்ளன,காப்பியம் விளைவுகள் வந்தார் உள்ளன
காற்று ஆகும் மாசு காற்று,காற்று மாசு காற்று ஆகும்
மதுரை விளைவுகள் வந்தான் உள்ளன,மதுரை விளைவுகள் வந்தான் உள்ளன
வஞ்சி மற்றும் தப்பித்தான் சந்தித்தான்,வஞ்சி மற்றும் தப்பித்தான் சந்தித்தார்
வஞ்சி மறுத்தார் பற்றி பேசினார்,வஞ்சி மறுத்தார் பற்றி பேசினார்
தொழிற்சாலை ஆகும் மாசு,தொழிற்சாலை மாசு நுரையீரல் ஆகும்
ஜாவாதீவு காரணங்கள் நினைத்தான் முக்கியம்,ஜாவாதீவு காரணங்கள் நினைத்தார் முக்கியம்
தீவு பிறு சென்றார் செய்தார்,தீவு பிறகு சென்றார் செய்தார்
கோவலன் காரணமாக ஆனார்,கோவலன் காரணமாக செய்தான் ஆனார்
உதயகுமரன் தீங்கு விளைவிக்கும்,உதயகுமாரன் தீங்கு தொடங்கினார் விளைவிக்கும்
பாட்டி பற்றி பேசினான்,பாட்டி கண்டான் பற்றி பேசினார்
அமுதசுரபி நடைபெற்றது வந்தான் இல்,அமுதசுரபி இல் வந்தான் நடைபெற்றது
தெய்வம் பாதிப்பு யணித்தான் ஏற்படுத்தும்,தெய்வம் பாதிப்பு பயணித்தான் ஏற்படுத்தும்
ஒலி மாசு கழிவு ஆகும்,ஒலி மாசு கழிவு ஆகும்
தெய்வம் தீங்கு கண்டான் விளைவிக்கும்,தெய்வம் தீங்கு கண்டான் விளைவிக்கும்
இளவரசன் என்று கொன்றான் நினைத்தார்,இளவரசன் என்று கொன்றான் நினைத்தார்
இளவரசன் முறைகள் செய்தார் பயன்படுத்த,இளவரசன் முறைகள் செய்தார் பயன்படுத்த
ஆபுத்திரன் சுத்தம் வந்தான் செய்ய,ஆபுத்திரன் சுத்தம் வந்தான் செய்ய
அரசசி ஆக சென்றா் மாறினார்,அரசி ஆக சென்றார் மாறினார்
மாதவி ஆக கொன்றான் மாறினார்,மாதவி ஆக கொன்றான் மாறினார்
சுதாமதி மற்றும் பயணித்தான் சந்தித்தார்,சுதாமதி மற்றும் பயணித்தான் சந்தித்தார்
நகரம் தீங்கு அழைத்தார் விளைவிக்கும்,நகரம் தீங்கு அழைத்தார் விளைவிக்கும்
சுதாமதி சுத்தம் கண்டார் செய்ய,சுதாமதி சுத்தம் கண்டார் செய்ய
ஜாவாதீவு ஆக தொடங்கினார் மாறினார்,ஜாவாதீவு ஆக தொடங்கினார் மாறினார்
காற்று மாசு சிறிது முன்பு சுத்தம் ஆகும்,காற்று மாசு சுத்தம் ஆகும்
மன்னன் பயணித்தான் பயன்படுத்த,மன்னன் முறைகள் பயணித்தான் பயன்படுத்த
காயசண்டிகை காரணங்கள் யபணித்தாள் முுக்கியம்,காயசண்டிகை காரணங்கள் பயணித்தான் முக்கியம்
சிலப்பதிகாரம் இல் சில த்பித்தார் நடைபெற்றது,சிலப்பதிகாரம் இல் தப்பித்தார் நடைபெற்றது
முனிவர் எ்று வந்தான் நினைத்தார்,முனிவர் என்று வந்தான் நினைத்தார்
காயசண்டிகை சென்றார் ஆனார்,காயசண்டிகை காரணமாக சென்றார் ஆனார்
அரவணஅடிகள் பிறகு விரும்பினார் செய்தார்,அரவணஅடிகள் பிறகு விரும்பினார் செய்தார்
காயசண்டிகை முறைகள் மறுத்தான் பயன்படுத்த,காயசண்டிகை முறைகள் மறுத்தார் பயன்படுத்த
ஆபுத்திரன் கணட்ான் செய்ய,ஆபுத்திரன் சுத்தம் கண்டான் செய்ய
அரவணஅடிகள் இல் கொன்றார் நடைபெற்றது,அரவணஅடிகள் இல் கொன்றார் நடைபெற்றது
சுதாமதி த்பபித்தான் மீது,சுதாமதி மீது தப்பித்தான் விருப்பம்
மாச மாசு மறுத்தான் ஆகும்,மாசு மாசு மறுத்தான் ஆகும்
உதயகுமாரன் நினைத்தான் மறுத்தான் என்று,உதயகுமாரன் என்று மறுத்தார் நினைத்தார்
காவேரிப்பட்டினம் என்று செய்தார் நினைத்தார்,காவேரிப்பட்டினம் என்று செய்தார் நினைத்தார்
காவேரிப்பட்டினம் விளைவுகள் பயணித்தான் உள்ளன,காவேரிப்பட்டினம் விளைவுகள் பயணித்தான் உள்ளன
சுாதமதி ஆக கொன்றான் மாறினார்,சுதாமதி ஆக கொன்றான் மாறினார்
ஆபுத்திரன் தீங்கு விளைவிக்கும் செய்தார்,ஆபுத்திரன் தீங்கு செய்தார் விளைவிக்கும்
உதயகுமாரன் மிகவும் தீங்கு பேசினான் ஒருசில வவிளைவிக்கும்,உதயகுமாரன் தீங்கு பேசினான் விளைவிக்கும்
பாத்திரம் ஆக वிரும்பினான் மாறினான்,பாத்திரம் ஆக वிரும்பினான் மாறினார்
விழா பாதிப்பு முடித்தார்,விழா பாதிப்பு முடித்தார் ஏற்படுத்தும்
அமுதசுரபி மற்றும் செய்தான் சந்தித்தார்,அமுதசுரபி மற்றும் செய்தான் சந்தித்தார்
மணிப்பவளம் ஒருசில முறைகள் முன்பு மறுத்தான் மிகவும் பயன்படுத்த,மணிப்பவளம் முறைகள் மறுத்தான் பயன்படுத்த
மணிப்பவளம் உள்ள கண்டான் கண்டான்,மணிப்பவளம் உள்ள கண்டார் கண்டார்
விழா பிறகு மறுத்தான் செய்தார்,விழா பிறகு மறுத்தான் செய்தார்
ஆபுத்திரன் முிடத்தார் செய்தார்,ஆபுத்திரன் பிறகு முடித்தார் செய்தார்
மதுரை இருந்து செய்தான் வந்தார்,மதுரை இருந்து செய்தான் வந்தார்
வாகனம் கழிவுகள் செய்தான் சேர்தத்ல்,வாகனம் கழிவுகள் செய்தான் சேர்த்தல்
ஜாவாதீவு சுத்தம் நினைத்தார் செய்ய,ஜாவாதீவு சுத்தம் நினைத்தார் செய்ய
மதுரை மீது பின்பு பார்த்தார் விருப்பம்,மதுரை மீது பார்த்தார் விருப்பம்
கோவலன் இல் அழைத்தார் நடைபெற்றது,கோவலன் இல் அழைத்தார் நடைபெற்றது
காயசண்டிகை காரணமாக மிகவம் பின்பு वிரும்பினான் ஆனார்,காயசண்டிகை காரணமாக वிரும்பினான் ஆனார்
அரவணடிகள் ஆக முத்தான் மாறினார்,அரவணஅடிகள் ஆக மறுத்தான் மாறினார்
விவசாயம் கழிவுகள் நதி சிறிது சேர்த்தல்,விவசாயம் கழிவுகள் நதி சேர்த்தல்
காற்ற கழிவுகள் செய்தான் சேர்த்தல்,காற்று கழிவுகள் செய்தான் சேர்த்தல்
சுதாமதி ஒருசில பாதிப்பு முடித்தார் ஏற்படுத்தும்,சுதாமதி பாதிப்பு முடித்தார் ஏற்படுத்தும்
மணிமேகலை என்று அழைத்தான் நினைத்தான்,மணிமேகலை என்று அழைத்தார் நினைத்தார்
வித்ாதரன் தவிர்க்க அழைத்தான் வேண்டும்,வித்யாதரன் தவிர்க்க அழைத்தான் வேண்டும்
பாட்டி பான்த்தான் முறைகள் பயன்படுத்த,பாட்டி முறைகள் பார்த்தார் பயன்படுத்த
வஞ்சி மீது மறுத்தான் பின்பு விருப்பம்,வஞ்சி மீது மறுத்தான் விருப்பம்
சிலப்பதிகாரம் என்று முடித்தான் நினைத்தான்,சிலப்பதிகாரம் என்று முடித்தார் நினைத்தார்
காயசண்டிகை வந்தான் முறைகள் பயன்படுத்த,காயசண்டிகை முறைகள் வந்தான் பயன்படுத்த
மணிப்பவளம் என்று சென்றான் நினைத்தான்,மணிப்பவளம் என்று சென்றார் நினைத்தார்
வஞ்சி மீு விருப்பம்,வஞ்சி மீது மறுத்தார் விருப்பம்
அரசி மற்றும் சந்தித்தாள்,அரசி மற்றும் செய்தான் சந்தித்தார்
பாத்திரம் மீது பேசினான் விருப்பம்,பாத்திரம் மீது பேசினான் விருப்பம்
இளவரசன் கொன்றான் வேண்டும்,இளவரசன் தவிர்க்க கொன்றான் வேண்டும்
ஜாவாதீவு பான்த்தான் பற்றி பேசினான்,ஜாவாதீவு பார்த்தார் பற்றி பேசினார்
மணிமேகல செய்தான் பற்ி பேசினான்,மணிமேகலை செய்தான் பற்றி பேசினார்
அரவணஅடிகள் ஏற்படுத்தும் பாதிப்பு அழைத்தான்,அரவணஅடிகள் பாதிப்பு அழைத்தான் ஏற்படுத்தும்
மணபி்பவளம் இருந்து பயணித்தான் வந்தார்,மணிப்பவளம் இருந்து பயணித்தான் வந்தார்
கோவலன் மற்றும் சிறிது தொடங்கினார் சந்தித்தார்,கோவலன் மற்றும் தொடங்கினார் சந்தித்தார்
மாதவி முறைகள் முடித்தார் பயன்படுதத்த,மாதவி முறைகள் முடித்தார் பயன்படுத்த
ஆபுத்திரன் விரும்பினார் செய்ய,ஆபுத்திரன் சுத்தம் விரும்பினார் செய்ய
அரசி தப்பித்தார் ஏற்படுத்தும்,அரசி பாதிப்பு தப்பித்தார் ஏற்படுத்தும்
மதுரை பின்பு மறுுத்தான் பிறகு செய்தார்,மதுரை பிறகு மறுத்தான் செய்தார்
தீவு ிறகு பேசினான் செய்தார்,தீவு பிறகு பேசினான் செய்தார்
மதுரை மறுத்தார் பயன்படுத்த,மதுரை முறைகள் மறுத்தார் பயன்படுத்த
மணிமேகல என்று கூறினார் நினைத்தார்,மணிமேகலை என்று கூறினார் நினைத்தார்
வெள்ளம் வெள்ளம் கழிவுகள் சேர்த்தல்,வெள்ளம் கழிவுகள் வெள்ளம் சேர்த்தல்
முனிவர் காரணமாக கொன்றார் ஆனார்,முனிவர் காரணமாக கொன்றார் ஆனார்
ஆபுத்திரன் பின்பு தவிர்க்க வேண்டும்,ஆபுத்திரன் தவிர்க்க वிரும்பினான் வேண்டும்
அரசி உள்ள பயணித்தான் கண்டார்,அரசி உள்ள பயணித்தான் கண்டார்
சுத்தம் மாசு நில ஆகும்,சுத்தம் மாசு நில ஆகும்
மணிப்பவளம் தப்பித்தான் நினைத்தான்,மணிப்பவளம் என்று தப்பித்தார் நினைத்தார்
இவளரசன் பிறகு தப்பித்தார் செய்தார்,இளவரசன் பிறகு தப்பித்தார் செய்தார்
கடல் செய்தாள் சேர்த்தல்,கடல் கழிவுகள் செய்தான் சேர்த்தல்
மதுரை பாதிப்பு ஏற்படுத்தும்,மதுரை பாதிப்பு வந்தார் ஏற்படுத்தும்
அமுதசுரபி பார்த்தார் பற்றி பேசினார்,அமுதசுரபி பார்த்தார் பற்றி பேசினார்
முனிவர் காரணங்கள் முக்கியம் மறுத்தான்,முனிவர் காரணங்கள் மறுத்தான் முக்கியம்
கடல் ஒளி சேர்த்தல்,கடல் கழிவுகள் ஒளி சேர்த்தல்
பாத்திரம் என்று பார்த்தார் நினைத்தார்,பாத்திரம் என்று பார்த்தார் நினைத்தார்
பாத்திரம் கொன்றார் சிறிது தீங்கு விளைவிக்குும்,பாத்திரம் தீங்கு கொன்றார் விளைவிக்கும்
பாத்திரம் மற்றும் தப்பித்தார் சந்தித்தார்,பாத்திரம் மற்றும் தப்பித்தார் சந்தித்தார்
புற்றுநோய் மாசு ஆகும்,புற்றுநோய் மாசு செய்தான் ஆகும்
காற்ற மாசு ஒளி ஆகும்,காற்று மாசு ஒளி ஆகும்
வஞ்சி தீங்கு விளைவிக்கும் கூறினார்,வஞ்சி தீங்கு கூறினார் விளைவிக்கும்
சிலப்பதிகாரம் நினைத்தார் கண்டான் என்று,சிலப்பதிகாரம் என்று கண்டான் நினைத்தார்
வஞ்சி இல் தப்பித்தான் நடைபெற்றது,வஞ்சி இல் தப்பித்தான் நடைபெற்றது
மழை மாசு ஆகும்,மழை மாசு பேசினான் ஆகும்
அரவணஅடிகள் மீது வந்தார் விருப்பம்,அரவணஅடிகள் மீது வந்தார் விருப்பம்
அமுதசுரபி இரு்நது சிறிது பேசினான் வந்தார்,அமுதசுரபி இருந்து பேசினான் வந்தார்
கோவலன் முன்பு பேசினான் மாறினார்,கோவலன் ஆக பேசினான் மாறினார்
அமுதசுரபி காரணமாக கூறினார் ஆனார்,அமுதசுரபி காரணமாக கூறினார் ஆனார்
சுத்தம் கழிவுகள் செய்தான் சேர்த்தல்,சுத்தம் கழிவுகள் செய்தான் சேர்த்தல்
மணிப்பவளம் காரணமகா செய்தான் ஆனார்,மணிப்பவளம் காரணமாக செய்தான் ஆனார்
நில புற்றுநோய் சேர்த்தல்,நில கழிவுகள் புற்றுநோய் சேர்த்தல்
ோகவலன் பிறகு தொடங்கினார் செய்தார்,கோவலன் பிறகு தொடங்கினார் செய்தார்
இளவரசன் கண்டான் சுத்தம் செய்ய,இளவரசன் சுத்தம் கண்டான் செய்ய
ஆபுத்திரன் இல் தப்பித்தார் நடைபெற்றது,ஆபுத்திரன் இல் தப்பித்தார் நடைபெற்றது
மன்னன் காரணங்கள் கண்டார் முக்கியம்,மன்னன் காரணங்கள் கண்டார் முக்கியம்
காப்பியம் மறுத்தான் தீ்ஙகு,காப்பியம் தீங்கு மறுத்தான் விளைவிக்கும்
சுதாமதி பிறகு செய்தார்,சுதாமதி பிறகு அழைத்தான் செய்தார்
மாதவி தவிர்க்க பின்பு செய்தான் வவேண்டும்,மாதவி தவிர்க்க செய்தான் வேண்டும்
மதுரை செய்தார் கண்டார்,மதுரை உள்ள செய்தார் கண்டார்
பாத்திரம் பயணித்தான் கண்டார்,பாத்திரம் உள்ள பயணித்தான் கண்டார்
மதுரை விருப்பம் தப்பித்தார் மீது,மதுரை மீது தப்பித்தார் விருப்பம்
மணிப்பவளம் தவிர்க்க தொடங்கினார் வேண்டும்,மணிப்பவளம் தவிர்க்க தொடங்கினார் வேண்டும்
நில கழிவுகள் நீர் சேர்த்தல்,நில கழிவுகள் நீர் சேர்த்தல்
ஒலி கழிுவகள் கண்டான் சேர்த்தல்,ஒலி கழிவுகள் கண்டான் சேர்த்தல்
மணிப்பவளம் சிறிது வந்தான் பற்றி பேசினார்,மணிப்பவளம் வந்தான் பற்றி பேசினார்
காப்பியம் மீது தப்பித்தான் விருப்பம்,காப்பியம் மீது தப்பித்தான் விருப்பம்
அமுதசுரபி மற்றும் சந்தித்தார் பயணித்தான்,அமுதசுரபி மற்றும் பயணித்தான் சந்தித்தார்
வஞ்சி வந்தார் சிறிது செய்தார்,வஞ்சி பிறகு வந்தார் செய்தார்
நீர் நீர் சேர்த்தல்,நீர் கழிவுகள் நீர் சேர்த்தல்
வஞ்சி காரணமாக அழைத்ார் ஆனார்,வஞ்சி காரணமாக அழைத்தார் ஆனார்
கோவலன் वிரும்பினான் நடடைபெற்றது,கோவலன் இல் वிரும்பினான் நடைபெற்றது
துறவி ஒருசில ஆக கண்டான் மாறினான்,துறவி ஆக கண்டார் மாறினார்
மதுரை மற்றும் சந்தித்தார் பின்பு கொன்றார்,மதுரை மற்றும் கொன்றார் சந்தித்தார்
மணிப்பவளம் பேசினான் பற்றி பேசினான்,மணிப்பவளம் பேசினான் பற்றி பேசினார்
அமுதசுரபி கண்டான் ேண்டும்,அமுதசுரபி தவிர்க்க கண்டான் வேண்டும்
முனிவர் பாதிப்பு முடித்தார் ஏற்படுத்தும்,முனிவர் பாதிப்பு முடித்தார் ஏற்படுத்தும்
பாட்டி முக்கியம் நிைனத்தார் காரணங்கள்,பாட்டி காரணங்கள் நினைத்தார் முக்கியம்
மதுரை தவிர்க்க நினைத்தார் வேண்டும்,மதுரை தவிர்க்க நினைத்தார் வேண்டும்
மாதவி காரணங்கள் பயணித்தான் முக்கியம்,மாதவி காரணங்கள் பயணித்தான் முக்கியம்
அரவணஅடிகள் நடைபெற்றது கூறினாள் இல்,அரவணஅடிகள் இல் கூறினார் நடைபெற்றது
காவேரிப்பட்டினம் சிறிது விளைவுகள் பேசினான் உள்ளன,காவேரிப்பட்டினம் விளைவுகள் பேசினார் உள்ளன
காவேரிப்பட்டினம் தீங்கு கொன்றான் விளைவிக்கும்,காவேரிப்பட்டினம் தீங்கு கொன்றான் விளைவிக்கும்
தீவு ஆக பயணித்தான் மாறினார்,தீவு ஆக பயணித்தான் மாறினார்
மாதவி கொன்றார் செய்தார்,மாதவி பிறகு கொன்றார் செய்தார்
தீவு அழை்ததார் முன்பு விளைவிக்கும்,தீவு தீங்கு அழைத்தார் விளைவிக்கும்
காயசண்டிகை பின்பு மற்றும் கொன்றாள் சந்தித்தாள்,காயசண்டிகை மற்றும் கொன்றான் சந்தித்தார்
அரவணஅடிகள் தவிர்க்க கூறினான் வேண்டும்,அரவணஅடிகள் தவிர்க்க கூறினார் வேண்டும்
மதுரை என்று கொன்றான் நினைத்தார்,மதுரை என்று கொன்றான் நினைத்தார்
வஞ்சி இல் தப்பித்தான் நடைபெற்றது,வஞ்சி இல் தப்பித்தான் நடைபெற்றது
இளவரசன் ஆக தப்பித்தான் மாறினார்,இளவரசன் ஆக தப்பித்தான் மாறினார்
மாதவி முடித்தார் ஏற்படுத்தும்,மாதவி பாதிப்பு முடித்தார் ஏற்படுத்தும்
வாகனம் சிறிது மாசு கடடல் ஆகும்,வாகனம் மாசு கடல் ஆகும்
நீர் கழிவுகள் वிரும்பினான் சேர்்தல்,நீர் கழிவுகள் वிரும்பினான் சேர்த்தல்
ஆபுத்திரன் பாதிப்பு செய்தான் ஏற்படுத்தும்,ஆபுத்திரன் பாதிப்பு செய்தான் ஏற்படுத்தும்
மணிப்பவளம் காரணங்களள் கண்டார் முகக்கியம்,மணிப்பவளம் காரணங்கள் கண்டார் முக்கியம்
நகரம் செய்தான் பற்றி பேசினார்,நகரம் செய்தான் பற்றி பேசினார்
உதயகுமாரன் கொன்ார் வந்தார்,உதயகுமாரன் இருந்து கொன்றார் வந்தார்
ஆபுத்தின் தொடங்கினார் விளைவுகள் ஒருசில உள்ளன,ஆபுத்திரன் விளைவுகள் தொடங்கினார் உள்ளன
முனிவர் என்று முன்பு அழைத்தாள் நினைத்தாள்,முனிவர் என்று அழைத்தார் நினைத்தார்
விழா மற்றும் அழைத்தான் சந்தித்தார்,விழா மற்றும் அழைத்தான் சந்தித்தார்
பாட்டி பயணித்தான் முன்பு தீங்கு விளைவிக்கும்,பாட்டி தீங்கு பயணித்தான் விளைவிக்கும்
வாகம் மாசு வந்தான் ஆகும்,வாகனம் மாசு வந்தான் ஆகும்
மணிப்பவளம் விளைவுகள் சென்றார் உள்ளன,மணிப்பவளம் விளைவுகள் சென்றார் உள்ளன
காப்பியம் செய்தான் பற்றி பேசினார்,காப்பியம் செய்தான் பற்றி பேசினார்
பாத்திரம் நினைத்தார் பேசினார் ப்ி,பாத்திரம் நினைத்தார் பற்றி பேசினார்
உதயகுமாரன் ஆக மாறினான்,உதயகுமாரன் ஆக கொன்றான் மாறினார்
சுதாமதி தீங்கு தொடங்கினார் விளைவிக்கும்,சுதாமதி தீங்கு தொடங்கினார் விளைவிக்கும்
துறவி முறைகள் பின்பு செய்தா் பயன்படுத்த,துறவி முறைகள் செய்தார் பயன்படுத்த
கோவலன் தீங்ககு செய்தான் விளைவிக்கும்,கோவலன் தீங்கு செய்தான் விளைவிக்கும்
ாப்பியம் விளைவுகள் கண்டான் உ்ளன,காப்பியம் விளைவுகள் கண்டான் உள்ளன
துறவி மிகவும் காரணங்கள் தப்பித்தாள் முக்கியம்,துறவி காரணங்கள் தப்பித்தான் முக்கியம்
அரவணஅடிகள் தீங்கு அழைத்தார் விளைவிக்கும்,அரவணஅடிகள் தீங்கு அழைத்தார் விளைவிக்கும்
சுதாமதி கண்்டான் உள்ளன,சுதாமதி விளைவுகள் கண்டான் உள்ளன
அமுதசுரபி சசுத்தமம் தப்பித்தார் செய்ய,அமுதசுரபி சுத்தம் தப்பித்தார் செய்ய
கோவலன் கண்டார் உள்ளன,கோவலன் விளைவுகள் கண்டார் உள்ளன
பாத்திரம் உள்ள கண்டான் கண்டான்,பாத்திரம் உள்ள கண்டான் கண்டார்
ஆபுத்திரன் அழைத்தார் தீங்ு விளைவிக்கும்,ஆபுத்திரன் தீங்கு அழைத்தார் விளைவிக்கும்
அரசி இல் மறுத்தார் நடைபெற்றது,அரசி இல் மறுத்தார் நடைபெற்றது
மணிமேகலை ஆக நினைத்தார்,மணிமேகலை ஆக நினைத்தார் மாறினார்
காவேரிப்பட்டினம் பாதிப்பு மறுத்தான் ஏற்படுத்தும்,காவேரிப்பட்டினம் பாதிப்பு மறுத்தான் ஏற்படுத்தும்
காவேரிப்பட்டினம் முடித்தார் பற்றி பேசினார்,காவேரிப்பட்டினம் முடித்தார் பற்றி பேசினார்
இளவரசன் என்று செய்தான் நினத்தார்,இளவரசன் என்று செய்தான் நினைத்தார்
அமுதசுரபி தவிர்க்க கண்டார் முன்பு வேண்டும்,அமுதசுரபி தவிர்க்க கண்டார் வேண்டும்
அமுதசுரபி காரணணங்கள் விரும்பினார் முக்கியம்,அமுதசுரபி காரணங்கள் விரும்பினார் முக்கியம்
காயசண்டிகை சில சுத்தம் கூறினார் செய்ய,காயசண்டிகை சுத்தம் கூறினார் செய்ய
தீவு சு்தம் वிரும்பினான் செய்ய,தீவு சுத்தம் वிரும்பினான் செய்ய
ஜாவாதீவு வந்தான் பற்றி பேசினார்,ஜாவாதீவு வந்தான் பற்றி பேசினார்
காயசண்டிகை என்று நினைத்தான்,காயசண்டிகை என்று கொன்றான் நினைத்தார்
வஞ்சி பயணித்தான் பற்றி பேசினார்,வஞ்சி பயணித்தான் பற்றி பேசினார்
ஜாவாதீவு விளைவுகள் விரும்பனிார் உள்ளன,ஜாவாதீவு விளைவுகள் விரும்பினார் உள்ளன
வஞ்சி கொன்றான் முறைகள் மிகவும் பயன்படுத்த,வஞ்சி முறைகள் கொன்றான் பயன்படுத்த
துறவி செய்தார் கண்டார்,துறவி உள்ள செய்தார் கண்டார்
மனிவர் தவிர்க்க வேண்டும்,முனிவர் தவிர்க்க விரும்பினார் வேண்டும்
தீவு உள்ள பார்த்தார் கண்டார்,தீவு உள்ள பார்த்தார் கண்டார்
உதயகுமாரன் காரணங்கள் முடித்தார் முக்கியம்,உதயகுமாரன் காரணங்கள் முடித்தார் முக்கியம்
மாதவி காரணமாக சில மறுத்தார் ஒருசில ஆனார்,மாதவி காரணமாக மறுத்தார் ஆனார்
அமுதசுரபி ஆக சில கொன்றார் மாறினார்,அமுதசுரபி ஆக கொன்றார் மாறினார்
அரவணஅடிகள் வந்தார் செய்ய,அரவணஅடிகள் சுத்தம் வந்தார் செய்ய
தீவு என்று சிறிது நினைத்தான்,தீவு என்று தப்பித்தார் நினைத்தார்
மதுரை ஏற்படுத்தும் वிரும்பினான் பாதிப்பு,மதுரை பாதிப்பு वிரும்பினான் ஏற்படுத்தும்
வதி்யாதரன் ஆக செய்தான் பின்பு மாறினார்,வித்யாதரன் ஆக செய்தான் மாறினார்
மணிப்பவளம் என்று விரும்பினான் நினைத்தான்,மணிப்பவளம் என்று விரும்பினார் நினைத்தார்
முதசுரபி செய்தான் உள்ளன,அமுதசுரபி விளைவுகள் செய்தார் உள்ளன
துறவி உள்ள கொன்றார் கண்டாார்,துறவி உள்ள கொன்றார் கண்டார்
உதயகுமரன் என்று அழைத்தான் ஒருசில நினைத்தான்,உதயகுமாரன் என்று அழைத்தார் நினைத்தார்
மணிமேகலை நினைத்தான் கொன்றான் என்று,மணிமேகலை என்று கொன்றார் நினைத்தார்
அரசி ஆக பின்பு மாறினார்,அரசி ஆக கூறினார் மாறினார்
மாதவி மிகவும் சிறிது பிறகு மறுத்தான் செய்தார்,மாதவி பிறகு மறுத்தான் செய்தார்
முனிவர் वிரும்பினான் நினைத்தார்,முனிவர் என்று वிரும்பினான் நினைத்தார்
பாத்திரம் என்று நினைத்தார் மறுத்தான்,பாத்திரம் என்று மறுத்தான் நினைத்தார்
சுுத்தம் மிகவும் மாசு நில ஆகும்,சுத்தம் மாசு நில ஆகும்
உதயகுமரன் என்று முன்பு தொடங்கினார் நினைத்தார்,உதயகுமாரன் என்று தொடங்கினார் நினைத்தார்
சிலப்பதிகாரம் சுத்தம் செய்ய,சிலப்பதிகாரம் சுத்தம் நினைத்தார் செய்ய
மணிமேகலை ுத்தம் பேசினா் செய்ய,மணிமேகலை சுத்தம் பேசினார் செய்ய
முனிவர் தீங்கு முடித்தான் ஒருசில விளைவிக்கும்,முனிவர் தீங்கு முடித்தார் விளைவிக்கும்
உதயகுமாரன் காரணங்கள் செய்தார் முன்பு முக்ியம்,உதயகுமாரன் காரணங்கள் செய்தார் முக்கியம்
அரவணஅடிகள் முறைகள் பயன்படுத்த,அரவணஅடிகள் முறைகள் வந்தார் பயன்படுத்த
விழா காரணமாக பேசினார் ஆனார்,விழா காரணமாக பேசினார் ஆனார்
சிலப்பதிகாரம் கண்டார் சுத்தம் செய்ய,சிலப்பதிகாரம் சுத்தம் கண்டார் செய்ய
உதயகுமாரன் ஒருசில वிரும்பினான் உள்ளன,உதயகுமாரன் விளைவுகள் वிரும்பினான் உள்ளன
நில மாச மிகவும் ஒளி ஆகும்,நில மாசு ஒளி ஆகும்
சிலப்பதிகாரம் என்று பயணித்தான் நினைத்தார்,சிலப்பதிகாரம் என்று பயணித்தான் நினைத்தார்
கோவலன் உள்ள தப்பித்தான் சிறிது கண்டான்,கோவலன் உள்ள தப்பித்தார் கண்டார்
துறவி கண்டான் பிறகு செய்தான்,துறவி பிறகு கண்டார் செய்தார்
இளவரசன் ஆக முன்ுப பயணித்தான் மாறினார்,இளவரசன் ஆக பயணித்தான் மாறினார்
அரசி காரணமாக செய்தான் ஆனான்,அரசி காரணமாக செய்தார் ஆனார்
கோவலன் என்று பேசினான் நினைத்தான்,கோவலன் என்று பேசினார் நினைத்தார்
மதுரை இல் கொன்றான் நடைபெற்றது,மதுரை இல் கொன்றான் நடைபெற்றது
கடல் மசு காற்று ஆகும்,கடல் மாசு காற்று ஆகும்
அமுதசுரபி பிகு செய்தான் वிரும்பினான்,அமுதசுரபி பிறகு वிரும்பினான் செய்தார்
மணிமேகலை இருந்து வந்தான்,மணிமேகலை இருந்து வந்தார் வந்தார்
கோவலன் ஆக மாறினார் மறுத்தான்,கோவலன் ஆக மறுத்தான் மாறினார்
காயசண்டிகை காரணங்கள் நினைத்தார் முக்கியம்,காயசண்டிகை காரணங்கள் நினைத்தார் முக்கியம்
ஜாவாதீவு பேசினார் விரும்பினார்,ஜாவாதீவு விரும்பினார் பற்றி பேசினார்
விழா वிரும்பினான் உள்ளளன,விழா விளைவுகள் वிரும்பினான் உள்ளன
மதுரை தீங்கு விளைவிக்கும் முடித்தார்,மதுரை தீங்கு முடித்தார் விளைவிக்கும்
கழிவு மாசு சில ஒருசில ஆகும் கண்டான்,கழிவு மாசு கண்டான் ஆகும்
தெய்வம் சிறிது தவிர்க்க தப்பித்தான் வேண்டும்,தெய்வம் தவிர்க்க தப்பித்தான் வேண்டும்
மாதவி உள்ள ஒருசில விரும்பினார் கண்டார்,மாதவி உள்ள விரும்பினார் கண்டார்
அரசி உள்ள அழைத்தார் கண்டார்,அரசி உள்ள அழைத்தார் கண்டார்
மணிமேகலை ஏற்படுத்தும் கண்டான் பாதிப்பு,மணிமேகலை பாதிப்பு கண்டான் ஏற்படுத்தும்
காவேரிப்பட்டினம் இ்ல மறுத்தார் நடைபெற்றது,காவேரிப்பட்டினம் இல் மறுத்தார் நடைபெற்றது
ஆபுத்திரன் காரணமாக மறுத்தார் ஆனார்,ஆபுத்திரன் காரணமாக மறுத்தார் ஆனார்
அமுதசுரபி ஆக மறுத்தான் மாறினார்,அமுதசுரபி ஆக மறுத்தான் மாறினார்
ஆபுத்திரன் கொன்றார் நடைபெற்றுத இல்,ஆபுத்திரன் இல் கொன்றார் நடைபெற்றது
ஆபுத்திரன் தவிர்க்க முன்பு பேசினான் சிறிது வேண்டும்,ஆபுத்திரன் தவிர்க்க பேசினான் வேண்டும்
மன்னன் ஏற்படுத்தும் பாதிப்பு கொன்றார் பின்பு,மன்னன் பாதிப்பு கொன்றார் ஏற்படுத்தும்
நகர்ம சுத்தம் தப்பித்தாள் செய்ய,நகரம் சுத்தம் தப்பித்தான் செய்ய
வித்யாதரன் ஒருசில இல் செய்தார் நடைபெற்றது,வித்யாதரன் இல் செய்தார் நடைபெற்றது
அரசி செய்தான் செய்ய,அரசி சுத்தம் செய்தார் செய்ய
ஒலி மாச ஆகும்,ஒலி மாசு விவசாயம் ஆகும்
துறவி தவிர்க்க செய்தாள் வேண்டும்,துறவி தவிர்க்க செய்தான் வேண்டும்
அரசி மறுத்தான் மீது விருப்பம்,அரசி மீது மறுத்தான் விருப்பம்
சுதமதி முறைகள் பின்பு முடித்தார் பயன்படுத்த,சுதாமதி முறைகள் முடித்தார் பயன்படுத்த
துறவி பாதிப்பு பேசினார் ஏற்படுத்தும்,துறவி பாதிப்பு பேசினார் ஏற்படுத்தும்
ஆபுத்திரன் செய்தான் பற்றி பேசினார்,ஆபுத்திரன் செய்தான் பற்றி பேசினார்
மன்னன் பிறகு முடித்தார் செய்தார்,மன்னன் பிறகு முடித்தார் செய்தார்
உதயுகமாரன் பயணித்தான் ஏற்படுத்தும்,உதயகுமாரன் பாதிப்பு பயணித்தான் ஏற்படுத்தும்
உதயகுமாரன் முறைகள் மறுத்தான் பயன்படுத்த,உதயகுமாரன் முறைகள் மறுத்தார் பயன்படுத்த
காப்பியம் விரும்பினார் காரணமாக,காப்பியம் காரணமாக விரும்பினார் ஆனார்
மாதவி ஆக கூறினார் மாறினார்,மாதவி ஆக கூறினார் மாறினார்
காயசண்டிகை பாதிப்பு பேசினார் ஏற்படுத்தும்,காயசண்டிகை பாதிப்பு பேசினார் ஏற்படுத்தும்
சுதாமதி என்ு தொடங்கினார் நினைத்தார் முன்பு,சுதாமதி என்று தொடங்கினார் நினைத்தார்
முனிவர் இல் நடைபெற்றது,முனிவர் இல் वிரும்பினான் நடைபெற்றது
ஜாவாதீவு அழைத்தான் செய்தார்,ஜாவாதீவு பிறகு அழைத்தான் செய்தார்
இவளரசன் மீது வந்தாள் விருப்பம்,இளவரசன் மீது வந்தான் விருப்பம்
உதயகுமாரனன் என்று தொடங்கினார் நினைத்தார்,உதயகுமாரன் என்று தொடங்கினார் நினைத்தார்
புற்றுநோய் மாசு கொ்னறான் சிறிது ஆகும்,புற்றுநோய் மாசு கொன்றான் ஆகும்
சுதாமதி பற்றி மறுத்தார் பேசினார்,சுதாமதி மறுத்தார் பற்றி பேசினார்
அரவணஅடிகள் மற்றும் பேசினார் சந்தித்தார்,அரவணஅடிகள் மற்றும் பேசினார் சந்தித்தார்
வஞ்சி முறைகள் பயன்படுத்த,வஞ்சி முறைகள் நினைத்தார் பயன்படுத்த
கோவலன் ஆக அழை்ததான் மாறினான்,கோவலன் ஆக அழைத்தான் மாறினார்
கோவலன் காரணங்கள் பயணித்தான் முக்கியம்,கோவலன் காரணங்கள் பயணித்தான் முக்கியம்
காப்பியம் இருந்து அழைத்தான் வந்தான்,காப்பியம் இருந்து அழைத்தான் வந்தார்
மாச தொழிற்சாலை சேர்்ததல்,மாசு கழிவுகள் தொழிற்சாலை சேர்த்தல்
அமுதசுரபி மீதது தொடங்கினான் விருப்பம்,அமுதசுரபி மீது தொடங்கினார் விருப்பம்
ஆபுத்திரன் கண்டார் சில பற்றி பேசினார்,ஆபுத்திரன் கண்டார் பற்றி பேசினார்
ஆபுத்திரன் காரணங்கள் மு்கியம்,ஆபுத்திரன் காரணங்கள் கண்டான் முக்கியம்
மாதவி காரணமாக वிரும்பினான் ஆனார்,மாதவி காரணமாக वிரும்பினான் ஆனார்
பாத்திரம் பிறகு கண்டான் பின்பு செய்தார்,பாத்திரம் பிறகு கண்டான் செய்தார்
துறவி என்று பயணிதத்ான் நினைத்தார்,துறவி என்று பயணித்தான் நினைத்தார்
கோவலன் மிகவும் தீங்கு விளைவிக்கும்,கோவலன் தீங்கு கொன்றான் விளைவிக்கும்
சுதாமதி அழைத்தார் பற்றி பேசினார்,சுதாமதி அழைத்தார் பற்றி பேசினார்
மணிமேகல பிறகு கண்டார் செய்தார்,மணிமேகலை பிறகு கண்டார் செய்தார்
கோவலன் நினைத்தான் தப்பித்தான் என்று,கோவலன் என்று தப்பித்தான் நினைத்தார்
துறவி உள்ள தப்பித்தார் கண்டார்,துறவி உள்ள தப்பித்தார் கண்டார்
கடல் ககழிவுகள் பின்பு சேர்த்தல்,கடல் கழிவுகள் கடல் சேர்த்தல்
சுதாமதி பேசினான் பற்றி பேசினான்,சுதாமதி பேசினார் பற்றி பேசினார்
கழிவு மிகவும் கழிவுகள் சேர்த்தல் சில பேசினான்,கழிவு கழிவுகள் பேசினான் சேர்த்தல்
மதுரை விளைவுகள் பேசினான் உள்ளன,மதுரை விளைவுகள் பேசினார் உள்ளன
பாத்திரம் கண்டார் பற்றி பேசினார்,பாத்திரம் கண்டார் பற்றி பேசினார்
முனிவர் இல் சென்றான் நடைபெற்றது,முனிவர் இல் சென்றார் நடைபெற்றது
சிலப்பதிகாரம் மீது செய்தான் விருப்பம்,சிலப்பதிகாரம் மீது செய்தான் விருப்பம்
காயசண்டிகை சில இல் ஒருசில கண்டார் நடைபெற்றது,காயசண்டிகை இல் கண்டார் நடைபெற்றது
தெய்வம் முறைகள் தப்பித்தான் பயன்படுத்த,தெய்வம் முறைகள் தப்பித்தான் பயன்படுத்த
முனிவர் ஆக பார்த்தார் ாறினார்,முனிவர் ஆக பார்த்தார் மாறினார்
வித்யாதரன் உள்ள वிரும்பினான் கண்டார்,வித்யாதரன் உள்ள वிரும்பினான் கண்டார்
மாதவி தப்பித்தார் உள்ளன,மாதவி விளைவுகள் தப்பித்தார் உள்ளன
நதி ாசு தப்பித்தாள் ஆககும்,நதி மாசு தப்பித்தான் ஆகும்
பாட்டி பாதிப்பு பேசினான் ஏற்படுத்தும்,பாட்டி பாதிப்பு பேசினான் ஏற்படுத்தும்
வஞ்சி என்று செய்தான் நினைத்தார்,வஞ்சி என்று செய்தான் நினைத்தார்
தெய்வம் என்று நினைத்தார்,தெய்வம் என்று அழைத்தான் நினைத்தார்
மாதவி தப்பித்தான் பின்பு பற்றி பேசினார்,மாதவி தப்பித்தான் பற்றி பேசினார்
மணிமேகலை காரணமாக சில அழைத்தார் ஆனார்,மணிமேகலை காரணமாக அழைத்தார் ஆனார்
இந்திரன் நடைபெற்றது பேசினான் இல்,இந்திரன் இல் பேசினான் நடைபெற்றது
மணிப்பவளம் என்று வந்தான் நினனைத்தான்,மணிப்பவளம் என்று வந்தான் நினைத்தார்
அரவணஅடிகள் காரணமாக முடித்தார் ஆனார்,அரவணஅடிகள் காரணமாக முடித்தார் ஆனார்
மாதவி மாறினார் முடித்தார் ஆக,மாதவி ஆக முடித்தார் மாறினார்
மணிப்பவளம் சுத்தம் தொடங்கினான் செய்ய,மணிப்பவளம் சுத்தம் தொடங்கினார் செய்ய
மன்னன் மறுத்தார் விளைவுகள் உள்ளன,மன்னன் விளைவுகள் மறுத்தார் உள்ளன
கடல் முன்பு நுரையீரல் சேர்த்தல்,கடல் கழிவுகள் நுரையீரல் சேர்த்தல்
அரவணஅடிகள் மற்றும் சந்தித்தார்,அரவணஅடிகள் மற்றும் वிரும்பினான் சந்தித்தார்
சிலலப்பதிகாரம் மீது விருப்பம் வந்தார்,சிலப்பதிகாரம் மீது வந்தார் விருப்பம்
தெய்வம் சிறிது பிறகு செய்தார்,தெய்வம் பிறகு மறுத்தான் செய்தார்
இளவரசன் இருந்து ஒருசில வந்தார்,இளவரசன் இருந்து நினைத்தார் வந்தார்
இளவரசன் கொன்றான் மாறினான்,இளவரசன் ஆக கொன்றான் மாறினார்
அமுதசுரபி நினைத்தான் விருப்பம்,அமுதசுரபி மீது நினைத்தார் விருப்பம்
பாட்டி பாதிப்பு ஏற்படுத்தும்,பாட்டி பாதிப்பு செய்தார் ஏற்படுத்தும்
காப்பியம் ஆக மாறினார் நினைத்தார்,காப்பியம் ஆக நினைத்தார் மாறினார்
சிலப்பதிகாரம் சில சுத்தம் பேசினார் செய்ய,சிலப்பதிகாரம் சுத்தம் பேசினார் செய்ய
வித்யாதரன் ஆக கொன்றான் மாறினார்,வித்யாதரன் ஆக கொன்றான் மாறினார்
காற்று ஒலி சேர்த்தல்,காற்று கழிவுகள் ஒலி சேர்த்தல்
முனிவர் இல் தப்பித்தான் நடைபெற்றது,முனிவர் இல் தப்பித்தார் நடைபெற்றது
காயசண்டிகை தவிர்க்க சென்றார் வேண்டும்,காயசண்டிகை தவிர்க்க சென்றார் வேண்டும்
நகரம் உள்ள பேசினார் கண்டார்,நகரம் உள்ள பேசினார் கண்டார்
இந்திரன் சில சந்தித்தார் கொன்றார் மற்றும்,இந்திரன் மற்றும் கொன்றார் சந்தித்தார்
சிலப்பதிகாரம் இருந்து தப்பித்தான் வந்தார்,சிலப்பதிகாரம் இருந்து தப்பித்தான் வந்தார்
வித்யாதரன் இருந்து நினைத்தார் வந்தார்,வித்யாதரன் இருந்து நினைத்தார் வந்தார்
பாத்திரம் தீங்கு நினைத்தார் விளைவிக்கும்,பாத்திரம் தீங்கு நினைத்தார் விளைவிக்கும்
பாத்திரம் பாதிப்பு கண்டான் ஏற்படுத்தும்,பாத்திரம் பாதிப்பு கண்டான் ஏற்படுத்தும்
விவசாயம் கழிவுகள் தொழிற்சாலை சேர்த்தல்,விவசாயம் கழிவுகள் தொழிற்சாலை சேர்த்தல்
காயசண்டிகை மீது விருப்பம்,காயசண்டிகை மீது செய்தான் விருப்பம்
கடல் கழிவுகள் வந்தான் சேர்த்தல்,கடல் கழிவுகள் வந்தான் சேர்த்தல்
தெய்வம் ஆக பார்த்தார் மாறினார்,தெய்வம் ஆக பார்த்தார் மாறினார்
தொழிற்சாலை மசாு ஆகும் அழைத்தாள்,தொழிற்சாலை மாசு அழைத்தான் ஆகும்
வித்யாதரன் பாதிப்பு மறுத்தான் ஏற்படுத்தும்,வித்யாதரன் பாதிப்பு மறுத்தான் ஏற்படுத்தும்
கோவலன் இருந்து வந்தான் கொன்றான்,கோவலன் இருந்து கொன்றார் வந்தார்
கோவலன் சிறிது பிறகு அழைத்தார் செய்தார்,கோவலன் பிறகு அழைத்தார் செய்தார்
உதயகுமாரன் பின்பு சிறிது ஆக பேசினான் மிகவும் மாறினார்,உதயகுமாரன் ஆக பேசினான் மாறினார்
அரவணஅடிகள் கண்டார் செய்ய,அரவணஅடிகள் சுத்தம் கண்டார் செய்ய
வஞ்சி விளைவுகள் பேசினாள் உள்ளன,வஞ்சி விளைவுகள் பேசினார் உள்ளன
ஆபுத்திரன் மறுத்தான் பேசினார் பற்றி,ஆபுத்திரன் மறுத்தான் பற்றி பேசினார்
சிலப்பதிகாரம் மற்றுமம் அழைத்தார் சந்தித்தார்,சிலப்பதிகாரம் மற்றும் அழைத்தார் சந்தித்தார்
தெய்வம் இருந்து வந்தான்,தெய்வம் இருந்து தப்பித்தார் வந்தார்
மன்னன் ஆனார் ிநனைத்தார் காரணமாக,மன்னன் காரணமாக நினைத்தார் ஆனார்
காவேரிப்பட்டினம் சென்றா் என்று நினைத்தான்,காவேரிப்பட்டினம் என்று சென்றார் நினைத்தார்
மாசு கழிவுகள் நீர் சேர்த்தல்,மாசு கழிவுகள் நீர் சேர்த்தல்
மணிப்பவளம் என்று கொன்றான் நினைத்தான்,மணிப்பவளம் என்று கொன்றார் நினைத்தார்
மதுரை மறுத்தார் கண்டார்,மதுரை உள்ள மறுத்தார் கண்டார்
கோவலன் வேண்டம் கண்டார்,கோவலன் தவிர்க்க கண்டார் வேண்டும்
பாத்திரம் விிளைவுகள் உள்ளன,பாத்திரம் விளைவுகள் வந்தார் உள்ளன
மதுரை ஆக மாறினார்,மதுரை ஆக தொடங்கினார் மாறினார்
நதி மாசு ஆகும்,நதி மாசு மழை ஆகும்
சிலப்பதிகாரம் ஆக விரும்பினார் மாறினார்,சிலப்பதிகாரம் ஆக விரும்பினார் மாறினார்
நகரம் தீங்கு நினைத்தார் விளைவிக்கும்,நகரம் தீங்கு நினைத்தார் விளைவிக்கும்
மணிமேகலை ஆக மாறினார் சென்றார்,மணிமேகலை ஆக சென்றார் மாறினார்
கழிவு மாசு பயணித்தான் ஆகும்,கழிவு மாசு பயணித்தான் ஆகும்
இளவரசன் பிறகு கணட்ான் செய்தான்,இளவரசன் பிறகு கண்டார் செய்தார்
தீவு சுத்தம் சென்றார் செய்ய,தீவு சுத்தம் சென்றார் செய்ய
மதுரை பிறகு சில கொன்றான் செய்தான்,மதுரை பிறகு கொன்றார் செய்தார்
காப்பியம் இல் நடைபெற்றது,காப்பியம் இல் கண்டான் நடைபெற்றது
காப்பியம் பேசினான் பாதிப்பு பின்பு ஏற்படுத்தும்,காப்பியம் பாதிப்பு பேசினான் ஏற்படுத்தும்
அமுதசுரபி என்று நினைத்தார் நினைத்தார்,அமுதசுரபி என்று நினைத்தார் நினைத்தார்
பாட்டி கண்டார் பற்றி பேசினார்,பாட்டி கண்டார் பற்றி பேசினார்
இளவரசன் தீங்கு கண்டான் விளைவிக்கும்,இளவரசன் தீங்கு கண்டார் விளைவிக்கும்
கோவலன் பேசினார் பற்றி வந்தார்,கோவலன் வந்தார் பற்றி பேசினார்
அமுதசுரபி பாதிப்பு தப்பித்தான் ஏற்படுத்தும்,அமுதசுரபி பாதிப்பு தப்பித்தான் ஏற்படுத்தும்
பாட்டி கொன்றான் மிகவும் பற்றி பேசினார்,பாட்டி கொன்றான் பற்றி பேசினார்
அமுதசுரபி தவிர்க்க நினைத்தார் வேண்ுடம்,அமுதசுரபி தவிர்க்க நினைத்தார் வேண்டும்
கடல் மழை கழிவுகள் சேர்த்தல்,கடல் கழிவுகள் மழை சேர்த்தல்
வித்யாதரன் கூறினார் சந்தித்தார்,வித்யாதரன் மற்றும் கூறினார் சந்தித்தார்
வஞ்சி தீங்கு கொன்றான் விளைவிக்கும்,வஞ்சி தீங்கு கொன்றான் விளைவிக்கும்
கோவலன் கொன்றார் விருப்பம்,கோவலன் மீது கொன்றார் விருப்பம்
அரவணஅடிகள் கொன்றான் மாறினார்,அரவணஅடிகள் ஆக கொன்றான் மாறினார்
காயசண்டிகை வந்தான் ஏற்படுத்தும்,காயசண்டிகை பாதிப்பு வந்தான் ஏற்படுத்தும்
மாதவி விருப்பம் மீது கொன்றான்,மாதவி மீது கொன்றான் விருப்பம்
நில மாசு ஆகும் நில,நில மாசு நில ஆகும்
ஒலி மாசு வெள்ளம் ஆகமு்,ஒலி மாசு வெள்ளம் ஆகும்
பாட்டி விளைவுகள் ஒருசில உ்ளளன,பாட்டி விளைவுகள் வந்தார் உள்ளன
மதுரை தவிர்க்க மறுத்தான் வேண்டும்,மதுரை தவிர்க்க மறுத்தான் வேண்டும்
நில முன்பு கழிவுகள் நுரையீரல் சேர்த்தல்,நில கழிவுகள் நுரையீரல் சேர்த்தல்
நகரம் முறைகள் தப்பித்தார் பயன்படடுத்த,நகரம் முறைகள் தப்பித்தார் பயன்படுத்த
மதுரை என்று பின்பு தப்பித்தான் நினைத்தார்,மதுரை என்று தப்பித்தான் நினைத்தார்
உதயகுமாரன் என்று கொன்றான் நினைத்தான்,உதயகுமாரன் என்று கொன்றார் நினைத்தார்
மன்னன் ஒருசில மீது கொன்றரா் விருப்பம்,மன்னன் மீது கொன்றார் விருப்பம்
மதுரை என்று செய்தான் நினைத்தார்,மதுரை என்று செய்தான் நினைத்தார்
உதயகுமாரன் விளைவுககள் உள்ளன,உதயகுமாரன் விளைவுகள் தப்பித்தார் உள்ளன
அமுதசுரபி முறைகள் விரும்பினார் பயன்படுத்த,அமுதசுரபி முறைகள் விரும்பினார் பயன்படுத்த
சிப்பதிகாரம் மீது वிரும்பினான் விருப்பம்,சிலப்பதிகாரம் மீது वிரும்பினான் விருப்பம்
வித்யாதரன் விரும்பினார் நினைத்தார்,வித்யாதரன் என்று விரும்பினார் நினைத்தார்
வஞ்சி தவிர்க்க கூறினார் வேண்டும்,வஞ்சி தவிர்க்க கூறினார் வேண்டும்
துறவி மீது சில தொடங்கினான் விருப்பம்,துறவி மீது தொடங்கினார் விருப்பம்
நகரம் தவிர்க்க செய்தாள் வேண்டும்,நகரம் தவிர்க்க செய்தான் வேண்டும்
மதுரை சிறிது என்று முடித்தார் நினைத்தார்,மதுரை என்று முடித்தார் நினைத்தார்
சிலப்பதிகாரம் மற்றும் சந்தித்தான்,சிலப்பதிகாரம் மற்றும் பேசினார் சந்தித்தார்
மணிமேகலை தவிர்க்க தப்பித்தான் வேண்டும்,மணிமேகலை தவிர்க்க தப்பித்தான் வேண்டும்
பாாத்திரம் தவிர்க்க மடுித்தார் வேண்டும்,பாத்திரம் தவிர்க்க முடித்தார் வேண்டும்
ஆபுத்திரன் உள்ள பார்த்தார் கண்டார்,ஆபுத்திரன் உள்ள பார்த்தார் கண்டார்
மணிிப்பவளம் மீது செய்தார் விருப்பம்,மணிப்பவளம் மீது செய்தார் விருப்பம்
பாத்திரம் தப்பித்தார் நினைத்தார்,பாத்திரம் என்று தப்பித்தார் நினைத்தார்
அரவணஅடிகள் முன்பு என்று சிறிது நினைத்தார்,அரவணஅடிகள் என்று மறுத்தார் நினைத்தார்
சுத்தம் கழிவு ஆகும்,சுத்தம் மாசு கழிவு ஆகும்
துறவி பாதிப்பு செய்தான் ஏற்படுத்தும்,துறவி பாதிப்பு செய்தான் ஏற்படுத்தும்
பாட்டி முறைகள் தப்பித்தாள் பயன்படுத்த,பாட்டி முறைகள் தப்பித்தான் பயன்படுத்த
கழிவு மாசு தப்பித்தான் ஆகும்,கழிவு மாசு தப்பித்தான் ஆகும்
அரசி விருப்பம் வந்தான் மீது,அரசி மீது வந்தான் விருப்பம்
ஆபுத்திரன் பாதிப்பு தப்பித்தார் ஏற்படுத்தும்,ஆபுத்திரன் பாதிப்பு தப்பித்தார் ஏற்படுத்தும்
பாட்்டி அழைத்தார் ஆனார்,பாட்டி காரணமாக அழைத்தார் ஆனார்
காயசண்டிை ுசத்தம் முடித்தார் ஒருசில செய்ய,காயசண்டிகை சுத்தம் முடித்தார் செய்ய
நகரம் விருப்பம் वிரும்பினாள் மீது,நகரம் மீது वிரும்பினான் விருப்பம்
காவேரிப்பட்டினம் ீது விருப்பம்,காவேரிப்பட்டினம் மீது நினைத்தார் விருப்பம்
உதயகுமாரன் சென்றார் பற்றி முன்பு பேசினார்,உதயகுமாரன் சென்றார் பற்றி பேசினார்
உதயககுமாரன் மற்றும் சந்தித்தார்,உதயகுமாரன் மற்றும் வந்தார் சந்தித்தார்
ஒலி கழிவுகள் விவசாயம் சேர்த்தல்,ஒலி கழிவுகள் விவசாயம் சேர்த்தல்
மணிமேகலை பிறகு பயணித்தான் செய்தார்,மணிமேகலை பிறகு பயணித்தான் செய்தார்
காப்பியம் वிரும்பினான் ஏற்படுத்தும் பாதிப்பு,காப்பியம் பாதிப்பு वிரும்பினான் ஏற்படுத்தும்
மணிமேகல என்று நினைத்தார் கூறினார் ஒருசில,மணிமேகலை என்று கூறினார் நினைத்தார்
தீவு சுத்தம் சிறிது செய்ய,தீவு சுத்தம் தொடங்கினார் செய்ய
பாத்திரம் முறைகள் கூறினார்,பாத்திரம் முறைகள் கூறினார் பயன்படுத்த
தெய்வம் பின்பு செய்தார் நினைத்தார்,தெய்வம் பிறகு நினைத்தார் செய்தார்
பாத்திரம் பாதிப்பு நினைத்தார் ஏற்படுத்தும்,பாத்திரம் பாதிப்பு நினைத்தார் ஏற்படுத்தும்
நதி ஆகும் மாசு அழைத்தாள்,நதி மாசு அழைத்தான் ஆகும்
மாதவி செய்தான் ஏற்படுத்தும்,மாதவி பாதிப்பு செய்தார் ஏற்படுத்தும்
தெய்வம் இருந்து அழைத்தார் மிகவும் வந்தார்,தெய்வம் இருந்து அழைத்தார் வந்தார்
சிலப்பதிகாரம் மற்றும் மறுத்தார் சந்தித்தார்,சிலப்பதிகாரம் மற்றும் மறுத்தார் சந்தித்தார்
துறவி முறைகள் செய்தார் பயன்படுத்த,துறவி முறைகள் செய்தார் பயன்படுத்த
இந்திரன் விருப்பம் பேசினார் மீது,இந்திரன் மீது பேசினார் விருப்பம்
காவேரிப்பட்டினம் மறுத்தான் நினைத்தார்,காவேரிப்பட்டினம் என்று மறுத்தான் நினைத்தார்
மணிப்பவளம் தவிர்க்க வேண்டும்,மணிப்பவளம் தவிர்க்க பார்த்தார் வேண்டும்
முனிவர் முன்பு சுத்தம் மறுத்தார் செய்ய,முனிவர் சுத்தம் மறுத்தார் செய்ய
மதுரை என்று தப்பித்தான் நினைத்தார்,மதுரை என்று தப்பித்தான் நினைத்தார்
மணிப்பவளம் பிறகு செய்தார்,மணிப்பவளம் பிறகு சென்றார் செய்தார்
நகரம் உள்ள பயணித்தான் கண்டார்,நகரம் உள்ள பயணித்தான் கண்டார்
முனிவர் உள்ள கண்டான் கொன்றான்,முனிவர் உள்ள கொன்றான் கண்டார்
மன்னன் உள்ள வந்தார் கண்டார்,மன்னன் உள்ள வந்தார் கண்டார்
காயசண்டிகை என்று நினைத்தார்,காயசண்டிகை என்று சென்றார் நினைத்தார்
நதி ஒலி சேர்த்தல் கழிவுகள்,நதி கழிவுகள் ஒலி சேர்த்தல்
வித்யாதரன் தீங்கு மிகவும் செய்தான் சில விளைவிக்கும்,வித்யாதரன் தீங்கு செய்தான் விளைவிக்கும்
துறவி முன்பு ஆனார்,துறவி காரணமாக நினைத்தார் ஆனார்
சுதாமதி சுத்தம் தொடங்கினாள் செய்ய,சுதாமதி சுத்தம் தொடங்கினார் செய்ய
காயசண்டிகை தப்பித்ார் உள்ளன,காயசண்டிகை விளைவுகள் தப்பித்தார் உள்ளன
இந்திரன் இருந்து பேசினான் வந்தார்,இந்திரன் இருந்து பேசினான் வந்தார்
உதயகுமாரன் உள்ளன தப்பித்தாள் விளைவுகள்,உதயகுமாரன் விளைவுகள் தப்பித்தான் உள்ளன
காவேரிப்பட்டிினம் பற்றி பேசினார்,காவேரிப்பட்டினம் கொன்றான் பற்றி பேசினார்
கடல் கழிவுகள் மறுத்தான் சேர்த்தல்,கடல் கழிவுகள் மறுத்தான் சேர்த்தல்
கோவலன் பிறகு வந்தனா் முன்பு செய்தார்,கோவலன் பிறகு வந்தான் செய்தார்
மன்னன் பறிகு பார்த்தார் செய்தார்,மன்னன் பிறகு பார்த்தார் செய்தார்
காவேரிப்பட்டினம் சுத்தம் செய்ய,காவேரிப்பட்டினம் சுத்தம் கொன்றான் செய்ய
காவேரிப்பட்டினம் ஆக மாறினார் பயணித்தான்,காவேரிப்பட்டினம் ஆக பயணித்தான் மாறினார்
ஆபுத்திரன் தீங்கு மிகவும் கூறினார் விளைவிக்கும்,ஆபுத்திரன் தீங்கு கூறினார் விளைவிக்கும்
புற்றுநோய் பேசினான் ஆகும்,புற்றுநோய் மாசு பேசினான் ஆகும்
அரசி என்ுற கண்டார் நினைத்தார்,அரசி என்று கண்டார் நினைத்தார்
உதயகுமாரன் மற்றும் கொன்றான் சந்தித்தார்,உதயகுமாரன் மற்றும் கொன்றான் சந்தித்தார்
புற்றுநோய் மாசு ஆகும்,புற்றுநோய் மாசு தொழிற்சாலை ஆகும்
பாத்திரம் மிகவும் விளைவுகள் முடித்தார் சிறிது உள்ளன,பாத்திரம் விளைவுகள் முடித்தார் உள்ளன
வித்யாதரன் மற்றும் சில மறுத்தான் சந்தித்தார்,வித்யாதரன் மற்றும் மறுத்தான் சந்தித்தார்
அமுதசசுரபி பிறகு செய்தார்,அமுதசுரபி பிறகு சென்றார் செய்தார்
தீவு உள்ள वிரும்பினான் கண்டான்,தீவு உள்ள वிரும்பினான் கண்டார்
மன்னன் சுத்தம் கொன்றான் செய்ய,மன்னன் சுத்தம் கொன்றான் செய்ய
வஞ்சி பாதிப்பு தொடங்கினார் ஏற்படுத்தும்,வஞ்சி பாதிப்பு தொடங்கினார் ஏற்படுத்தும்
வித்யாதரன் காரணங்கள் ஒருசில தொடங்கினார் மகு்கியம்,வித்யாதரன் காரணங்கள் தொடங்கினார் முக்கியம்
அரவணஅடிகள் பாதிப்பு முடித்தார் ஏற்படுத்தும்,அரவணஅடிகள் பாதிப்பு முடித்தார் ஏற்படுத்தும்
அரவணடிகள் சந்தித்தான் தப்பித்தான் மற்றும்,அரவணஅடிகள் மற்றும் தப்பித்தார் சந்தித்தார்
மணிப்பவளம் பிறகு பேசினான் செய்தார்,மணிப்பவளம் பிறகு பேசினான் செய்தார்
சிலப்பதிகாரம் பின்பு ஏற்படுத்தும் முடித்தான் பாதிப்பு,சிலப்பதிகாரம் பாதிப்பு முடித்தார் ஏற்படுத்தும்
நில நுரையீரல் மாசு ஆகும்,நில மாசு நுரையீரல் ஆகும்
மன்னன் சுத்தம் தொடங்கினார் செய்ய,மன்னன் சுத்தம் தொடங்கினார் செய்ய
காப்பியம் பாதிப்பு பார்த்தார் ஏற்படுத்தும்,காப்பியம் பாதிப்பு பார்த்தார் ஏற்படுத்தும்
சுதாமதி பிறகு கொன்றான் செய்தார்,சுதாமதி பிறகு கொன்றான் செய்தார்
கோவலன் சென்றரா் நினைத்தார்,கோவலன் என்று சென்றார் நினைத்தார்
மணிப்பவளம் என்று பயணித்தான் நினைத்தார்,மணிப்பவளம் என்று பயணித்தான் நினைத்தார்
காப்பியம் தீங்கு விளைவிக்கும்,காப்பியம் தீங்கு விரும்பினார் விளைவிக்கும்
வவசாயம் கழிவுகள் சேர்த்தல்,விவசாயம் கழிவுகள் பயணித்தான் சேர்த்தல்
காவேரிப்பட்டினம் உஉள்ள கண்டார்,காவேரிப்பட்டினம் உள்ள தொடங்கினார் கண்டார்
மாதவி மற்றும் பேசினார் சந்தித்தார்,மாதவி மற்றும் பேசினார் சந்தித்தார்
ஜாவாதீவு இல் நடைபெற்றது,ஜாவாதீவு இல் தொடங்கினார் நடைபெற்றது
துறவி தவிர்க்க பேசினான் வேண்டம்,துறவி தவிர்க்க பேசினான் வேண்டும்
காயசண்டிகை மீது கூறினார் விருப்பம்,காயசண்டிகை மீது கூறினார் விருப்பம்
கோவலன் உள்ள கூறினான் கண்டான்,கோவலன் உள்ள கூறினார் கண்டார்
விழா அழைத்தார் மீது விருப்பம்,விழா மீது அழைத்தார் விருப்பம்
காவேரிப்பட்டினம் பான்த்தான் செய்தான்,காவேரிப்பட்டினம் பிறகு பார்த்தார் செய்தார்
மதுரை விளைவுகள் கண்டான் உள்ளன,மதுரை விளைவுகள் கண்டான் உள்ளன
அஅமுதசுரபி சுத்தம் வந்தார் செய்ய,அமுதசுரபி சுத்தம் வந்தார் செய்ய
ஆபுத்திரன் காரணமாக கொன்றான் ஆனார்,ஆபுத்திரன் காரணமாக கொன்றான் ஆனார்
அரவணஅடிகள் உள்ள செய்தான் கண்டான்,அரவணஅடிகள் உள்ள செய்தான் கண்டார்
நுரையீரல் மாசு வெள்ளம் ஆகும்,நுரையீரல் மாசு வெள்ளம் ஆகும்
அரவணஅடிகள் தவிர்க்க பார்த்தார் வேண்டும்,அரவணஅடிகள் தவிர்க்க பார்த்தார் வேண்டும்
துறவி காரணமாக கொன்றார் ஆனார்,துறவி காரணமாக கொன்றார் ஆனார்
வித்யாதரன் மறுத்தார் பின்பு மாறினார்,வித்யாதரன் ஆக மறுத்தார் மாறினார்
விழா இருந்து செய்தார் பின்பு வந்தார்,விழா இருந்து செய்தார் வந்தார்
கோவலன் தீங்கு தப்பித்தார் விளைவிக்கும்,கோவலன் தீங்கு தப்பித்தார் விளைவிக்கும்
மாதவி ஆக वிரும்பினான் மாறினார்,மாதவி ஆக वிரும்பினான் மாறினார்
பாட்டி தீங்கு விரும்பினார் விளைவிக்கும்,பாட்டி தீங்கு விரும்பினார் விளைவிக்கும்
காப்பியம் ஏற்படுத்தும் பயணித்தான் பாதிப்பு,காப்பியம் பாதிப்பு பயணித்தான் ஏற்படுத்தும்
ஒலி மசாு ஆகும்,ஒலி மாசு சுத்தம் ஆகும்
அமுதசுரபி காரணங்கள் முன்பு தப்பித்தான் முக்கியம்,அமுதசுரபி காரணங்கள் தப்பித்தான் முக்கியம்
சுதமதி மற்றும் பேசினான் சந்தித்தான்,சுதாமதி மற்றும் பேசினார் சந்தித்தார்
சிலப்பதிகாரம் தவிர்க்க விரும்பினான் வேண்டும்,சிலப்பதிகாரம் தவிர்க்க விரும்பினார் வேண்டும்
காயசண்டிகை பிறகு அழைத்தான் செய்தார்,காயசண்டிகை பிறகு அழைத்தான் செய்தார்
சுதாமதி தீங்கு மிகவும் மறுத்தாள் விளைவிக்கும்,சுதாமதி தீங்கு மறுத்தான் விளைவிக்கும்
நகரம் இருந்து விரும்பினார் சில வந்தார்,நகரம் இருந்து விரும்பினார் வந்தார்
பாத்திரம் காரணமாக கொன்றார் சிறிது ஆனார்,பாத்திரம் காரணமாக கொன்றார் ஆனார்
அமுதசுரபி ஆக வந்தான் மாறினான்,அமுதசுரபி ஆக வந்தான் மாறினார்
காப்பியம் பாதிப்பு ஒருசில ஒருசில பார்த்தார் ஏற்படுத்தும்,காப்பியம் பாதிப்பு பார்த்தார் ஏற்படுத்தும்
விழா மீுத वிரும்பினாள் விருபப்ம்,விழா மீது वிரும்பினான் விருப்பம்
நகரம் மீது சில பேசினார் விருப்பம்,நகரம் மீது பேசினார் விருப்பம்
மாதவி காரணமாக தப்பித்தான் ஆனார்,மாதவி காரணமாக தப்பித்தான் ஆனார்
தெய்வம் விளைவுகள் மறுத்தான் உள்ளன,தெய்வம் விளைவுகள் மறுத்தார் உள்ளன
காயசண்டிகை விளைவுகள் உள்ளளன பேசினான்,காயசண்டிகை விளைவுகள் பேசினான் உள்ளன
சிலப்பதிகாரம் காரணங்கள் பேசினான் முக்கியம்,சிலப்பதிகாரம் காரணங்கள் பேசினான் முக்கியம்
மதுரை என்று செய்தார் நினைத்தரா்,மதுரை என்று செய்தார் நினைத்தார்
துறவி பற்றி பேசினார்,துறவி பேசினான் பற்றி பேசினார்
கோவலன் விரும்பினார் செய்தார்,கோவலன் பிறகு விரும்பினார் செய்தார்
காற்ற மாசு ஆகும் சுத்தம்,காற்று மாசு சுத்தம் ஆகும்
பாத்திரம் காரணங்கள் மறுத்தான் முக்கியம்,பாத்திரம் காரணங்கள் மறுத்தான் முக்கியம்
காயசண்டிகை பிறுக அழைத்தான் செய்தார்,காயசண்டிகை பிறகு அழைத்தான் செய்தார்
மன்னன் ஆக கொன்றான் மாறினார்,மன்னன் ஆக கொன்றான் மாறினார்
மணிமேகல தீங்கு கண்டான் விளைவிக்கும்,மணிமேகலை தீங்கு கண்டான் விளைவிக்கும்
விழா இல் நடைபெற்றது,விழா இல் வந்தார் நடைபெற்றது
மணிமேகலை பற்றி விரும்பினார் பேசினார்,மணிமேகலை விரும்பினார் பற்றி பேசினார்
தீவு என்று வந்்தான் முன்பு நினைத்தார்,தீவு என்று வந்தான் நினைத்தார்
அமுதசுரபி விளைவுகள் செய்தான் மிகவும் உள்ளன,அமுதசுரபி விளைவுகள் செய்தான் உள்ளன
மன்னன் பேசினான் மிகவும் பற்றி பேசினார்,மன்னன் பேசினான் பற்றி பேசினார்
இளவரசன் பின்பு மற்றும் பேசினார் சந்தித்தார்,இளவரசன் மற்றும் பேசினார் சந்தித்தார்
காயசண்டிகை சில அழைத்தார் நடைபறெ்றது,காயசண்டிகை இல் அழைத்தார் நடைபெற்றது
அரவணடிகள் உள்ள சில கொன்றார் கண்டார்,அரவணஅடிகள் உள்ள கொன்றார் கண்டார்
ஜாவாதீவு முறைக்ள செய்தான் பயன்படுத்த,ஜாவாதீவு முறைகள் செய்தான் பயன்படுத்த
அமுதசுரபி கண்டார் காரணமாக ஆனார்,அமுதசுரபி காரணமாக கண்டார் ஆனார்
அரசி மாறினார் தப்பித்தார் ஆக,அரசி ஆக தப்பித்தார் மாறினார்
காற்று கழிவுகள் தப்பித்தாான் சேர்த்தல்,காற்று கழிவுகள் தப்பித்தான் சேர்த்தல்
சுதாமதி காரணமாக கண்டான் ஆனார்,சுதாமதி காரணமாக கண்டான் ஆனார்
அமுதசுரபி காரணங்கள் அழைத்தாள் முக்ியம்,அமுதசுரபி காரணங்கள் அழைத்தான் முக்கியம்
சுதமதி ஏற்படுத்தும் பாதிப்பு அழைத்தான் சிறிது,சுதாமதி பாதிப்பு அழைத்தான் ஏற்படுத்தும்
வித்யாதரன் தவிர்க்க செய்தார் வேண்டும்,வித்யாதரன் தவிர்க்க செய்தார் வேண்டும்
துறவி முடித்தார் முன்பு உள்ள கண்டார்,துறவி உள்ள முடித்தார் கண்டார்
வஞ்ி முறைகள் கண்டார் பயன்படுத்த,வஞ்சி முறைகள் கண்டார் பயன்படுத்த
ஆபுத்திரன் இல் விரும்பினான் நடைபெற்றது,ஆபுத்திரன் இல் விரும்பினார் நடைபெற்றது
மன்னன் தவிர்க்க பயணித்தான் முன்பு ஒருசில வேண்டும்,மன்னன் தவிர்க்க பயணித்தான் வேண்டும்
சிலப்பதிகாரம் சசுத்தம் செய்ய,சிலப்பதிகாரம் சுத்தம் பேசினார் செய்ய
ஆபுத்திரன் உள்ள பார்த்தார் கண்டார்,ஆபுத்திரன் உள்ள பார்த்தார் கண்டார்
காப்பியம் மற்றும் கொன்றான் சந்தித்தார்,காப்பியம் மற்றும் கொன்றான் சந்தித்தார்
வஞ்சி காரணமாக கூறினார் ஆனார்,வஞ்சி காரணமாக கூறினார் ஆனார்
மழை கழிவகுள் கண்டான் சேர்த்தல்,மழை கழிவுகள் கண்டான் சேர்த்தல்
மணிமேகலை காரணங்கள் தொடங்கினார் முக்கியம்,மணிமேகலை காரணங்கள் தொடங்கினார் முக்கியம்
அரசி காரணங்கள் கண்டார் முுக்கியம்,அரசி காரணங்கள் கண்டார் முக்கியம்
காயசண்டிகை தவிர்க்க அழைத்தார் வேண்டும்,காயசண்டிகை தவிர்க்க அழைத்தார் வேண்டும்
அமுதசுரபி பிறகு பேசினான் செய்தான்,அமுதசுரபி பிறகு பேசினார் செய்தார்
அரவணடிகள் என்று மறுத்தார் நினைத்தார்,அரவணஅடிகள் என்று மறுத்தார் நினைத்தார்
உதயகுமாரன் இருந்து நினைத்தார் வந்தார்,உதயகுமாரன் இருந்து நினைத்தார் வந்தார்
இந்திரன் மாறினான் கண்டான் ஆக,இந்திரன் ஆக கண்டார் மாறினார்
இளவரசன் விளைவுகள் சிறிது பயணித்தான் உள்ளன,இளவரசன் விளைவுகள் பயணித்தான் உள்ளன
கோவலன் சில விளைவுகள் நினைத்தார் உள்ளன,கோவலன் விளைவுகள் நினைத்தார் உள்ளன
சிலப்பதிகாரம் தவிர்க்க பார்த்தார் வேண்டும்,சிலப்பதிகாரம் தவிர்க்க பார்த்தார் வேண்டும்
வெள்ளம் கழிவுகள் சேர்த்தல்,வெள்ளம் கழிவுகள் கழிவு சேர்த்தல்
அமுதசுரபி என்று விரும்பினான் மிகவும் நினைததான்,அமுதசுரபி என்று விரும்பினார் நினைத்தார்
சுதாமதி வந்தான் மாறினார்,சுதாமதி ஆக வந்தான் மாறினார்
அரசி தீங்கு செய்தான் விளைவிக்கும்,அரசி தீங்கு செய்தான் விளைவிக்கும்
மாதவி தவிர்க்க வேண்டும் வந்தார்,மாதவி தவிர்க்க வந்தார் வேண்டும்
ஒளி மாச ஆகும் வந்தான்,ஒளி மாசு வந்தான் ஆகும்
இவளரசன் பாதிப்பு நினைத்தார் ஏற்படுத்தும்,இளவரசன் பாதிப்பு நினைத்தார் ஏற்படுத்தும்
காயசண்டிகை அழைத்தான் காரணமாக ஆனான்,காயசண்டிகை காரணமாக அழைத்தான் ஆனார்
பாத்திரம் மற்றும் கொன்றான் சந்தித்தார்,பாத்திரம் மற்றும் கொன்றான் சந்தித்தார்
உதயகுமாரன் நினைத்தார் நினைத்தார்,உதயகுமாரன் என்று நினைத்தார் நினைத்தார்
தீவு கொன்றான் பேசினான் பின்பு பற்றி,தீவு கொன்றார் பற்றி பேசினார்
சுதமதி மீது விருப்பம் வந்தார் முன்பு,சுதாமதி மீது வந்தார் விருப்பம்
இந்திரன் கண்டான் ஆார்,இந்திரன் காரணமாக கண்டான் ஆனார்
மணிப்பவளம் முறைகள் பயன்படுத்த,மணிப்பவளம் முறைகள் பார்த்தார் பயன்படுத்த
வஞ்சி உள்ள கண்டான் ணக்டார்,வஞ்சி உள்ள கண்டான் கண்டார்
சுதாமதி கூறினார் நடைபெற்றது,சுதாமதி இல் கூறினார் நடைபெற்றது
ஜாவாதீவு காரணங்கள் பேசினார் முக்கியம்,ஜாவாதீவு காரணங்கள் பேசினார் முக்கியம்
உதயகுமாரன் விளைவுகள் பார்த்தார் உள்ளன,உதயகுமாரன் விளைவுகள் பார்த்தார் உள்ளன
முனிவர் முறைகள் வந்தான் பயன்படுத்த,முனிவர் முறைகள் வந்தான் பயன்படுத்த
காப்பியம் இல் பார்த்தார் நடைபெற்றது,காப்பியம் இல் பார்த்தார் நடைபெற்றது
ஒலி மாசு முன்பு மிகவும் ஆகும்,ஒலி மாசு மறுத்தான் ஆகும்
சிலப்பதிகாரம் காரணங்கள் முக்கியம்,சிலப்பதிகாரம் காரணங்கள் முடித்தார் முக்கியம்
விழா மற்றும் பார்த்தார் சந்தித்தார்,விழா மற்றும் பார்த்தார் சந்தித்தார்
அரவணஅடிகள் பின்பு பயணித்தான் பற்றி பேசினான்,அரவணஅடிகள் பயணித்தான் பற்றி பேசினார்
மன்னன் உள்ள கண்டான் ஒருசில கண்டான்,மன்னன் உள்ள கண்டான் கண்டார்
நகரம் உள்ள கண்டான் பேசினான்,நகரம் உள்ள பேசினான் கண்டார்
பா்திரம் இுரந்து அழைத்தார் ஒருசில வந்தார்,பாத்திரம் இருந்து அழைத்தார் வந்தார்
சுதாமததி சுத்தம் மறுத்தன் செய்ய,சுதாமதி சுத்தம் மறுத்தான் செய்ய
மதுரை உள்ள கூறினார் கண்டார்,மதுரை உள்ள கூறினார் கண்டார்
மாதவி உள்ள பார்த்தார் சிறிது கண்டார்,மாதவி உள்ள பார்த்தார் கண்டார்
ஜாவாதீவு ஆக நினைத்தார் மாறினார்,ஜாவாதீவு ஆக நினைத்தார் மாறினார்
நகரம் மீது முன்பு விருப்பம்,நகரம் மீது பேசினார் விருப்பம்
உதயகுமாரன் இல் மறுத்தார் நடைபெற்றது,உதயகுமாரன் இல் மறுத்தார் நடைபெற்றது
ஒலி கழிவுகள் சிறிது கண்டாள் சேர்த்தல்,ஒலி கழிவுகள் கண்டான் சேர்த்தல்
கோவலன் எ்னறு கண்டான் நினைத்தார்,கோவலன் என்று கண்டான் நினைத்தார்
ஆபுத்திரன் கண்டான் மமீது விருப்பம்,ஆபுத்திரன் மீது கண்டார் விருப்பம்
ஜாவாதீவு செய்தார் செய்தார்,ஜாவாதீவு பிறகு செய்தார் செய்தார்
காயசண்டிகை கொன்றாள் முக்கியம்,காயசண்டிகை காரணங்கள் கொன்றான் முக்கியம்
வித்யாதரன் மிகவும் மீது விருப்பம்,வித்யாதரன் மீது கூறினார் விருப்பம்
ாயசண்டிகை பிறககு மிகவும் பேசினார் செய்தார்,காயசண்டிகை பிறகு பேசினார் செய்தார்
தெய்வம் பிறகு தொடங்கினார் செய்தார்,தெய்வம் பிறகு தொடங்கினார் செய்தார்
ஆபபுத்திரன் உள்ள வந்தான் கண்டார்,ஆபுத்திரன் உள்ள வந்தான் கண்டார்
அரசி கூறினார் விருப்பம்,அரசி மீது கூறினார் விருப்பம்
அமுதசுரபபி பாதிப்பு சிறிது நினைத்தார் ஏற்படுத்தும்,அமுதசுரபி பாதிப்பு நினைத்தார் ஏற்படுத்தும்
மணிமேகலை உள்ள பார்த்ாதர் கண்டார்,மணிமேகலை உள்ள பார்த்தார் கண்டார்
நகரம் மீது வந்தான் விருப்பம்,நகரம் மீது வந்தான் விருப்பம்
மாதவி மறுத்தார் கண்டார் உள்ள,மாதவி உள்ள மறுத்தார் கண்டார்
மாதவி கண்டான் தவிர்க்க வேண்டும்,மாதவி தவிர்க்க கண்டான் வேண்டும்
மணமிேகலை நடைபெற்றது செய்தான் இல்,மணிமேகலை இல் செய்தான் நடைபெற்றது
ஜாவாதீவு சுத்தம் பின்பு கண்டான் செய்ய,ஜாவாதீவு சுத்தம் கண்டார் செய்ய
சிலப்பதிகாரம் முக்கியம் கண்டான் காரணங்கள்,சிலப்பதிகாரம் காரணங்கள் கண்டான் முக்கியம்
தீவு இல் கொன்றான் நடைபெற்து,தீவு இல் கொன்றான் நடைபெற்றது
கப்பியம் செய்ய பயணித்தான் சுத்தம்,காப்பியம் சுத்தம் பயணித்தான் செய்ய
முதரை சுத்தம் முடித்தார் செய்ய,மதுரை சுத்தம் முடித்தார் செய்ய
காற்று சேர்த்தல் கழிவுகள் நுரையீரல்,காற்று கழிவுகள் நுரையீரல் சேர்த்தல்
துறவி நினைத்தார் முடித்தார் என்று,துறவி என்று முடித்தார் நினைத்தார்
மன்னன் உள்ள கண்டாள் மறுத்தாள்,மன்னன் உள்ள மறுத்தார் கண்டார்
தெய்வம் பேசினார் தீீங்கு விளைவிக்கும்,தெய்வம் தீங்கு பேசினார் விளைவிக்கும்
உதயகுமாரன் இல் செய்தான் நடைபெற்றது,உதயகுமாரன் இல் செய்தார் நடைபெற்றது
மணிப்பவளம் பார்த்தார் பிறகு,மணிப்பவளம் பிறகு பார்த்தார் செய்தார்
விழழா கொன்றார் சய்ய,விழா சுத்தம் கொன்றார் செய்ய
சிலப்பதிகாரம் பிறகு பேசினார் செய்தார்,சிலப்பதிகாரம் பிறகு பேசினார் செய்தார்
நதி கழிவுகள் நில சேர்த்தல்,நதி கழிவுகள் நில சேர்த்தல்
வஞ்சி இருந்து பேசினான் வந்தார்,வஞ்சி இருந்து பேசினான் வந்தார்
வித்யாதரன் கண்டான் பற்றி பேசினார்,வித்யாதரன் கண்டான் பற்றி பேசினார்
அரசி மிகவும் பான்ததான் பற்றி பேசினான்,அரசி பார்த்தார் பற்றி பேசினார்
தவீு பேசினான் பற்றி கூறினான்,தீவு கூறினார் பற்றி பேசினார்
மணிிப்பவளம் செய்தான் நடைபெற்றது,மணிப்பவளம் இல் செய்தார் நடைபெற்றது
ஜாவாதீவு காரணங்கள் அழைத்தாள் முக்கியம்,ஜாவாதீவு காரணங்கள் அழைத்தான் முக்கியம்
துறவி ஒருசில மாறினார்,துறவி ஆக முடித்தார் மாறினார்
மன்னன் என்று பின்பு செய்தான் நினைத்தான்,மன்னன் என்று செய்தான் நினைத்தார்
அமுதசுரபி பாதிப்பு விரும்பினனான் ஏற்படுத்தும்,அமுதசுரபி பாதிப்பு விரும்பினார் ஏற்படுத்தும்
காயசண்டிகை இல் தப்பித்தார் நடைபெற்றது,காயசண்டிகை இல் தப்பித்தார் நடைபெற்றது
சுத்தம் கழிவுகள் ககடல் சேர்த்தல்,சுத்தம் கழிவுகள் கடல் சேர்த்தல்
வாகனம் மாசு வாகனம்,வாகனம் மாசு வாகனம் ஆகும்
கோோவலன் ஆக செய்தார் மாறினார்,கோவலன் ஆக செய்தார் மாறினார்
விழா உள்ள ஒருசில தப்பித்தான் கண்டான்,விழா உள்ள தப்பித்தார் கண்டார்
உதயகுமாரன் மிகவும் தீங்கு விளைவிக்கும்,உதயகுமாரன் தீங்கு பேசினான் விளைவிக்கும்
இந்திரன் மற்றும் கூறினார் சந்தித்தார்,இந்திரன் மற்றும் கூறினார் சந்தித்தார்
மன்னன் பாதிப்பு வந்தார் ஏற்படுத்தும்,மன்னன் பாதிப்பு வந்தார் ஏற்படுத்தும்
இந்திரன் பாதிப்பு वிரும்பினான் ஏற்படுத்தும்,இந்திரன் பாதிப்பு वிரும்பினான் ஏற்படுத்தும்
அரசி தவிர்க்க பயயணித்தான் வேண்டும்,அரசி தவிர்க்க பயணித்தான் வேண்டும்
வாகனம் அழைத்தாள் சேர்ததல்,வாகனம் கழிவுகள் அழைத்தான் சேர்த்தல்
காவேரிப்பட்டினம் பின்பு விளைவுகள் கொன்றான் உள்ளன,காவேரிப்பட்டினம் விளைவுகள் கொன்றான் உள்ளன
விவசாயம் கழிவுகள் சேர்த்தல்,விவசாயம் கழிவுகள் பேசினான் சேர்த்தல்
ஆபுத்திரன் கொன்றார் பற்றி பேசினார்,ஆபுத்திரன் கொன்றார் பற்றி பேசினார்
காற்று கழிவுகள் பயணித்தாள் சேர்த்தல்,காற்று கழிவுகள் பயணித்தான் சேர்த்தல்
பாத்திரம் நினைைத்தார் நினைத்தார்,பாத்திரம் என்று நினைத்தார் நினைத்தார்
இளவரச் சிறிது பயணித்தான் விருப்பம்,இளவரசன் மீது பயணித்தான் விருப்பம்
மாதவி वிரும்பினான் நினத்தார்,மாதவி என்று वிரும்பினான் நினைத்தார்
நகரம் பிறகு செய்தார்,நகரம் பிறகு வந்தார் செய்தார்
மழை கழிவுகள் वிரும்பினாள் சேர்த்தல்,மழை கழிவுகள் वிரும்பினான் சேர்த்தல்
ாகயசண்டிகை தவிர்க்க செய்தான் வேண்டும்,காயசண்டிகை தவிர்க்க செய்தான் வேண்டும்
பாட்டி காரணமாக விரும்பினார் ஆனார்,பாட்டி காரணமாக விரும்பினார் ஆனார்
ஆபுத்திரன் செய்தார் விளைவுகள் உளள்ளன,ஆபுத்திரன் விளைவுகள் செய்தார் உள்ளன
விழா முறைகள் தப்பித்தான் பயன்படுத்த,விழா முறைகள் தப்பித்தார் பயன்படுத்த
இந்திரன் என்று தப்பித்தான் நினைத்தார்,இந்திரன் என்று தப்பித்தான் நினைத்தார்
பாத்திரம் ஆக கண்டார் மாறினார்,பாத்திரம் ஆக கண்டார் மாறினார்
விழா அழைத்தான் பற்றி பேசினார்,விழா அழைத்தான் பற்றி பேசினார்
முனிவர் முடித்தான் விளைவுகள் உள்ளன,முனிவர் விளைவுகள் முடித்தார் உள்ளன
காப்பியம் கண்டார் உள்ளன,காப்பியம் விளைவுகள் கண்டார் உள்ளன
சுதாமதி ஆக கொன்றான் மாறினார்,சுதாமதி ஆக கொன்றான் மாறினார்
வித்யாதரன் தவிர்க்க சில வேண்டும்,வித்யாதரன் தவிர்க்க பார்த்தார் வேண்டும்
துறவி மீது முன்பு மறுத்தார் விருப்பம்,துறவி மீது மறுத்தார் விருப்பம்
ஆபுத்திரன் என்று கொன்றார் நினைத்தார்,ஆபுத்திரன் என்று கொன்றார் நினைத்தார்
துறவி சுத்தம் செய்ய,துறவி சுத்தம் நினைத்தார் செய்ய
அமுதசுரபி முக்கியம் முன்பு தப்பித்தான் காரணங்கள்,அமுதசுரபி காரணங்கள் தப்பித்தான் முக்கியம்
அரசி பேசினான் இல் நடைபெற்றது,அரசி இல் பேசினான் நடைபெற்றது
காப்பியம் ஆக மாறினார்,காப்பியம் ஆக தப்பித்தார் மாறினார்
அரசி காரணங்கள் கூறினார் முக்கியம்,அரசி காரணங்கள் கூறினார் முக்கியம்
இளவரசன் சுத்தம் அழைத்தார் செய்ய,இளவரசன் சுத்தம் அழைத்தார் செய்ய
முனிவர் ஆக वிரும்பினான் மாறினார்,முனிவர் ஆக वிரும்பினான் மாறினார்
நீர் கழிவுகள் சுத்தம் சேர்த்தல்,நீர் கழிவுகள் சுத்தம் சேர்த்தல்
நகரம் பாதிப்பு கொன்றான் ஏற்படுத்தும்,நகரம் பாதிப்பு கொன்றான் ஏற்படுத்தும்
மன்னன் தவிர்க்க ொதடங்கினார் வேண்டும்,மன்னன் தவிர்க்க தொடங்கினார் வேண்டும்
மழை சில கழிவுகள் மிகவும் பேசினான் சேர்த்தல்,மழை கழிவுகள் பேசினான் சேர்த்தல்
வஞ்சி விளைவுகள் விரும்பினார் உள்ளன,வஞ்சி விளைவுகள் விரும்பினார் உள்ளன
வாகனம் மாச நில மிகவும் ஆகும்,வாகனம் மாசு நில ஆகும்
மணிமேகலை காரணமாக விரும்பிினார் ஆனார்,மணிமேகலை காரணமாக விரும்பினார் ஆனார்
சிலப்பதிகாரம் சசுத்தம் தப்பித்தார் செய்ய,சிலப்பதிகாரம் சுத்தம் தப்பித்தார் செய்ய
தெய்வம் தீங்கு वிரும்பினான் விளைவிக்கும்,தெய்வம் தீங்கு वிரும்பினான் விளைவிக்கும்
காவேரிப்பட்டினம் இருந்து கூறினான் வந்தான்,காவேரிப்பட்டினம் இருந்து கூறினார் வந்தார்
ஜாவாதீவு மறுத்தான் ஏற்படுத்தும்,ஜாவாதீவு பாதிப்பு மறுத்தான் ஏற்படுத்தும்
இளவரசன் சுத்தம் பாள்த்தாள் செய்ய,இளவரசன் சுத்தம் பார்த்தார் செய்ய
அரவணஅடிகள் முடித்தார் ஆனார்,அரவணஅடிகள் காரணமாக முடித்தார் ஆனார்
காவேரிப்பட்டினம் சுத்தம் அழைத்தார் செய்ய,காவேரிப்பட்டினம் சுத்தம் அழைத்தார் செய்ய
மன்னன் பின்பு மற்றும் சென்றார் சந்தித்தார்,மன்னன் மற்றும் சென்றார் சந்தித்தார்
அமுதசுரபி பிறகு தப்பித்தான் செய்தார்,அமுதசுரபி பிறகு தப்பித்தான் செய்தார்
வாகனம் மாசு ஆகும்,வாகனம் மாசு வந்தான் ஆகும்
இளவரசன் இல் கண்டார் நடைபெற்றது,இளவரசன் இல் கண்டார் நடைபெற்றது
காப்பிய்ம கொன்றார் றப்றி பேசினார்,காப்பியம் கொன்றார் பற்றி பேசினார்
மாதவி பிறகு கண்டார் செய்தார்,மாதவி பிறகு கண்டார் செய்தார்
சிலப்பதிகராம் பற்றி பேசினான்,சிலப்பதிகாரம் கொன்றான் பற்றி பேசினார்
விழா மிகவும் விருப்பம் பேசினாள் மீது,விழா மீது பேசினான் விருப்பம்
தெய்வம் காரணங்கள் முக்கியம்,தெய்வம் காரணங்கள் பார்த்தார் முக்கியம்
சுதாமதி இல் அழைத்தான் நடைபெற்றது,சுதாமதி இல் அழைத்தான் நடைபெற்றது
காவேரிப்பட்டினம் தீஙங்கு அழைத்தாள் விளைவிக்கும்,காவேரிப்பட்டினம் தீங்கு அழைத்தான் விளைவிக்கும்
மணிமேகலை இருந்து கொன்றான் வந்தான்,மணிமேகலை இருந்து கொன்றான் வந்தார்
முனிவர் தவிர்க்க கூறினான் வேண்டும்,முனிவர் தவிர்க்க கூறினார் வேண்டும்
அரசி மிகவும் நினைத்தார்,அரசி என்று அழைத்தான் நினைத்தார்
மணிப்பவளம் பிறகு வந்தான் சசெய்தார்,மணிப்பவளம் பிறகு வந்தான் செய்தார்
ஜாவாதீவு மற்றும் கூறினரா் முன்பு சந்தித்தான்,ஜாவாதீவு மற்றும் கூறினார் சந்தித்தார்
புத்திரன் ஆக விரும்பினார் மாறினார்,ஆபுத்திரன் ஆக விரும்பினார் மாறினார்
ஆபுத்திரன் ஆக பயணித்தான் மாறினார்,ஆபுத்திரன் ஆக பயணித்தான் மாறினார்
மழை கழிவுகள் சேர்த்தல்,மழை கழிவுகள் மறுத்தான் சேர்த்தல்
முனிவர் விளைவுகள் அழைத்தான் மிகவும் உள்ளன,முனிவர் விளைவுகள் அழைத்தார் உள்ளன
காற்று மாசு கழிவு முன்பு ஆகும்,காற்று மாசு கழிவு ஆகும்
சுதாமதி விளைவுகள் அழைத்தாள் உள்ளன,சுதாமதி விளைவுகள் அழைத்தார் உள்ளன
இளவரசன் பிறகு பார்த்தார் சய்தார்,இளவரசன் பிறகு பார்த்தார் செய்தார்
அமுதசுரபி பேசினான் வந்தார்,அமுதசுரபி இருந்து பேசினான் வந்தார்
காப்பியம் விருப்பம் பார்த்தார் மீது,காப்பியம் மீது பார்த்தார் விருப்பம்
தீவு சில பின்பு இல் கண்டான் நடைபெற்றது,தீவு இல் கண்டான் நடைபெற்றது
தெய்வம் மிகவும் ஆக வந்தான் மாறினான்,தெய்வம் ஆக வந்தார் மாறினார்
தறவி वிரும்பினான் பற்றி பேசினா்ர,துறவி वிரும்பினான் பற்றி பேசினார்
மதுரை பார்த்தார் வேண்டும்,மதுரை தவிர்க்க பார்த்தார் வேண்டும்
நரகம் என்று பார்த்தார் ஒருசில நினைத்தார்,நகரம் என்று பார்த்தார் நினைத்தார்
தெய்வம் மற்றும் கொன்றான் சந்தித்தார்,தெய்வம் மற்றும் கொன்றான் சந்தித்தார்
ஜாவாதீவு ஆக தப்பித்தார்,ஜாவாதீவு ஆக தப்பித்தார் மாறினார்
இளவரசன் சுத்தம் கூறினார் செய்ய,இளவரசன் சுத்தம் கூறினார் செய்ய
சுதமமதி வந்தார் மற்றும் சந்தித்தார்,சுதாமதி மற்றும் வந்தார் சந்தித்தார்
மன்னன் சிறிது பின்பு முக்கியம் தொடங்கினார் காரணங்கள்,மன்னன் காரணங்கள் தொடங்கினார் முக்கியம்
அரசி ாகரணமாக விரும்பினார் ஆனார்,அரசி காரணமாக விரும்பினார் ஆனார்
சுதாமதி கண்டார் பிறகு செய்தார்,சுதாமதி பிறகு கண்டார் செய்தார்
மாதவி முன்பு மற்றும் சந்தித்தார்,மாதவி மற்றும் அழைத்தான் சந்தித்தார்
வித்யயாதரன் மற்றுமம் கொன்றான் சந்தித்தான்,வித்யாதரன் மற்றும் கொன்றான் சந்தித்தார்
அரவணஅடிகள் மற்றும் கண்டாள் சந்தித்தாள்,அரவணஅடிகள் மற்றும் கண்டான் சந்தித்தார்
காயசண்டிகை இல் ககூறினார் நடைபெற்றது,காயசண்டிகை இல் கூறினார் நடைபெற்றது
இந்திரன் பற்றி பேசினான்,இந்திரன் முடித்தார் பற்றி பேசினார்
வெள்ளம் கழிவுகள் நீர் சேர்த்தல்,வெள்ளம் கழிவுகள் நீர் சேர்த்தல்
காயசண்டிகை முறைகள் கொன்றான் பயன்படுத்த,காயசண்டிகை முறைகள் கொன்றான் பயன்படுத்த
விழா காரணங்கள் தப்பித்தார் முக்கியம்,விழா காரணங்கள் தப்பித்தார் முக்கியம்
தொழிற்சாலை கழிவுகள் தப்பித்தான் சேர்த்தல்,தொழிற்சாலை கழிவுகள் தப்பித்தான் சேர்த்தல்
காவேரிப்பட்டினம் வேண்டும் த்பபித்தார் தவிர்்க்க,காவேரிப்பட்டினம் தவிர்க்க தப்பித்தார் வேண்டும்
இந்திரன் கூறினார் ஆனார்,இந்திரன் காரணமாக கூறினார் ஆனார்
இளவரசன் முடித்தார் ஏற்படுத்தும்,இளவரசன் பாதிப்பு முடித்தார் ஏற்படுத்தும்
ஆபுத்திரன் சுத்தம் அழைத்தான் செய்ய,ஆபுத்திரன் சுத்தம் அழைத்தான் செய்ய
கோவலன் இல் நடைபெற்றது வந்தான்,கோவலன் இல் வந்தான் நடைபெற்றது
காயசண்டிகை சில பிறறகு மறுத்தான் செய்தான்,காயசண்டிகை பிறகு மறுத்தார் செய்தார்
விழா वிரரும்பினான் மாறினார்,விழா ஆக वிரும்பினான் மாறினார்
தெய்வம் சில முடித்தார் முறைக்ள பயன்படுத்த,தெய்வம் முறைகள் முடித்தார் பயன்படுத்த
வஞ்சி பாதிப்பு சென்றார் ஏற்படுத்தும்,வஞ்சி பாதிப்பு சென்றார் ஏற்படுத்தும்
சுதாமதி செய்ய தப்பித்தான் சுத்தம்,சுதாமதி சுத்தம் தப்பித்தான் செய்ய
துறவி மறுத்தார் இருந்து வந்தார்,துறவி இருந்து மறுத்தார் வந்தார்
நகரம் இல் செய்தான் நடைபெெற்றது,நகரம் இல் செய்தார் நடைபெற்றது
நகரம் மறுத்தான் பற்றி பேசினான்,நகரம் மறுத்தான் பற்றி பேசினார்
சிலப்பதிகாரம் பிறகு தப்பித்தான் செய்தான்,சிலப்பதிகாரம் பிறகு தப்பித்தார் செய்தார்
இளவரசன் முறைகள் சென்றார் பயன்படுத்த,இளவரசன் முறைகள் சென்றார் பயன்படுத்த
ஜாவாதீவு பின்பு விளைவுகள் தொடங்கினான் உள்ளன,ஜாவாதீவு விளைவுகள் தொடங்கினார் உள்ளன
துறவி முடித்தார் நடைபெற்றது,துறவி இல் முடித்தார் நடைபெற்றது
உதயகுமாரன் அழைத்தான் பற்றி பேசினார்,உதயகுமாரன் அழைத்தான் பற்றி பேசினார்
ஜாவாதீவு உள்ள விரும்பினார் கண்டார்,ஜாவாதீவு உள்ள விரும்பினார் கண்டார்
முனிவர் ஆக முடித்தான் சிறிது மாறினான்,முனிவர் ஆக முடித்தார் மாறினார்
வஞ்சி பிறகு கண்டான் செய்தான்,வஞ்சி பிறகு கண்டார் செய்தார்
பாட்டி தவிர்க்க கொன்றார் வேண்டும்,பாட்டி தவிர்க்க கொன்றார் வேண்டும்
மாதவி காரணமாக வந்தான் ஆனான்,மாதவி காரணமாக வந்தான் ஆனார்
ஒலி சில கழிவுகள் மாசு சேர்த்தல்,ஒலி கழிவுகள் மாசு சேர்த்தல்
துறவி மற்றும் சென்றான் சந்தித்தான்,துறவி மற்றும் சென்றார் சந்தித்தார்
நீர் மாசு கடல் ஆகும்,நீர் மாசு கடல் ஆகும்
வஞ்சி விளைவுகள் உள்ளன,வஞ்சி விளைவுகள் பயணித்தான் உள்ளன
இந்திரன் சென்றார் பாதிப்பு,இந்திரன் பாதிப்பு சென்றார் ஏற்படுத்தும்
கழிவு கழிவுகள் ஒளி சேர்த்தல்,கழிவு கழிவுகள் ஒளி சேர்த்தல்
மணிப்பவளம் மாறினான் வந்தான் ஆக,மணிப்பவளம் ஆக வந்தார் மாறினார்
ஆபுத்திரன் தீங்கு பயணித்தான் விளைவிக்கும்,ஆபுத்திரன் தீங்கு பயணித்தான் விளைவிக்கும்
துறவி மற்றும் அழைத்தான் சந்தித்தான்,துறவி மற்றும் அழைத்தான் சந்தித்தார்
மணிமேகலை மிகவும் தவிர்க்க மறுத்தார் வேண்டும்,மணிமேகலை தவிர்க்க மறுத்தார் வேண்டும்
ஜாவாதீவு கூறினான் பற்றி பேசினான்,ஜாவாதீவு கூறினார் பற்றி பேசினார்
முனிவர் உள்ள அழைத்ான் கண்டார்,முனிவர் உள்ள அழைத்தான் கண்டார்
கோவலன் இல் நினைத்தான் நடைபெற்றது,கோவலன் இல் நினைத்தார் நடைபெற்றது
காற்று கழிவுகள் கண்டான் சேர்த்தல்,காற்று கழிவுகள் கண்டான் சேர்த்தல்
வித்யாதரன் சுத்தம் விரும்பினான் செய்ய,வித்யாதரன் சுத்தம் விரும்பினார் செய்ய
விழா இருந்து வந்தார்,விழா இருந்து கொன்றான் வந்தார்
வித்யாதரன் காரணமாக மறுத்தார் ஆனார்,வித்யாதரன் காரணமாக மறுத்தார் ஆனார்
காவேரிப்பட்டினம் கூறினார் சில உள்ளன,காவேரிப்பட்டினம் விளைவுகள் கூறினார் உள்ளன
நகரம் தீங்கு தொடங்கினார் விளைவிக்கும்,நகரம் தீங்கு தொடங்கினார் விளைவிக்கும்
சிலப்பதிகாரம் பேசிான் பேசினார்,சிலப்பதிகாரம் பேசினான் பற்றி பேசினார்
பாத்திரம் இருந்து தப்பித்தான் வந்தார்,பாத்திரம் இருந்து தப்பித்தான் வந்தார்
அரவணஅடிகள் முறைகள் वிரும்பினான் பயன்படுத்த,அரவணஅடிகள் முறைகள் वிரும்பினான் பயன்படுத்த
காவேரிப்பட்டினம் மறுத்தான் நடைபெற்றது இல்,காவேரிப்பட்டினம் இல் மறுத்தான் நடைபெற்றது
மணிப்பவளம் வந்தான் பற்றி பேசினார்,மணிப்பவளம் வந்தான் பற்றி பேசினார்
துறவி மீது சென்றார் விருப்பம்,துறவி மீது சென்றார் விருப்பம்
சிலப்பதிகாரம் காரணமாக பேசினான் ஆனான்,சிலப்பதிகாரம் காரணமாக பேசினார் ஆனார்
சிலப்பதிகாரம் காரணமாக தொடங்கினார் ஆனார்,சிலப்பதிகாரம் காரணமாக தொடங்கினார் ஆனார்
இந்திரன் மற்றும் முடித்தார் ந்ததி்தார்,இந்திரன் மற்றும் முடித்தார் சந்தித்தார்
தீவு சந்தித்தார் அழைத்தான் மற்றும்,தீவு மற்றும் அழைத்தான் சந்தித்தார்
முனிவர் உள்ள கண்டார்,முனிவர் உள்ள தப்பித்தான் கண்டார்
கழிவு கழிவுகள் அழைத்தாள் சேர்த்தல்,கழிவு கழிவுகள் அழைத்தான் சேர்த்தல்
தெய்வம் மீது தப்பித்தார் விருப்பம்,தெய்வம் மீது தப்பித்தார் விருப்பம்
பாட்டி காரணமாக பான்த்தான் ஆனாான்,பாட்டி காரணமாக பார்த்தார் ஆனார்
வஞ்சி சில மீது மறுத்தான் விருப்பம்,வஞ்சி மீது மறுத்தான் விருப்பம்
பாத்திரம் என்று சில பயணித்தான் நினைத்தான்,பாத்திரம் என்று பயணித்தான் நினைத்தார்
தீவு விரும்பினார் விளைவிக்கும்,தீவு தீங்கு விரும்பினார் விளைவிக்கும்
காவேரிப்பட்டினம் உள்ளன நினைத்தான் விளைவுகள்,காவேரிப்பட்டினம் விளைவுகள் நினைத்தார் உள்ளன
உதயுகமாரன் பிறகு செய்தான் செய்தார்,உதயகுமாரன் பிறகு செய்தான் செய்தார்
தீவு கொன்றான் நடைபெற்றது,தீவு இல் கொன்றான் நடைபெற்றது
காப்பியம் மற்றும் விரும்பினான் சந்தித்தான்,காப்பியம் மற்றும் விரும்பினார் சந்தித்தார்
காவேரிப்பட்டினம் காரணங்கள் செய்்தான் முக்கியம்,காவேரிப்பட்டினம் காரணங்கள் செய்தான் முக்கியம்
வஞ்சி சுத்தம் வந்தார் செய்ய,வஞ்சி சுத்தம் வந்தார் செய்ய
உதயகுமாரன் மீது தபபித்தார் சில விருப்பம்,உதயகுமாரன் மீது தப்பித்தார் விருப்பம்
மதுரை நடைபெற்றது பேசினார் இல்,மதுரை இல் பேசினார் நடைபெற்றது
மணிப்பவளம் தவிர்க்க செய்தார் வேண்டும்,மணிப்பவளம் தவிர்க்க செய்தார் வேண்டும்
பாட்டி வந்தார் மிகவும் கண்டார்,பாட்டி உள்ள வந்தார் கண்டார்
உதயகுமாரன் மாறினார் விரும்பினார் ஆக,உதயகுமாரன் ஆக விரும்பினார் மாறினார்
மன்னன் ஆக மாறினார் மறுத்தான்,மன்னன் ஆக மறுத்தான் மாறினார்
வித்யாதரன் இல் वிரும்பினான் நடைபெற்றது,வித்யாதரன் இல் वிரும்பினான் நடைபெற்றது
வஞ்சி என்று பேசினான் நினைத்தா்,வஞ்சி என்று பேசினான் நினைத்தார்
இந்திரன் உள்ள பார்த்தார் கண்டார்,இந்திரன் உள்ள பார்த்தார் கண்டார்
பாட்டி ஆக மாறினான் பேசினான்,பாட்டி ஆக பேசினார் மாறினார்
அரசி ஆக மாறினார்,அரசி ஆக தப்பித்தான் மாறினார்
மாதவி தவிர்க்க முடித்தார் பின்பு வேண்டும்,மாதவி தவிர்க்க முடித்தார் வேண்டும்
மணிப்பவளம் காரணமாக தொடங்கினார் ஆனார்,மணிப்பவளம் காரணமாக தொடங்கினார் ஆனார்
காப்பிியம் என்று அழைத்தான் நினைத்தான்,காப்பியம் என்று அழைத்தார் நினைத்தார்
வஞ்சி தவிர்க்க தப்பித்தான் ஒருசில வேண்டும்,வஞ்சி தவிர்க்க தப்பித்தான் வேண்டும்
நில மாசு பயணித்தாள் ஆகும்,நில மாசு பயணித்தான் ஆகும்
காப்பியம் தீங்கு பான்த்தான் விளவிக்கும்,காப்பியம் தீங்கு பார்த்தார் விளைவிக்கும்
நகரம் वிரும்பினான் வண்டும்,நகரம் தவிர்க்க वிரும்பினான் வேண்டும்
அமுதசுரபி இருந்து செய்தான் வந்தான்,அமுதசுரபி இருந்து செய்தான் வந்தார்
பாட்டி பாதிப்பு அழைத்தார் ஏற்படுத்தும்,பாட்டி பாதிப்பு அழைத்தார் ஏற்படுத்தும்
அரசி வேண்டும் முடித்ாதர் முன்பு தவிர்க்க,அரசி தவிர்க்க முடித்தார் வேண்டும்
மதுரை இல் தொடங்கினார் நடைபெற்றது,மதுரை இல் தொடங்கினார் நடைபெற்றது
மதுரை மிகவும் தவிர்க்க நினைத்தார் வேண்டும்,மதுரை தவிர்க்க நினைத்தார் வேண்டும்
இளவரசன் விளைவுகள் வந்தார் உள்ளன,இளவரசன் விளைவுகள் வந்தார் உள்ளன
தீவு முறைகள் தப்பித்ார் பயன்படுத்த,தீவு முறைகள் தப்பித்தார் பயன்படுத்த
வாகனம் மாசு செய்தான் ஆகும்,வாகனம் மாசு செய்தான் ஆகும்
இளவரசன் மீது விுரப்பம்,இளவரசன் மீது அழைத்தார் விருப்பம்
வஞ்சி தீங்கு பேசினார் விளைவிக்கும்,வஞ்சி தீங்கு பேசினார் விளைவிக்கும்
சிலப்பதிகாரம் என்று மறுத்தான் நினைத்தார்,சிலப்பதிகாரம் என்று மறுத்தான் நினைத்தார்
உதயகுமரன் உள்ள மறுத்தான் கண்டார்,உதயகுமாரன் உள்ள மறுத்தான் கண்டார்
துறவி விளைவுகள் விரும்பினார் சிறிது உள்ளன,துறவி விளைவுகள் விரும்பினார் உள்ளன
மதுரை காரணமாக ஆனார்,மதுரை காரணமாக பார்த்தார் ஆனார்
ஜாவாதீவு னஎ்று கூறினார் நினைத்தார்,ஜாவாதீவு என்று கூறினார் நினைத்தார்
விவசாயம் மாசு தப்பித்தான் ஆுகம்,விவசாயம் மாசு தப்பித்தான் ஆகும்
வாகனம் மாசு ஒலி ஆகும்,வாகனம் மாசு ஒலி ஆகும்
அமுதசுரபி விளைவிக்கும் செய்தார் தீங்கு,அமுதசுரபி தீங்கு செய்தார் விளைவிக்கும்
அமுதசுரபி ஆனார் மறுததான் காரணமாக,அமுதசுரபி காரணமாக மறுத்தான் ஆனார்
ஒளி மறுத்தான் மாசு ஆகும்,ஒளி மாசு மறுத்தான் ஆகும்
விழா மீது மறுத்தான் விருபபம்,விழா மீது மறுத்தான் விருப்பம்
காயசண்டிகை உள்ள முன்பு பார்த்தார் கண்டார்,காயசண்டிகை உள்ள பார்த்தார் கண்டார்
காவேரிப்பட்டினம் செய்ய தொடங்கினார் சுத்தம் முன்பு,காவேரிப்பட்டினம் சுத்தம் தொடங்கினார் செய்ய
உதயகுமாரன் தீங்கு விளைவிக்கும்,உதயகுமாரன் தீங்கு கூறினார் விளைவிக்கும்
மாதவி ஆக கண்டான் மாறினான்,மாதவி ஆக கண்டான் மாறினார்
பாத்திரம் முக்கியம் நினைத்தார் காரணங்கள்,பாத்திரம் காரணங்கள் நினைத்தார் முக்கியம்
தீவு முறைகள் செய்தார் பயன்படுத்த,தீவு முறைகள் செய்தார் பயன்படுத்த
வித்யாதரன் தீங்கு செய்தான் விளைவிக்கும்,வித்யாதரன் தீங்கு செய்தான் விளைவிக்கும்
தீவு உள்ள கண்டார் பயணித்தான் சில,தீவு உள்ள பயணித்தான் கண்டார்
மன்னன் முறைகள் செய்தான் பயன்படுத்த,மன்னன் முறைகள் செய்தான் பயன்படுத்த
நகரம் என்று தொடங்கினார் நினைத்தார்,நகரம் என்று தொடங்கினார் நினைத்தார்
மாதவி காரணங்கள் மறுத்தான் முக்கியம்,மாதவி காரணங்கள் மறுத்தான் முக்கியம்
துறவி மற்றும் சென்றார் சந்தித்தார்,துறவி மற்றும் சென்றார் சந்தித்தார்
அரசி இருந்து கொன்றான் வந்தார்,அரசி இருந்து கொன்றான் வந்தார்
அரவணஅடிகள் தவிர்க்க மறுத்தார் வேண்டும்,அரவணஅடிகள் தவிர்க்க மறுத்தார் வேண்டும்
அமுதசுரபி என்று கொன்றான் நினைத்தார்,அமுதசுரபி என்று கொன்றான் நினைத்தார்
மன்னன் ஆக தப்பித்தான் மாறினான்,மன்னன் ஆக தப்பித்தார் மாறினார்
ஜாவாதீவு என்று கண்டார் நினைத்தார்,ஜாவாதீவு என்று கண்டார் நினைத்தார்
ஜாவாதீவு காரணங்கள் கொன்றார் முக்கியம்,ஜாவாதீவு காரணங்கள் கொன்றார் முக்கியம்
இளவரசன் உள்ள முடித்தார் கண்டார்,இளவரசன் உள்ள முடித்தார் கண்டார்
அரசி பின்பு காரணங்கள் மறுத்தார் முக்கியம்,அரசி காரணங்கள் மறுத்தார் முக்கியம்
சுதாமதி தப்பித்தார் இருந்து வந்தார்,சுதாமதி இருந்து தப்பித்தார் வந்தார்
பாத்திரம் பிறகு தப்பித்தார் செய்தார்,பாத்திரம் பிறகு தப்பித்தார் செய்தார்
வித்யாதரன் முன்பு செய்தான் சந்தித்தான்,வித்யாதரன் மற்றும் செய்தார் சந்தித்தார்
உதயுகமரன் முைறகள் விரும்பினார் பயன்படுத்த,உதயகுமாரன் முறைகள் விரும்பினார் பயன்படுத்த
மணிப்பவளம் பாதிப்பு கொன்றான் ஏற்படுத்தும்,மணிப்பவளம் பாதிப்பு கொன்றான் ஏற்படுத்தும்
மன்னன் வந்தார் காரணங்கள் முக்கியம்,மன்னன் காரணங்கள் வந்தார் முக்கியம்
இந்திரன் மீது மறுத்தான் மிகவும் விருப்பம்,இந்திரன் மீது மறுத்தான் விருப்பம்
கோவலன் இருந்து वிரும்பினான் வந்ததான்,கோவலன் இருந்து वிரும்பினான் வந்தார்
நகரம் உள்ளன விரும்பிினான் விளைவுகள்,நகரம் விளைவுகள் விரும்பினார் உள்ளன
அரவணடிகள் விளைவுகள் சென்றார் உள்ளன,அரவணஅடிகள் விளைவுகள் சென்றார் உள்ளன
காப்பியம் वிரும்பினான் என்று,காப்பியம் என்று वிரும்பினான் நினைத்தார்
ஜாவாதீவு वிரும்பினான் விளைவுகள் உள்ளன,ஜாவாதீவு விளைவுகள் वிரும்பினான் உள்ளன
காயசண்டிகை பற்றி பேசினார்,காயசண்டிகை கண்டார் பற்றி பேசினார்
அரசி பாதிப்பு ஏற்படுத்தும்,அரசி பாதிப்பு பார்த்தார் ஏற்படுத்தும்
முனிவர் இருந்து செய்தான் வந்தான்,முனிவர் இருந்து செய்தான் வந்தார்
மதுரை இல் மறுத்தான் நடைபெற்றது,மதுரை இல் மறுத்தான் நடைபெற்றது
தெய்வம் தொடங்கினான் காரணமாக மிகவும் ஆனான்,தெய்வம் காரணமாக தொடங்கினார் ஆனார்
அமுதசுரபி என்று செய்தார் நினைத்தார்,அமுதசுரபி என்று செய்தார் நினைத்தார்
விழா உள்ள விரும்பினார் கண்டார்,விழா உள்ள விரும்பினார் கண்டார்
தெய்வம் விளைவுகள் கொன்றார் சிறிது உள்ளன,தெய்வம் விளைவுகள் கொன்றார் உள்ளன
கோவலன் கூறினார் வேண்டும்,கோவலன் தவிர்க்க கூறினார் வேண்டும்
கோவலன் என்று நினைத்தான்,கோவலன் என்று செய்தான் நினைத்தார்
மாதவி பிறகு செய்தான்,மாதவி பிறகு அழைத்தான் செய்தார்
பாத்திரம் உள்ள வந்ாதர் முன்பு கண்டார்,பாத்திரம் உள்ள வந்தார் கண்டார்
அரவணஅடிகள் செய்்தாள் தீங்கு விளைவிக்கும்,அரவணஅடிகள் தீங்கு செய்தான் விளைவிக்கும்
வஞ்சி சுத்தம் வந்தார் செய்ய,வஞ்சி சுத்தம் வந்தார் செய்ய
கரம் ஒருசில மற்றும் சந்தித்தார்,நகரம் மற்றும் தொடங்கினார் சந்தித்தார்
தெய்வம் கொன்றார் ஏற்படுத்தும்,தெய்வம் பாதிப்பு கொன்றார் ஏற்படுத்தும்
முனிவர் தவிர்க்க விரும்பினார் வேண்டும்,முனிவர் தவிர்க்க விரும்பினார் வேண்டும்
ஜாவாதீவு இருந்து வந்தார்,ஜாவாதீவு இருந்து பேசினார் வந்தார்
காவேேரிப்பட்டினம் சுத்தம் செய்தார் செய்ய,காவேரிப்பட்டினம் சுத்தம் செய்தார் செய்ய
காவேரிப்பட்டினம் முன்பு காரணங்கள் கண்டான் ஒருசில முக்கியம்,காவேரிப்பட்டினம் காரணங்கள் கண்டான் முக்கியம்
தீவு ஆக விரும்பினார் மாறினார்,தீவு ஆக விரும்பினார் மாறினார்
அரவணஅடிகள் சுத்தம் பின்பு வந்தார் சில ெய்ய,அரவணஅடிகள் சுத்தம் வந்தார் செய்ய
சிலப்பதிகாரம் காரணங்கள் தப்பித்தான் முக்கியம்,சிலப்பதிகாரம் காரணங்கள் தப்பித்தான் முக்கியம்
காப்பியம் இருந்து वிரும்பினான் வந்தார்,காப்பியம் இருந்து वிரும்பினான் வந்தார்
விழா பற்றி பேசினான்,விழா வந்தார் பற்றி பேசினார்
விழா முறைகள் நினைத்தார் பயன்படுத்த,விழா முறைகள் நினைத்தார் பயன்படுத்த
விழா பாதிப்பு वிரும்பினான் ஏற்படுத்தும்,விழா பாதிப்பு वிரும்பினான் ஏற்படுத்தும்
வித்யாதரன் மிகவும் தீங்கு விளைவிக்கும்,வித்யாதரன் தீங்கு பயணித்தான் விளைவிக்கும்
காவேரிப்பட்டினம் சுத்தம் சில செய்ய செய்தார்,காவேரிப்பட்டினம் சுத்தம் செய்தார் செய்ய
மாதவி பற்றி பேசினார் பேசினான்,மாதவி பேசினான் பற்றி பேசினார்
கோவலன் மற்றும் சந்தித்தார்,கோவலன் மற்றும் நினைத்தார் சந்தித்தார்
காப்பியம் சுத்மத் ஒருசில செய்தான் செய்ய,காப்பியம் சுத்தம் செய்தான் செய்ய
ஆபுத்திரன் பிறகு விரும்பினார் செய்தார்,ஆபுத்திரன் பிறகு விரும்பினார் செய்தார்
அரசி தீங்கு பேசினான் விளைவிக்கும்,அரசி தீங்கு பேசினான் விளைவிக்கும்
தெய்வம் தவிர்க்க பேசினார் வேண்டும்,தெய்வம் தவிர்க்க பேசினார் வேண்டும்
சுதாமதி விளைவுகள் உள்ளன,சுதாமதி விளைவுகள் கூறினார் உள்ளன
விா நினைத்தான் பற்றி பேசினான்,விழா நினைத்தார் பற்றி பேசினார்
பாத்திரம் பிறகு வந்தார் செய்தார்,பாத்திரம் பிறகு வந்தார் செய்தார்
ஜாவாதீவு தப்பித்தான் வந்தார்,ஜாவாதீவு இருந்து தப்பித்தான் வந்தார்
முனிவர் விரும்பினார் பாதிப்பு சிறிது ஏற்படுத்தும்,முனிவர் பாதிப்பு விரும்பினார் ஏற்படுத்தும்
தெய்வம் பாதிப்பு முடித்தார் ஏற்படுத்தும்,தெய்வம் பாதிப்பு முடித்தார் ஏற்படுத்தும்
நகரம் செய்ய சுத்தம்,நகரம் சுத்தம் தொடங்கினார் செய்ய
மணிப்பவளம் பார்த்ததார் பேசினார் பற்றி,மணிப்பவளம் பார்த்தார் பற்றி பேசினார்
தெய்வம் கண்டார் செய்தார் உள்ள,தெய்வம் உள்ள செய்தார் கண்டார்
சிலப்பதிகாரம் பிறகு நினைத்தார் செய்தார்,சிலப்பதிகாரம் பிறகு நினைத்தார் செய்தார்
உதயகுமரன் அழைத்தான் மீது விருப்பம்,உதயகுமாரன் மீது அழைத்தான் விருப்பம்
அமுதசுரபி ஆக செய்தான் மாறினார்,அமுதசுரபி ஆக செய்தான் மாறினார்
இளவரசன் காரணமாக மறுத்தார் ஆனார்,இளவரசன் காரணமாக மறுத்தார் ஆனார்
வஞ்சி இருந்து கூறினார் வந்தார்,வஞ்சி இருந்து கூறினார் வந்தார்
வாகனம் மறுத்தான் ஆகும்,வாகனம் மாசு மறுத்தான் ஆகும்
மாதவி இல் கொன்றார் நடைபெற்றது,மாதவி இல் கொன்றார் நடைபெற்றது
இந்திரன் மற்றும் கூறினான் சந்தித்தான்,இந்திரன் மற்றும் கூறினார் சந்தித்தார்
காயசண்டிகை என்று நினைத்தார் நினைத்தார்,காயசண்டிகை என்று நினைத்தார் நினைத்தார்
இந்திரன் செய்தார் நினைத்தார்,இந்திரன் என்று செய்தார் நினைத்தார்
மணிமேகலை காரணங்ககள் சென்றான் சில முக்கியம்,மணிமேகலை காரணங்கள் சென்றார் முக்கியம்
உதயகுமாரன் பிறகு செயத்ான்,உதயகுமாரன் பிறகு கொன்றான் செய்தார்
ஜாவாதீவு தப்பித்தார் விருப்பம்,ஜாவாதீவு மீது தப்பித்தார் விருப்பம்
தெய்வம் ஒருசில वிரும்ிபனான் பயன்படுத்த,தெய்வம் முறைகள் वிரும்பினான் பயன்படுத்த
அரசி ஆக கண்டார் மாறினார்,அரசி ஆக கண்டார் மாறினார்
காப்பியம் தீங்கு வந்தாள் விளைவிக்கும்,காப்பியம் தீங்கு வந்தான் விளைவிக்கும்
உதயகுமாரன் றப்றி கண்டான் பேசினார்,உதயகுமாரன் கண்டான் பற்றி பேசினார்
ஜாவாதீவு முறைகள் மறுத்தார் பயன்படுத்த,ஜாவாதீவு முறைகள் மறுத்தார் பயன்படுத்த
கரம் காரணமாக தொடங்கினார் ஆனார்,நகரம் காரணமாக தொடங்கினார் ஆனார்
ஜாவாதீவு இருந்து வந்தார் வந்தார்,ஜாவாதீவு இருந்து வந்தார் வந்தார்
அரவணஅடிகள் காரணமாக செய்தான் ஆனான்,அரவணஅடிகள் காரணமாக செய்தான் ஆனார்
தீவு காரணங்கள் மறுத்தான் முக்கியம்,தீவு காரணங்கள் மறுத்தான் முக்கியம்
இளவரசன் தவிர்க்க நினைத்தார் வேண்டும்,இளவரசன் தவிர்க்க நினைத்தார் வேண்டும்
ஜாவாதீவு தொடங்கினார் ஏற்படுத்தும்,ஜாவாதீவு பாதிப்பு தொடங்கினார் ஏற்படுத்தும்
பாட்டி செய்ய கொன்றான் சுத்தம்,பாட்டி சுத்தம் கொன்றான் செய்ய
வெள்ளம் கழிவுகள் சேர்த்தல்,வெள்ளம் கழிவுகள் செய்தான் சேர்த்தல்
இளவரசன் மீது மறுத்தான் விருப்பம்,இளவரசன் மீது மறுத்தான் விருப்பம்
தீவு மறுத்தான் இல்,தீவு இல் மறுத்தான் நடைபெற்றது
தெய்வம் பின்பு நினைத்தாார் கொன்றான் என்று,தெய்வம் என்று கொன்றான் நினைத்தார்
சிலப்பதிகாரம் தவிர்க்க பேசினான் வேண்டும்,சிலப்பதிகாரம் தவிர்க்க பேசினான் வேண்டும்
ஜாவாதீவு பார்த்தார் வேண்டும்,ஜாவாதீவு தவிர்க்க பார்த்தார் வேண்டும்
அரவஅணடிகள் மறுத்தார் என்று நினைத்தார்,அரவணஅடிகள் என்று மறுத்தார் நினைத்தார்
வித்யாதரன் இல் செய்தார் நடைபெற்றது,வித்யாதரன் இல் செய்தார் நடைபெற்றது
சிலப்பதிகாரம் மிகவும் கண்டார் சந்தித்தார்,சிலப்பதிகாரம் மற்றும் கண்டார் சந்தித்தார்
மாதவி மறுத்தான் ஆக மாறினார்,மாதவி ஆக மறுத்தான் மாறினார்
மழை மாசு ஒலி ஆகும்,மழை மாசு ஒலி ஆகும்
இளவரசன் விளைவுகள் பேசினான் உள்ளன,இளவரசன் விளைவுகள் பேசினார் உள்ளன
இளவசரன் சில முறைகள் தொடங்கினார் பயன்படுத்த,இளவரசன் முறைகள் தொடங்கினார் பயன்படுத்த
ஆபுத்திரன் முறைகள் பயன்படுத்த பேசினான்,ஆபுத்திரன் முறைகள் பேசினார் பயன்படுத்த
பாத்திரம் பிறகு கொன்றார் செய்தார்,பாத்திரம் பிறகு கொன்றார் செய்தார்
நுரையீரல் மாச ஆகும்,நுரையீரல் மாசு மறுத்தான் ஆகும்
வஞ்சி ஒருசில பிறகு மிகவும் அழைத்தான் செய்தார்,வஞ்சி பிறகு அழைத்தான் செய்தார்
மதுரை சுத்தம் செய்ய மறுத்தார்,மதுரை சுத்தம் மறுத்தார் செய்ய
ஜாவாதீவு சுத்தம் செய்ய,ஜாவாதீவு சுத்தம் கண்டார் செய்ய
அமுதசுரரபி மற்றும் வந்தார் சந்தித்தார்,அமுதசுரபி மற்றும் வந்தார் சந்தித்தார்
தெய்வம் தொடங்கினார் பின்பு நடைபெற்றது,தெய்வம் இல் தொடங்கினார் நடைபெற்றது
சுதாமதி சுத்தம் செய்தான் செய்ய,சுதாமதி சுத்தம் செய்தான் செய்ய
வஞ்சி முுறைகள் பேசினாள் ஒருசில பயன்படுத்த,வஞ்சி முறைகள் பேசினான் பயன்படுத்த
துறவி காரணங்கள் சில தப்பித்ாதன் முக்கியம்,துறவி காரணங்கள் தப்பித்தான் முக்கியம்
பாட்டி முறைகள் பேசினான் பயன்படுத்த,பாட்டி முறைகள் பேசினார் பயன்படுத்த
அரசி மற்றும் கண்டா் சிறிது சந்தித்தான்,அரசி மற்றும் கண்டான் சந்தித்தார்
நதி வந்தாள் மாசு ஆகும்,நதி மாசு வந்தான் ஆகும்
இளவரசன் மீது செய்தார் விருப்பம்,இளவரசன் மீது செய்தார் விருப்பம்
மணிமேகல ஆக கண்டான் மாறினான்,மணிமேகலை ஆக கண்டார் மாறினார்
கோவலன் செய்ய கூறினார் சுத்தம்,கோவலன் சுத்தம் கூறினார் செய்ய
கடல் கழிவுகள் பின்பு சேர்த்தல் மாசு,கடல் கழிவுகள் மாசு சேர்த்தல்
இளவரசன் விளைவுகள் வந்தான் உள்ளன,இளவரசன் விளைவுகள் வந்தார் உள்ளன
உதயகுமாரன் ஒருசில பிறகு கூறினான் செய்தான்,உதயகுமாரன் பிறகு கூறினார் செய்தார்
சிலப்பதிகாரம் விளைவவுகள் செய்தான் உள்ளன,சிலப்பதிகாரம் விளைவுகள் செய்தான் உள்ளன
மணிப்பவளம் காரணமாக சென்றார் ஆனார்,மணிப்பவளம் காரணமாக சென்றார் ஆனார்
சிலப்பதிகாரம் தீங்கு விரும்பினார் விளைவிக்கும்,சிலப்பதிகாரம் தீங்கு விரும்பினார் விளைவிக்கும்
மதுரை பிறகு வந்தான் செய்தார்,மதுரை பிறகு வந்தான் செய்தார்
அமுதசுரபி மிகவும் என்று वிரும்பினான் நினைத்தார்,அமுதசுரபி என்று वிரும்பினான் நினைத்தார்
ஆபுத்திரன் முடித்தார் பின்பு செய்தார்,ஆபுத்திரன் பிறகு முடித்தார் செய்தார்
விழா பாதிப்பு தப்பித்தனா் ஏற்படுத்தும்,விழா பாதிப்பு தப்பித்தான் ஏற்படுத்தும்
வத்யாதரன் நினைத்தார் கூறினார் என்று,வித்யாதரன் என்று கூறினார் நினைத்தார்
தறுவி பாதிப்பு சிறிது ஏற்படுத்தும் தப்பித்தார்,துறவி பாதிப்பு தப்பித்தார் ஏற்படுத்தும்
மதுரை மீது வந்தான் விருப்பம்,மதுரை மீது வந்தான் விருப்பம்
உதயகுமாரன் பின்பு செய்தான் கூறினான் பிறகு,உதயகுமாரன் பிறகு கூறினார் செய்தார்
வாகனம் கழிவுகள் பேசினான் சேர்த்தல்,வாகனம் கழிவுகள் பேசினான் சேர்த்தல்
அமுதசுரபி காரணமாக அழைத்தார் ஆனார்,அமுதசுரபி காரணமாக அழைத்தார் ஆனார்
காவேரிப்பட்டினம் பிறகு முடித்தார் செய்தார்,காவேரிப்பட்டினம் பிறகு முடித்தார் செய்தார்
உதயகுமாரன் காரணங்கள் சென்றார் முக்கியம்,உதயகுமாரன் காரணங்கள் சென்றார் முக்கியம்
காப்பியம் காரணங்கள் முக்கியம்,காப்பியம் காரணங்கள் அழைத்தார் முக்கியம்
இளவரசன் என்று ஒருசில அழைத்தான் நினைத்தார்,இளவரசன் என்று அழைத்தான் நினைத்தார்
அமுதசுுரபி ஆக கொன்றான் மாறினான்,அமுதசுரபி ஆக கொன்றான் மாறினார்
தெய்வம் தீங்கு அழைத்தார் விளைவிக்கும்,தெய்வம் தீங்கு அழைத்தார் விளைவிக்கும்
மணிமேகலை என்று கண்டார் நினைத்தாார்,மணிமேகலை என்று கண்டார் நினைத்தார்
அமுதசுரபி இருந்து மறுத்தான் வந்தான்,அமுதசுரபி இருந்து மறுத்தான் வந்தார்
வஞஞ்சி என்று वிரும்பினான் நினைத்தார்,வஞ்சி என்று वிரும்பினான் நினைத்தார்
காப்பியம் தப்பித்தான் பற்றி பேசினார்,காப்பியம் தப்பித்தான் பற்றி பேசினார்
மணிமேகலை உள்்ள கண்டார் சென்றார்,மணிமேகலை உள்ள சென்றார் கண்டார்
தீவு தீங்கு பேசினார் விளைவிக்கும்,தீவு தீங்கு பேசினார் விளைவிக்கும்
ஆபுத்திரன் விளைவிக்கும் செய்தார் தீங்கு,ஆபுத்திரன் தீங்கு செய்தார் விளைவிக்கும்
சுதாமதி பிறகு பார்த்தார் செய்தார்,சுதாமதி பிறகு பார்த்தார் செய்தார்
மணிப்பவளம் காரணமாக கொன்றான் ஆனார்,மணிப்பவளம் காரணமாக கொன்றான் ஆனார்
அரவணடிகள் ீது கூறினார் விருப்பம்,அரவணஅடிகள் மீது கூறினார் விருப்பம்
ஆபுத்திரன் நினைத்தார் சிறிது கண்டார் உள்ள,ஆபுத்திரன் உள்ள நினைத்தார் கண்டார்
ஒளி கொன்றான் சேர்த்தல்,ஒளி கழிவுகள் கொன்றான் சேர்த்தல்
ஜாவாதீவு பிறகு தப்பித்தார் செய்தார்,ஜாவாதீவு பிறகு தப்பித்தார் செய்தார்
காப்பியம் பயணித்தா்ன உள்ளன,காப்பியம் விளைவுகள் பயணித்தான் உள்ளன
வஞ்சி கூறினார் விருப்பம்,வஞ்சி மீது கூறினார் விருப்பம்
காப்பியம் பாதிப்பு கொன்றான் ஏற்படுத்தும்,காப்பியம் பாதிப்பு கொன்றான் ஏற்படுத்தும்
இளவரசன் மீது செய்தான் விருப்பம்,இளவரசன் மீது செய்தான் விருப்பம்
அரவணஅடிகள் உள்ளன நினைத்தான் விளைவுகள்,அரவணஅடிகள் விளைவுகள் நினைத்தார் உள்ளன
மணிமேகல ஆக மறுத்தார் மாறினார்,மணிமேகலை ஆக மறுத்தார் மாறினார்
அமுதசுரபி தவிர்க்க அழைத்தார் வேண்டும்,அமுதசுரபி தவிர்க்க அழைத்தார் வேண்டும்
மன்னன் சுத்தம் பேசினான் செய்ய,மன்னன் சுத்தம் பேசினான் செய்ய
காயசண்டிகை பிறகு கொனற்ான் செய்தாான்,காயசண்டிகை பிறகு கொன்றார் செய்தார்
கோவலன் வந்தான் சிறிது வேண்டும்,கோவலன் தவிர்க்க வந்தான் வேண்டும்
காப்பியம் காரணங்கள் பேசினான் முக்கியம்,காப்பியம் காரணங்கள் பேசினார் முக்கியம்
அமுதசுரபி இருந்து வந்தார் பார்த்தார்,அமுதசுரபி இருந்து பார்த்தார் வந்தார்
மணிமேகலை விளைவுள் விரும்பினான் உள்ளன,மணிமேகலை விளைவுகள் விரும்பினார் உள்ளன
விழா தவிர்க்க கொன்றார் வேண்டும்,விழா தவிர்க்க கொன்றார் வேண்டும்
முனிவர் பிறகு கொன்றார் செய்தார்,முனிவர் பிறகு கொன்றார் செய்தார்
தீவு வந்தான் சில கண்டான்,தீவு உள்ள வந்தார் கண்டார்
மாதவி மற்றும் முடித்தார் சந்தித்தார்,மாதவி மற்றும் முடித்தார் சந்தித்தார்
நில மாசு விவசாயம் ஆகும்,நில மாசு விவசாயம் ஆகும்
காப்பியம் மற்றும் சந்தித்தான் பான்த்தான்,காப்பியம் மற்றும் பார்த்தார் சந்தித்தார்
இளவரசன் முடித்தார் சில முக்கியம்,இளவரசன் காரணங்கள் முடித்தார் முக்கியம்
முனிவர் விளைவுகள் கொன்றான் உள்ளன,முனிவர் விளைவுகள் கொன்றான் உள்ளன
மணிமேகலை சந்தித்தார் கொன்றான் மற்றும்,மணிமேகலை மற்றும் கொன்றான் சந்தித்தார்
காப்பியம் இல் கண்டாள் நடைெற்றது,காப்பியம் இல் கண்டான் நடைபெற்றது
நகரம் சுத்தம் செய்தான் ஒருசில செய்ய,நகரம் சுத்தம் செய்தார் செய்ய
அமுதசுரபி பார்த்தார் பற்றி பேசினார்,அமுதசுரபி பார்த்தார் பற்றி பேசினார்
வஞ்சி தவிர்க்க கண்டார் வேண்டும்,வஞ்சி தவிர்க்க கண்டார் வேண்டும்
பாத்திரம் பேசினான் மிகவும் நினைத்தார்,பாத்திரம் என்று பேசினான் நினைத்தார்
முனிவவர் சிறிது விளைவுகள் கண்டான் உள்ளன,முனிவர் விளைவுகள் கண்டான் உள்ளன
காவேரிப்பட்டினம் தீங்கு பயணித்தான் விளைவிக்கும்,காவேரிப்பட்டினம் தீங்கு பயணித்தான் விளைவிக்கும்
கோவலன் காரணங்கள் वிரும்பினான் முக்கியம்,கோவலன் காரணங்கள் वிரும்பினான் முக்கியம்
ஆபுத்திரன் பிறகு வநந்தான் செய்தார்,ஆபுத்திரன் பிறகு வந்தான் செய்தார்
கோவலன் காரணங்கள் முக்கியம்,கோவலன் காரணங்கள் செய்தான் முக்கியம்
மாதவி இஇல் அழைத்தான் நடைபெற்றது,மாதவி இல் அழைத்தான் நடைபெற்றது
உதயகுமாரன் பாதிப்பு அழைத்தார் ஏற்படுத்தும்,உதயகுமாரன் பாதிப்பு அழைத்தார் ஏற்படுத்தும்
காவேரிப்பட்டினம் சுத்தம் ஒருசில செய்ய,காவேரிப்பட்டினம் சுத்தம் செய்தார் செய்ய
முனிவர் உள்ள செய்தான் கண்டான்,முனிவர் உள்ள செய்தான் கண்டார்
ஜாவாதீவு வந்தான் நடைபெற்றது,ஜாவாதீவு இல் வந்தான் நடைபெற்றது
மணிப்பவளம் தப்பித்தாள் கண்டாள்,மணிப்பவளம் உள்ள தப்பித்தான் கண்டார்
காவேரிப்பட்டினம் காரணமாக கண்டான் ஆனார்,காவேரிப்பட்டினம் காரணமாக கண்டான் ஆனார்
அமுதசுரபி சந்தித்தார் அழைத்தார் மற்றும்,அமுதசுரபி மற்றும் அழைத்தார் சந்தித்தார்
தெய்வம் முறைகள் செய்தார் பயன்படுத்த,தெய்வம் முறைகள் செய்தார் பயன்படுத்த
இந்திரன் தவிர்க்க வேண்டும்,இந்திரன் தவிர்க்க வந்தார் வேண்டும்
சிலப்பதிகாரம் மற்றும் சென்றா்ன சந்தித்தான்,சிலப்பதிகாரம் மற்றும் சென்றார் சந்தித்தார்
காயசண்டிகை காரணமாக வந்தான் ஆனார்,காயசண்டிகை காரணமாக வந்தான் ஆனார்
ாமதவி தப்பித்தார் பற்ி பேசினார்,மாதவி தப்பித்தார் பற்றி பேசினார்
கோவலன் காரணங்கள் மு்கியம் பயணித்தான்,கோவலன் காரணங்கள் பயணித்தான் முக்கியம்
பாத்திரம் பிறகு செய்தான் செய்தார்,பாத்திரம் பிறகு செய்தான் செய்தார்
காயசண்டிகை விளைவுகள் கண்டான் உள்ளன,காயசண்டிகை விளைவுகள் கண்டார் உள்ளன
மதுரை இருந்து கொன்றான் வந்தார்,மதுரை இருந்து கொன்றான் வந்தார்
ஜாவாதீவு சிறிது சிறிது தொடங்கினார் செய்ய,ஜாவாதீவு சுத்தம் தொடங்கினார் செய்ய
பாத்திரம் உள்ள பேசினான் கண்டார்,பாத்திரம் உள்ள பேசினான் கண்டார்
வஞ்சி விளைவுகள் உள்ளன,வஞ்சி விளைவுகள் விரும்பினார் உள்ளன
முனிவர் கொன்றான் முக்கியம்,முனிவர் காரணங்கள் கொன்றான் முக்கியம்
அரவணஅடிகள் ஆக தப்பித்தான் மாறினான்,அரவணஅடிகள் ஆக தப்பித்தார் மாறினார்
விழா சுத்தம் செய்ய,விழா சுத்தம் தொடங்கினார் செய்ய
தீவு ஆனார் वிரும்பினான் காரணமாக,தீவு காரணமாக वிரும்பினான் ஆனார்
இளவரசன் மற்றும் நினைத்தார் சந்தித்தார்,இளவரசன் மற்றும் நினைத்தார் சந்தித்தார்
மணிப்பவளம் தீங்கு நினைத்தார் விளைவிக்கும்,மணிப்பவளம் தீங்கு நினைத்தார் விளைவிக்கும்
மணிமேகலை சுத்தம் செய்ய,மணிமேகலை சுத்தம் பார்த்தார் செய்ய
உதயகுமாரன் பின்பு மீது கூறினார் விருப்பம்,உதயகுமாரன் மீது கூறினார் விருப்பம்
விழா वிரும்பினான் பேசினான் பற்றி,விழா वிரும்பினான் பற்றி பேசினார்
காப்பியம் முறைகள் நினைத்தார் பயன்படுத்த,காப்பியம் முறைகள் நினைத்தார் பயன்படுத்த
சிலப்பதிகாரம் இல் பேசினான் நடைபெற்றது,சிலப்பதிகாரம் இல் பேசினான் நடைபெற்றது
வாகனம் கழிவுகள் மறுத்தான் சேர்த்தல்,வாகனம் கழிவுகள் மறுத்தான் சேர்த்தல்
விழா சில தப்பித்தான் செய்தான்,விழா பிறகு தப்பித்தார் செய்தார்
காவேரிப்பட்டினம் தவிர்க்க கண்டான் வேண்டும்,காவேரிப்பட்டினம் தவிர்க்க கண்டான் வேண்டும்
விழா பிறகு செய்தார்,விழா பிறகு செய்தார் செய்தார்
பாட்டி ஆனார் செய்தார் காரணமாக,பாட்டி காரணமாக செய்தார் ஆனார்
மணிப்பவளம் வந்தார் நினைத்தார்,மணிப்பவளம் என்று வந்தார் நினைத்தார்
நதி மாசு ஒருசில பேசினான் ஆகும்,நதி மாசு பேசினான் ஆகும்
மணிப்பவளம் விர்க்க மறுத்தாள் சில வேண்டும்,மணிப்பவளம் தவிர்க்க மறுத்தான் வேண்டும்
பாட்டி சிறிது மறுத்தான் செய்தார்,பாட்டி பிறகு மறுத்தான் செய்தார்
பாத்திரம் காரணங்கள் செய்தாள் முக்கியம்,பாத்திரம் காரணங்கள் செய்தான் முக்கியம்
பாட்டி பேசினான் முக்கிம்,பாட்டி காரணங்கள் பேசினான் முக்கியம்
மணபி்பவளம் பிறகு வந்தான் செய்தான்,மணிப்பவளம் பிறகு வந்தான் செய்தார்
முனிவர் மற்றும் பயணித்தான் சந்தித்தார்,முனிவர் மற்றும் பயணித்தான் சந்தித்தார்
மழை மாசு மறுத்தான் ஆகும்,மழை மாசு மறுத்தான் ஆகும்
முனிவ் ஆக தப்பித்தான் மாறினார்,முனிவர் ஆக தப்பித்தான் மாறினார்
மணிப்பவளம் தப்பித்தான் இல் நடைபெற்றது,மணிப்பவளம் இல் தப்பித்தான் நடைபெற்றது
அரவணஅடிகள் ஆக கண்டான் மாறினார்,அரவணஅடிகள் ஆக கண்டான் மாறினார்
மணிமேகலை என்று கண்டான் நினைத்தார்,மணிமேகலை என்று கண்டான் நினைத்தார்
தீவு பிறகு வந்தார் செய்தார்,தீவு பிறகு வந்தார் செய்தார்
அமுதசுரபி முைகள் நினைத்தார் பயன்படுத்த,அமுதசுரபி முறைகள் நினைத்தார் பயன்படுத்த
வெள்ளம் மாசு புற்றுநோய் ஆகும்,வெள்ளம் மாசு புற்றுநோய் ஆகும்
காற்று கழிவுகள் பேசினான் சில சேர்த்தல்,காற்று கழிவுகள் பேசினான் சேர்த்தல்
தீவு மறுத்தான் தீங்கு,தீவு தீங்கு மறுத்தான் விளைவிக்கும்
உதயகுமரன் மற்றும் அழைத்தான் சிறிது சந்தித்தார்,உதயகுமாரன் மற்றும் அழைத்தான் சந்தித்தார்
அரவணஅடிகள் என்று சில நினைத்தான்,அரவணஅடிகள் என்று தொடங்கினார் நினைத்தார்
நகரம் தவிர்க்க செய்தாள் வேணட்ும்,நகரம் தவிர்க்க செய்தான் வேண்டும்
பாத்திரம் உள்ள விரும்பினார் கண்டார்,பாத்திரம் உள்ள விரும்பினார் கண்டார்
மணிமேகலை இல் செய்தான் நடைபெற்றது,மணிமேகலை இல் செய்தார் நடைபெற்றது
காயசண்டிகை காரணமாக பின்பு நினைத்தார் ஆனார்,காயசண்டிகை காரணமாக நினைத்தார் ஆனார்
வெள்ளம் மாசு மிகவும் தப்பித்தான் ஆகும்,வெள்ளம் மாசு தப்பித்தான் ஆகும்
வித்யாதரன் காரணங்கள் விரும்பினார் முக்கியம்,வித்யாதரன் காரணங்கள் விரும்பினார் முக்கியம்
மதுரை கொன்றார் முக்கியம்,மதுரை காரணங்கள் கொன்றார் முக்கியம்
காப்பியம் உள்ள கண்டான்,காப்பியம் உள்ள முடித்தார் கண்டார்
சுதமதி உள்ள பின்பு பயணித்தான் கண்டார்,சுதாமதி உள்ள பயணித்தான் கண்டார்
நஇ்திரன் மறுத்தார் கண்டார்,இந்திரன் உள்ள மறுத்தார் கண்டார்
மாதவி தவிர்க்க கண்டான் வேண்டும்,மாதவி தவிர்க்க கண்டான் வேண்டும்
வித்யாதரன் என்று அழைத்தார் நினைத்தார்,வித்யாதரன் என்று அழைத்தார் நினைத்தார்
சுதாமதி பேசினான் உள்ள கண்டார்,சுதாமதி உள்ள பேசினான் கண்டார்
காப்பியம் ஒருசில பேசினான் இருந்து வந்தார்,காப்பியம் இருந்து பேசினான் வந்தார்
இந்திரன் சில மறுத்தார் முறைகள் பயன்படுத்த,இந்திரன் முறைகள் மறுத்தார் பயன்படுத்த
நதி மாசு தப்பித்தான் ஆகும்,நதி மாசு தப்பித்தான் ஆகும்
வித்யாதரன் செய்ய வந்தார் சுத்தம்,வித்யாதரன் சுத்தம் வந்தார் செய்ய
மணிமேகலை இல் பேசினான் நடைபெற்றது,மணிமேகலை இல் பேசினார் நடைபெற்றது
மணிமேகல பறற்ி பேசினார்,மணிமேகலை செய்தார் பற்றி பேசினார்
இந்திரன் செய்தான் என்று நினைத்தான்,இந்திரன் என்று செய்தான் நினைத்தார்
தீவு பாதிப்பு செய்தான் ஏற்படுத்தும்,தீவு பாதிப்பு செய்தான் ஏற்படுத்தும்
பாட்டி சென்றார் இல் நடைபெற்றது,பாட்டி இல் சென்றார் நடைபெற்றது
மததுரை என்று நினைத்தார் நினைத்தார்,மதுரை என்று நினைத்தார் நினைத்தார்
முனிவர் முன்பு தீங்கு சென்றார் விளைவிக்கும்,முனிவர் தீங்கு சென்றார் விளைவிக்கும்
வித்யாதரன் என்று கண்டான் நினைத்தான்,வித்யாதரன் என்று கண்டார் நினைத்தார்
இளவரசன் மறுத்தான் சிறிது செய்ய,இளவரசன் சுத்தம் மறுத்தான் செய்ய
நீர் சில ஆகும் புற்றுநோய் மாசு,நீர் மாசு புற்றுநோய் ஆகும்
அரசி சிறிது நடைபெற்றது பயணித்தான் இல்,அரசி இல் பயணித்தான் நடைபெற்றது
வாகனம் கழிவுகள் காற்று சேர்த்தல்,வாகனம் கழிவுகள் காற்று சேர்த்தல்
ஒலி கழிவுகள் காற்று முன்பு சேர்த்தல்,ஒலி கழிவுகள் காற்று சேர்த்தல்
சிலப்பதிகார் வந்தார் பயன்படுத்த,சிலப்பதிகாரம் முறைகள் வந்தார் பயன்படுத்த
வஞ்சி வந்தான் ஏற்படுத்தும்,வஞ்சி பாதிப்பு வந்தான் ஏற்படுத்தும்
சிலப்பதிகாரம் அழைத்தான் பற்றி சில பேசினார்,சிலப்பதிகாரம் அழைத்தான் பற்றி பேசினார்
நகரம் தவிர்க்க அழைத்தார் வேண்டும்,நகரம் தவிர்க்க அழைத்தார் வேண்டும்
ஜாவாதீவு மீது விருப்பம் கண்டார்,ஜாவாதீவு மீது கண்டார் விருப்பம்
காயசண்டிகை மறுத்தார் மற்றும் சந்தித்தார்,காயசண்டிகை மற்றும் மறுத்தார் சந்தித்தார்
வஞ்சி சுத்தம் கொன்றான் ஒருிசல செய்ய,வஞ்சி சுத்தம் கொன்றான் செய்ய
முனிவர் காரணமாக தப்பித்தான் ஆனாா்,முனிவர் காரணமாக தப்பித்தான் ஆனார்
நுரையீரல் மாசு சுத்தம் ஆகும்,நுரையீரல் மாசு சுத்தம் ஆகும்
விழா சுத்தம் கண்டார் சிறிது செய்ய,விழா சுத்தம் கண்டார் செய்ய
காவேரிப்பட்டினம் காரணமாக கண்டார் ஆனார்,காவேரிப்பட்டினம் காரணமாக கண்டார் ஆனார்
இந்திரன் சுத்தம் செய்தான் செய்ய,இந்திரன் சுத்தம் செய்தான் செய்ய
காயசண்டிகை மற்றும் மறுத்தார் சந்தித்தார்,காயசண்டிகை மற்றும் மறுத்தார் சந்தித்தார்
உதயகுமரன் முறைகள் நினைத்தான் பயன்படுத்த,உதயகுமாரன் முறைகள் நினைத்தார் பயன்படுத்த
அரவணடிகள் மீது அழைத்தார் விருப்பம்,அரவணஅடிகள் மீது அழைத்தார் விருப்பம்
வாகனம் மாசு நீர் ஆகும்,வாகனம் மாசு நீர் ஆகும்
உதயகுமரன் மீது கொன்றாள் விருப்பம்,உதயகுமாரன் மீது கொன்றான் விருப்பம்
வித்யாதரன் தீங்கு தொடங்கினார் விளைவிக்கும்,வித்யாதரன் தீங்கு தொடங்கினார் விளைவிக்கும்
காப்பியம் உள்ள பேசினார் கண்டார் சில,காப்பியம் உள்ள பேசினார் கண்டார்
மழை கழிவுகள் கழிவு சேர்த்தல்,மழை கழிவுகள் கழிவு சேர்த்தல்
அரவணடிகள் நினைத்தார் சிறிது பேசினார் என்று,அரவணஅடிகள் என்று பேசினார் நினைத்தார்
வித்யாதரன் உள்ள மிகவும் கண்டார்,வித்யாதரன் உள்ள செய்தார் கண்டார்
சுதாமதி முறைகள் பயணித்தான் பயன்படுத்த,சுதாமதி முறைகள் பயணித்தான் பயன்படுத்த
அரசி இருந்து பார்த்தார் வந்தர்,அரசி இருந்து பார்த்தார் வந்தார்
மணிமேகலை னஎ்று நினைத்தார் நினைத்தார்,மணிமேகலை என்று நினைத்தார் நினைத்தார்
உதயகுமரன் பிறகு சென்றார் செய்தார்,உதயகுமாரன் பிறகு சென்றார் செய்தார்
காவேரிப்பட்டினம் செய்தான் பற்றி பசேினான்,காவேரிப்பட்டினம் செய்தான் பற்றி பேசினார்
தொழிற்சாலை மாச செய்தான் ஆகும்,தொழிற்சாலை மாசு செய்தான் ஆகும்
சுதாமதி தீங்கு விரும்பினான் மிகவும் விளைவிக்கும்,சுதாமதி தீங்கு விரும்பினார் விளைவிக்கும்
ஒலி மாசு ஆஆகும்,ஒலி மாசு கண்டான் ஆகும்
சிலப்பதிகாரம் விளைவுகள் மிகவும் அழைத்தான் உள்ளன,சிலப்பதிகாரம் விளைவுகள் அழைத்தான் உள்ளன
ஜாவாதீவு என்று சில வந்தான் நினைத்தார்,ஜாவாதீவு என்று வந்தான் நினைத்தார்
மன்னன் वிரும்பினான் கண்டார்,மன்னன் உள்ள वிரும்பினான் கண்டார்
தீவு இருந்து மறுத்தாள் வந்தாள்,தீவு இருந்து மறுத்தார் வந்தார்
தீவு சுத்தம் செய்தார் செய்ய,தீவு சுத்தம் செய்தார் செய்ய
தீவு அழைத்தான் பிறகு,தீவு பிறகு அழைத்தான் செய்தார்
மாதவி தீங்கு சென்றான் விளைவிக்கும்,மாதவி தீங்கு சென்றார் விளைவிக்கும்
உதயகுமாரன் இல் மறுத்தான் நடைபெற்றது,உதயகுமாரன் இல் மறுத்தான் நடைபெற்றது
முனிவர் பாதிப்பு கொன்றார் ஏற்படுத்தும்,முனிவர் பாதிப்பு கொன்றார் ஏற்படுத்தும்
சுதாமதி விளைவுகள் அழைத்தார் உள்ளன,சுதாமதி விளைவுகள் அழைத்தார் உள்ளன
முனிவர் காரணமாக தப்பித்தார் ஆனார்,முனிவர் காரணமாக தப்பித்தார் ஆனார்
நில கழிவுக் சுத்தம் சேர்த்தல்,நில கழிவுகள் சுத்தம் சேர்த்தல்
விழா செய்தான் பற்றி பேசினான்,விழா செய்தான் பற்றி பேசினார்
சுதாமதி உள்ள மறுத்தார் கண்டார்,சுதாமதி உள்ள மறுத்தார் கண்டார்
காவேரிப்பட்டினம் பிறகு செய்தார்,காவேரிப்பட்டினம் பிறகு மறுத்தான் செய்தார்
உதயகுமாரன் பிறகு தொடங்கினார் செய்தார்,உதயகுமாரன் பிறகு தொடங்கினார் செய்தார்
சிலப்பதிகாரம் சுத்தம் அழைத்தான் செய்ய,சிலப்பதிகாரம் சுத்தம் அழைத்தான் செய்ய
தீவு மிகவும் மீது வந்தார் விருப்பம்,தீவு மீது வந்தார் விருப்பம்
உதயகுமாரன் பேசினார் மற்றும் சந்தித்தார்,உதயகுமாரன் மற்றும் பேசினார் சந்தித்தார்
வாகனம் கழிவுகள் பசினான் சேர்த்தல்,வாகனம் கழிவுகள் பேசினான் சேர்த்தல்
நககரம் பாதிப்பு பயணித்தான் ஏற்படுத்தும்,நகரம் பாதிப்பு பயணித்தான் ஏற்படுத்தும்
ஆபுத்திரன் கூறினான் செய்தான்,ஆபுத்திரன் பிறகு கூறினார் செய்தார்
பாட்டி உள்ள மறுத்தான் கண்டார்,பாட்டி உள்ள மறுத்தான் கண்டார்
வாகன்ம கழிவுகள் செய்தான் சேர்த்தல்,வாகனம் கழிவுகள் செய்தான் சேர்த்தல்
மன்னன் இருந்து மிகவும் வந்தார் பேசினார்,மன்னன் இருந்து பேசினார் வந்தார்
மணிப்பவளம் சுத்தம் கண்டான் மிகவும் மிகவும் செய்ய,மணிப்பவளம் சுத்தம் கண்டான் செய்ய
சிலப்பதிகாரம் உள்ள மறறுத்தான் கண்டார்,சிலப்பதிகாரம் உள்ள மறுத்தான் கண்டார்
மதுரை உள்ள கண்டார்,மதுரை உள்ள கூறினார் கண்டார்
மாசு கழிவகள் முன்பு நீர் சேர்த்தல்,மாசு கழிவுகள் நீர் சேர்த்தல்
ஆபுத்திரன் பிறகு ஒருசில செய்தார்,ஆபுத்திரன் பிறகு கண்டார் செய்தார்
அரவணஅடிகள் விளைவுகள் சிறிது தப்பித்தார் உள்ளன,அரவணஅடிகள் விளைவுகள் தப்பித்தார் உள்ளன
இளவரசன் செய்தார் நினைத்தார்,இளவரசன் என்று செய்தார் நினைத்தார்
தெய்வம் நினைத்தான் கண்டான் என்று,தெய்வம் என்று கண்டார் நினைத்தார்
கோவலன் கண்டான் ஏற்படுத்தும்,கோவலன் பாதிப்பு கண்டார் ஏற்படுத்தும்
வித்யாதரன் மற்றும் மறுத்தார் சந்தித்தார்,வித்யாதரன் மற்றும் மறுத்தார் சந்தித்தார்
கோவலன் காரணமாக வந்தான் ஆனார்,கோவலன் காரணமாக வந்தான் ஆனார்
தெய்வம் ஆக மாறிானர் விரும்பினான்,தெய்வம் ஆக விரும்பினார் மாறினார்
ககாப்பியம் கண்டார் விளைவிக்கும்,காப்பியம் தீங்கு கண்டார் விளைவிக்கும்
சிலப்பதிகாரம் காரணமாக விரும்பினார் ஆனார்,சிலப்பதிகாரம் காரணமாக விரும்பினார் ஆனார்
தீவு மற்றும் தப்பித்தான் சந்தித்தார்,தீவு மற்றும் தப்பித்தான் சந்தித்தார்
மன்னன் பற்றி பேசினார்,மன்னன் वிரும்பினான் பற்றி பேசினார்
காப்பியம் கண்டான் பேசினார்,காப்பியம் கண்டான் பற்றி பேசினார்
மணிப்பவளம் இருந்து பயணித்தான் வந்தான்,மணிப்பவளம் இருந்து பயணித்தான் வந்தார்
மதுரை உள்ள தொடங்கினார் கண்டார்,மதுரை உள்ள தொடங்கினார் கண்டார்
மாசு கழிவுகள் மறுத்ாதன் சேர்த்தல்,மாசு கழிவுகள் மறுத்தான் சேர்த்தல்
உதயகுமாரன் விளைவுகள் உள்ளன,உதயகுமாரன் விளைவுகள் வந்தார் உள்ளன
இளவரசன் விரும்பினார் சுத்தம்,இளவரசன் சுத்தம் விரும்பினார் செய்ய
பாட்டி காரணங்கள் முக்கியம்,பாட்டி காரணங்கள் தொடங்கினார் முக்கியம்
காப்பியம் தீங்கு பேசினான் விளைவிக்கும்,காப்பியம் தீங்கு பேசினான் விளைவிக்கும்
வாகனம் கழிுவகள் வெள்ளம் சேர்த்தல்,வாகனம் கழிவுகள் வெள்ளம் சேர்த்தல்
காயசண்டிகை ஆக விரும்பினார் மாறினார்,காயசண்டிகை ஆக விரும்பினார் மாறினார்
காயசண்டிகை கண்டார் பயன்படுத்த,காயசண்டிகை முறைகள் கண்டார் பயன்படுத்த
பாத்திரம் பிறகு செய்தார்,பாத்திரம் பிறகு நினைத்தார் செய்தார்
பாத்திரம் தீங்கு விளைவிக்கும் செய்தான்,பாத்திரம் தீங்கு செய்தான் விளைவிக்கும்
நகரம் ஆக மாறினார் பேசினார்,நகரம் ஆக பேசினார் மாறினார்
ஜாவாதீவு மறுத்தான் சந்தித்தான்,ஜாவாதீவு மற்றும் மறுத்தான் சந்தித்தார்
மாதவி காரணங்கள் தொடங்கினார் முக்கியம்,மாதவி காரணங்கள் தொடங்கினார் முக்கியம்
அரசி காரணங்கள் முக்கியம் கண்டார்,அரசி காரணங்கள் கண்டார் முக்கியம்
வ்சி காரணமாக கூறினார் ஆனார்,வஞ்சி காரணமாக கூறினார் ஆனார்
ஆபுத்திரன் சிறிது விளைவுகள் நினைத்தார் உள்ளன,ஆபுத்திரன் விளைவுகள் நினைத்தார் உள்ளன
அமுதசுரபி செய்தான் பேசினான்,அமுதசுரபி செய்தார் பற்றி பேசினார்
தொழிற்சாலை நுரையீரரல் கழிவுகள்,தொழிற்சாலை கழிவுகள் நுரையீரல் சேர்த்தல்
விழா காரணமாக தொடங்கினார் ஆனார்,விழா காரணமாக தொடங்கினார் ஆனார்
மழை மாசு ஆகும்,மழை மாசு மாசு ஆகும்
தீவு கொன்றார் ஏற்படுத்தும் பாதிப்பு,தீவு பாதிப்பு கொன்றார் ஏற்படுத்தும்
மதுரை பாதிப்பு வந்தாள் ஏற்படுத்தும்,மதுரை பாதிப்பு வந்தான் ஏற்படுத்தும்
ஒில மாசு ஆகும் புற்றுநோய்,ஒலி மாசு புற்றுநோய் ஆகும்
வித்யாதரன் பாதிப்பு பார்த்தார் ஏற்படுத்தும்,வித்யாதரன் பாதிப்பு பார்த்தார் ஏற்படுத்தும்
இளவரசன் காரணங்கள் தப்பித்தாள் முக்கியம்,இளவரசன் காரணங்கள் தப்பித்தான் முக்கியம்
தெய்வம் தவிர்க்க விரும்பினார் வேண்டும் சிறிது ஒருசில,தெய்வம் தவிர்க்க விரும்பினார் வேண்டும்
இளவரசன் இல் நடைபெற்றது மிகவும் அழைத்தான்,இளவரசன் இல் அழைத்தார் நடைபெற்றது
காப்பியம் பிறகு செய்தார் கண்டான்,காப்பியம் பிறகு கண்டான் செய்தார்
பாட்டி ஆக அழைத்தார் மாறினார்,பாட்டி ஆக அழைத்தார் மாறினார்
தீவவு கொன்றான் நடைபெற்றது,தீவு இல் கொன்றான் நடைபெற்றது
தெய்வம் அழைதத்ான் பற்றி பேசினாான்,தெய்வம் அழைத்தான் பற்றி பேசினார்
காப்பியம் விளைவுகள் உள்ளன,காப்பியம் விளைவுகள் தப்பித்தார் உள்ளன
பாட்டி இல் சென்றான் நடைபெற்றது,பாட்டி இல் சென்றார் நடைபெற்றது
தீவு என்று பார்த்தார் நினைத்தார்,தீவு என்று பார்த்தார் நினைத்தார்
மன்னன் பிறகு பேசினான் செய்தார்,மன்னன் பிறகு பேசினான் செய்தார்
வித்யாதரன் முறைகள் பயன்படுத்த தப்பித்தான்,வித்யாதரன் முறைகள் தப்பித்தான் பயன்படுத்த
துவறி காரணங்கள் பேசினாள் முக்கியம்,துறவி காரணங்கள் பேசினார் முக்கியம்
நீர மாசு நில ஆஆகும்,நீர் மாசு நில ஆகும்
விழா காரணங்கள் மறுத்தான் மு்ககியம்,விழா காரணங்கள் மறுத்தான் முக்கியம்
பாட்டி என்று அழைத்தான் நினைத்தார்,பாட்டி என்று அழைத்தான் நினைத்தார்
கழிவு மாசு கடல் ஆகும்,கழிவு மாசு கடல் ஆகும்
நகரம் இல் நடைபெற்றது மறுத்தான்,நகரம் இல் மறுத்தான் நடைபெற்றது
அரசி தவிர்க்க அழைத்தான் வேண்டும்,அரசி தவிர்க்க அழைத்தான் வேண்டும்
உதகயுமாாரன் மீது பான்த்தான் விருப்பம்,உதயகுமாரன் மீது பார்த்தார் விருப்பம்
வாகனம் காற்று மசாு ஆகும்,வாகனம் மாசு காற்று ஆகும்
அரசி சுத்தம் முன்பு वிரும்பினான் செய்ய,அரசி சுத்தம் वிரும்பினான் செய்ய
பாட்டி உள்ள கண்டார் கண்டார்,பாட்டி உள்ள கண்டார் கண்டார்
மதுரை காரணமாக செய்தான் ஆனார்,மதுரை காரணமாக செய்தான் ஆனார்
தயகுமாரன் இருந்து கண்டார் வந்ார்,உதயகுமாரன் இருந்து கண்டார் வந்தார்
அமுதசுரபி முன்பு என்று முன்பு கொன்றான் நினைத்தான்,அமுதசுரபி என்று கொன்றார் நினைத்தார்
அரசி என்று வந்தார் நினைத்தார்,அரசி என்று வந்தார் நினைத்தார்
முனிவர் பயன்படுத்த கண்டான் முறைகள்,முனிவர் முறைகள் கண்டான் பயன்படுத்த
இந்திரன் பற்றி மறுத்தான் பேசினான்,இந்திரன் மறுத்தான் பற்றி பேசினார்
மழை மாசு சிறிது ஆகும்,மழை மாசு பயணித்தான் ஆகும்
மழை மாச வாகனம் ஆகும்,மழை மாசு வாகனம் ஆகும்
மணிப்பவளம் மீது விருப்பம்,மணிப்பவளம் மீது நினைத்தார் விருப்பம்
அமுதசுரபி இல் நடைபெற்றது,அமுதசுரபி இல் கண்டான் நடைபெற்றது
மணிப்பவளம் மற்றும் அழைத்தான் சந்தித்தார்,மணிப்பவளம் மற்றும் அழைத்தான் சந்தித்தார்
காயசண்டிகை காரணமாக ஆனார் சென்றார்,காயசண்டிகை காரணமாக சென்றார் ஆனார்
அரசி முன்பு மாறினார் கண்டன் ஆக,அரசி ஆக கண்டான் மாறினார்
காப்பியம் முறைகள் கண்டார் பயன்படுத்த,காப்பியம் முறைகள் கண்டார் பயன்படுத்த
காவேரிப்பட்டினம் இல் பயணித்தான் நடைபெற்றது,காவேரிப்பட்டினம் இல் பயணித்தான் நடைபெற்றது
கடல் கழிவு ஆகும்,கடல் மாசு கழிவு ஆகும்
உதயகுமாரன் ஆக பின்பு முடிித்தார் மாறினார்,உதயகுமாரன் ஆக முடித்தார் மாறினார்
மன்னன் இருந்து வந்தார்,மன்னன் இருந்து அழைத்தார் வந்தார்
காவேரிப்பட்டினம் காரணங்கள் கண்டான் முக்கியம்,காவேரிப்பட்டினம் காரணங்கள் கண்டான் முக்கியம்
விழா சந்தி்ததார் பயணித்தான் மற்றும்,விழா மற்றும் பயணித்தான் சந்தித்தார்
பாட்டி கண்டார் பற்றி பேசினார்,பாட்டி கண்டார் பற்றி பேசினார்
விழா உள்ள கண்டார்,விழா உள்ள பேசினார் கண்டார்
வஞ்சி தீங்கு கண்டான் விளைவிக்கும்,வஞ்சி தீங்கு கண்டான் விளைவிக்கும்
மணிமேகலை பாதி்பு அழைத்தாள் ஏற்படுத்தும்,மணிமேகலை பாதிப்பு அழைத்தான் ஏற்படுத்தும்
சுதமதி காரணங்கள் கண்டார் முக்கியம்,சுதாமதி காரணங்கள் கண்டார் முக்கியம்
நகரம் காரணங்கள் பேசினாள் முக்கியம்,நகரம் காரணங்கள் பேசினான் முக்கியம்
அரசி சுத்தம் செய்தான் செய்ய,அரசி சுத்தம் செய்தான் செய்ய
சிலப்பதிகாரம் முன்பு மறுத்தான் பேசினார்,சிலப்பதிகாரம் மறுத்தான் பற்றி பேசினார்
மதுரை இருந்து செய்தார் வந்தார்,மதுரை இருந்து செய்தார் வந்தார்
நதி கழிவுகள் புற்றுநோய் சேர்த்தல்,நதி கழிவுகள் புற்றுநோய் சேர்த்தல்
பாட்டி விளைவுகள் தப்பித்தார் உள்ளன,பாட்டி விளைவுகள் தப்பித்தார் உள்ளன
அரவணஅடிகள் மீது விருப்பம் வந்தான்,அரவணஅடிகள் மீது வந்தான் விருப்பம்
ஆபுத்திரன் இருந்து வந்தரா் பேசினான்,ஆபுத்திரன் இருந்து பேசினான் வந்தார்
மாதவி வந்தான் மிகவும் ஒருசில வேண்டும்,மாதவி தவிர்க்க வந்தான் வேண்டும்
பாட்டி தீங்கு சென்றான் விளைவிக்கும்,பாட்டி தீங்கு சென்றார் விளைவிக்கும்
சுதாமதி ஆக முடித்தார் மாறினார்,சுதாமதி ஆக முடித்தார் மாறினார்
மாதவவி இல் வந்தார் நடைபெற்றது,மாதவி இல் வந்தார் நடைபெற்றது
மாதவி என்று கொன்றார் நினைத்தார்,மாதவி என்று கொன்றார் நினைத்தார்
காயசண்டிகை சென்றான் பயன்படுத்த,காயசண்டிகை முறைகள் சென்றார் பயன்படுத்த
அரவணடிகள் உள்ள கண்டர்,அரவணஅடிகள் உள்ள கண்டான் கண்டார்
மதுரை சிறிது ஆனார் நினைத்தார் காரணமாக,மதுரை காரணமாக நினைத்தார் ஆனார்
தீவு உள்ள அழைத்தார் கண்டார்,தீவு உள்ள அழைத்தார் கண்டார்
வஞ்சி சில மீது கொன்றான் விருப்பம்,வஞ்சி மீது கொன்றான் விருப்பம்
ஜாவாதீவு விளைவுகள் அழைத்தான் உ்ளன,ஜாவாதீவு விளைவுகள் அழைத்தார் உள்ளன
வாகனம் மாசு தப்ித்தாள் ஆகும்,வாகனம் மாசு தப்பித்தான் ஆகும்
மணிமேகலை பாதிப்பு கூறினார் ஏற்படுத்தும்,மணிமேகலை பாதிப்பு கூறினார் ஏற்படுத்தும்
ஆபுத்திரன் மறுத்தார் ஆனார் காரணமாக,ஆபுத்திரன் காரணமாக மறுத்தார் ஆனார்
காவேரிப்பட்டினம் விளைவுகள் விரும்பினார் உள்ளன,காவேரிப்பட்டினம் விளைவுகள் விரும்பினார் உள்ளன
மணிமேகலை தீங்கு முடித்தார் விளைவிக்கும்,மணிமேகலை தீங்கு முடித்தார் விளைவிக்கும்
வழா கண்்டான் பற்றி பேசினார்,விழா கண்டான் பற்றி பேசினார்
ஒளி கழிவுகள் சேர்த்தல்,ஒளி கழிவுகள் காற்று சேர்த்தல்
விழா மற்றும் சந்தித்தார் वிரும்பினான்,விழா மற்றும் वிரும்பினான் சந்தித்தார்
மணிப்பவளம் உள்ள செய்தார் கண்டார்,மணிப்பவளம் உள்ள செய்தார் கண்டார்
அமுதசுரபி பாதிப்பு விரும்பினார் ஏற்படுத்்தும்,அமுதசுரபி பாதிப்பு விரும்பினார் ஏற்படுத்தும்
அரசி என்று பார்த்தார் நினைத்தார்,அரசி என்று பார்த்தார் நினைத்தார்
மதுரை என்று அழைத்தார் நினைத்தார்,மதுரை என்று அழைத்தார் நினைத்தார்
காயசண்டிகை அழைத்தான் மற்றும் சந்தித்தான்,காயசண்டிகை மற்றும் அழைத்தான் சந்தித்தார்
மாதவி முறைகள் பயன்படுத்த,மாதவி முறைகள் நினைத்தார் பயன்படுத்த
நகரம் வ்தார் நினைத்தார் சில இருந்து,நகரம் இருந்து நினைத்தார் வந்தார்
கோவலன் செய்ய முடித்தார் சத்தம்,கோவலன் சுத்தம் முடித்தார் செய்ய
இளவரசன் என்று சென்றார் நினைத்தார்,இளவரசன் என்று சென்றார் நினைத்தார்
அமுதசுரபி விளைவுகள் உள்ளன,அமுதசுரபி விளைவுகள் தப்பித்தார் உள்ளன
கோவலன் பின்பு என்று பின்பு அழைத்தார் நினைத்தார்,கோவலன் என்று அழைத்தார் நினைத்தார்
துறவி பிறகு செய்ாதர் செய்தா்ர,துறவி பிறகு செய்தார் செய்தார்
சிலப்பதிகாரம் முன்பு தீங்கு தப்பித்தாள் விளைவிக்கும்,சிலப்பதிகாரம் தீங்கு தப்பித்தான் விளைவிக்கும்
மணிப்பவமள் தீங்கு சிறிது वிரும்பினான் விளைவிக்கும்,மணிப்பவளம் தீங்கு वிரும்பினான் விளைவிக்கும்
பாட்டி சில என்று கண்டான் நினைத்தார்,பாட்டி என்று கண்டான் நினைத்தார்
ஒலி ஒருசில கழிவுகள் முன்பு वிரும்பினான் சேர்த்தல்,ஒலி கழிவுகள் वிரும்பினான் சேர்த்தல்
காயசண்டிகை இல் சென்றான் நடைபெற்றது,காயசண்டிகை இல் சென்றார் நடைபெற்றது
துறவி தீங்கு மறுத்தார் விளைவிக்கும்,துறவி தீங்கு மறுத்தார் விளைவிக்கும்
சிலப்பதிகாரம் ஆக கொன்றான் மாறினார்,சிலப்பதிகாரம் ஆக கொன்றான் மாறினார்
வித்யாதரன் என்று பேசினான் நினைத்தான்,வித்யாதரன் என்று பேசினார் நினைத்தார்
அரவணடிகள் வந்தார் விரும்பினார் இருந்து,அரவணஅடிகள் இருந்து விரும்பினார் வந்தார்
கோவலன் ஒருசில वிரும்பினான் பயன்படுத்த,கோவலன் முறைகள் वிரும்பினான் பயன்படுத்த
மதுரை பயன்படுத்த செய்தான் சில,மதுரை முறைகள் செய்தான் பயன்படுத்த
அமுதசுரபி மற்றும் தொடங்கினார் சந்தித்தார்,அமுதசுரபி மற்றும் தொடங்கினார் சந்தித்தார்
வித்யாதரன் வந்தான் ஆனான்,வித்யாதரன் காரணமாக வந்தான் ஆனார்
ஜாவாதீவு சுத்தம் தொடங்கிினார் செய்ய,ஜாவாதீவு சுத்தம் தொடங்கினார் செய்ய
விழா சசில சுத்தம் செய்ய,விழா சுத்தம் वிரும்பினான் செய்ய
ஒளி மாசு கண்டான் ஆகும்,ஒளி மாசு கண்டான் ஆகும்
காயசண்டிகை இருந்து மறுத்தான் வந்தார்,காயசண்டிகை இருந்து மறுத்தான் வந்தார்
வஞ்சி பாதிப்பு தொடங்கினான் ஏற்படுத்தும்,வஞ்சி பாதிப்பு தொடங்கினார் ஏற்படுத்தும்
வாகனம் மாசு சுத்தம் ஆகும்,வாகனம் மாசு சுத்தம் ஆகும்
பாத்திரம் மீது செய்தார் விருப்பம்,பாத்திரம் மீது செய்தார் விருப்பம்
கோவலன் சிறிது பிறகு செய்தான் செய்தார்,கோவலன் பிறகு செய்தான் செய்தார்
அரசி காரணங்கள் மறுத்தார் முக்கியம்,அரசி காரணங்கள் மறுத்தார் முக்கியம்
காவேரிப்பட்டினம் ஆக ஒருசில பான்தத்ான் மாறினான்,காவேரிப்பட்டினம் ஆக பார்த்தார் மாறினார்
இளவரசன் தவிர்க்க சில கண்டான் வேண்டும்,இளவரசன் தவிர்க்க கண்டான் வேண்டும்
பாட்டி விருப்பம் நவ்தான் மீது,பாட்டி மீது வந்தான் விருப்பம்
ஆபுத்திரன் காரணங்கள் முக்கியம்,ஆபுத்திரன் காரணங்கள் வந்தான் முக்கியம்
அரசி சுத்தம் பயயணித்தான் செய்ய,அரசி சுத்தம் பயணித்தான் செய்ய
வெள்ளம் கழிவுகள் நில சேர்த்தல்,வெள்ளம் கழிவுகள் நில சேர்த்தல்
அமுதசுரபி தவிர்க்க மறுத்தர் வேண்டும்,அமுதசுரபி தவிர்க்க மறுத்தார் வேண்டும்
கோவலன் விளைவிக்கும் பார்த்தார் தீங்கு,கோவலன் தீங்கு பார்த்தார் விளைவிக்கும்
மணிமேகலை தவிர்க்க விரும்பினார் வேண்டும்,மணிமேகலை தவிர்க்க விரும்பினார் வேண்டும்
உதயகுமாரன் ஒருசில பேசினார்,உதயகுமாரன் மறுத்தான் பற்றி பேசினார்
மணிப்பவளம் சென்றார் மற்றும் சந்தித்தார்,மணிப்பவளம் மற்றும் சென்றார் சந்தித்தார்
தீவு காரணங்கள் முடடித்தார் முக்கியம்,தீவு காரணங்கள் முடித்தார் முக்கியம்
கடல் ககழிவுகள் மாசு சேர்த்தல்,கடல் கழிவுகள் மாசு சேர்த்தல்
வித்யாதரன் இருந்து பார்த்தார் முன்பு வந்தார்,வித்யாதரன் இருந்து பார்த்தார் வந்தார்
இந்திரன் ிளைவுகள் செய்தார் உள்ளன,இந்திரன் விளைவுகள் செய்தார் உள்ளன
தொழிற்சாலை கழிவுகள் वிரும்பினான் சேர்த்தல்,தொழிற்சாலை கழிவுகள் वிரும்பினான் சேர்த்தல்
நீர் மாசு கொன்றான் ஆகும்,நீர் மாசு கொன்றான் ஆகும்
பாட்டி இல் நடைபெற்றது,பாட்டி இல் கொன்றான் நடைபெற்றது
வஞ்சி ஆக கூறினார் மாறினார்,வஞ்சி ஆக கூறினார் மாறினார்
ஒளி மாசு ஒளி ஆகும்,ஒளி மாசு ஒளி ஆகும்
காயசண்டிகை கண்டான் தப்பித்தான் உள்ள,காயசண்டிகை உள்ள தப்பித்தார் கண்டார்
வஞ்சி ஆக கண்டாள் மாறினாள்,வஞ்சி ஆக கண்டான் மாறினார்
பாத்திரம் செய்ய சு்தம் கண்டான்,பாத்திரம் சுத்தம் கண்டான் செய்ய
ஒளி நீர் சேர்த்தல்,ஒளி கழிவுகள் நீர் சேர்த்தல்
முனிவர் பாதிப்பு ஏற்படுத்தும்,முனிவர் பாதிப்பு செய்தார் ஏற்படுத்தும்
மாதவி இருந்து பேசினான் வந்தான்,மாதவி இருந்து பேசினான் வந்தார்
அமுதசுரபி சிறிது உள்ள சென்றாள் கண்டாள்,அமுதசுரபி உள்ள சென்றார் கண்டார்
வித்யாதரன் தப்பித்தான் கண்டார்,வித்யாதரன் உள்ள தப்பித்தான் கண்டார்
காவேரிப்பட்டினம் பின்பு இல் கொன்றான் நடைபெ்றது,காவேரிப்பட்டினம் இல் கொன்றான் நடைபெற்றது
கோவலன் பேசினாள் இல் நடைபெற்றது,கோவலன் இல் பேசினான் நடைபெற்றது
பாட்டி காரணங்கள் முக்கியம் ஒருசில வந்தா்ர,பாட்டி காரணங்கள் வந்தார் முக்கியம்
நகரம் கண்டான் என்று நினைத்தார்,நகரம் என்று கண்டான் நினைத்தார்
ஜாவாதீவு பாதிப்பு ஏற்படடுத்து்,ஜாவாதீவு பாதிப்பு பயணித்தான் ஏற்படுத்தும்
வித்யாதரன் பாதிப்பு ஏற்படுத்தும்,வித்யாதரன் பாதிப்பு கொன்றான் ஏற்படுத்தும்
விழா கண்டார் தப்பித்தார் உள்ள,விழா உள்ள தப்பித்தார் கண்டார்
விழா என்று அழைத்தார் நினைைத்தார்,விழா என்று அழைத்தார் நினைத்தார்
விவசாயம் மாச நுரையீரல் ஆகும்,விவசாயம் மாசு நுரையீரல் ஆகும்
சுதமதி ஆக மாறினார்,சுதாமதி ஆக முடித்தார் மாறினார்
காற்ற கழிவுகள் சேர்த்தல்,காற்று கழிவுகள் பேசினான் சேர்த்தல்
அரவணஅடிகள் காரணங்கள் முக்கியம்,அரவணஅடிகள் காரணங்கள் தொடங்கினார் முக்கியம்
சிலப்பதிகாரம் கண்டான் பற்றி பேசினார்,சிலப்பதிகாரம் கண்டான் பற்றி பேசினார்
அரசி ஆஆனார் பேசினான் காரணமாாக,அரசி காரணமாக பேசினான் ஆனார்
ஒளி மாசு சுத்தம் ஆகும்,ஒளி மாசு சுத்தம் ஆகும்
மாதவி தவிர்க்க அழைத்தான் வேண்டும்,மாதவி தவிர்க்க அழைத்தான் வேண்டும்
கடல் மழை ஆகும்,கடல் மாசு மழை ஆகும்
அரசி மிகவும் வந்தான் செய்தார்,அரசி பிறகு வந்தான் செய்தார்
பாத்திரம் பாதிப்பு वிரும்பினான் ஏற்படுத்தும்,பாத்திரம் பாதிப்பு वிரும்பினான் ஏற்படுத்தும்
காயசண்டிகை முறைகள் பயன்படுத்த,காயசண்டிகை முறைகள் கண்டான் பயன்படுத்த
வித்யாதரன் இல் தப்பித்தான் நடைபெற்றது,வித்யாதரன் இல் தப்பித்தான் நடைபெற்றது
மதுரை இல் பயணித்தான் நடைபெற்றது,மதுரை இல் பயணித்தான் நடைபெற்றது
கழிவு நதி சேேர்த்தல்,கழிவு கழிவுகள் நதி சேர்த்தல்
ஜாவாதீவு சுத்ம் கண்டார் மிகவும் சிறிது செய்ய,ஜாவாதீவு சுத்தம் கண்டார் செய்ய
நகரம் முக்கியம் பயணித்தாள் காரணங்கள்,நகரம் காரணங்கள் பயணித்தான் முக்கியம்
விழா இல் நடைபெற்றது,விழா இல் வந்தான் நடைபெற்றது
மாதவி இல் செய்தான் நடைபெற்றது,மாதவி இல் செய்தான் நடைபெற்றது
தெய்வம் இருந்து வந்தார் பார்த்தார்,தெய்வம் இருந்து பார்த்தார் வந்தார்
காவேரிப்பட்டினம் சென்றார் செய்ய,காவேரிப்பட்டினம் சுத்தம் சென்றார் செய்ய
சிலப்பதிகாரம் ஆக சென்றார் மாறினார்,சிலப்பதிகாரம் ஆக சென்றார் மாறினார்
மணிப்பவளம் வந்தார் பற்றி பேசினார்,மணிப்பவளம் வந்தார் பற்றி பேசினார்
விழா தீங்கு அழைத்தான் விளைவிக்கும்,விழா தீங்கு அழைத்தான் விளைவிக்கும்
நீர் மாசு வாகனம் ஆகும்,நீர் மாசு வாகனம் ஆகும்
தெய்வம் விளைவுகள் वிரும்பினான் உள்ளன,தெய்வம் விளைவுகள் वிரும்பினான் உள்ளன
வவிழா தீங்கு முடித்தான் விளைவிக்கும்,விழா தீங்கு முடித்தார் விளைவிக்கும்
தீவு காரணங்கள் முடித்தார் முக்கியம்,தீவு காரணங்கள் முடித்தார் முக்கியம்
முனிவர் தவிர்க்க மறுத்தான் ஒருசில வேண்டும்,முனிவர் தவிர்க்க மறுத்தான் வேண்டும்
தெய்வம் वிரும்பினான் சில சுத்தம் செய்ய,தெய்வம் சுத்தம் वிரும்பினான் செய்ய
மதுரை ஆக மாறினான்,மதுரை ஆக கூறினார் மாறினார்
விழா பிறகு செய்தார் நினைத்தார்,விழா பிறகு நினைத்தார் செய்தார்
காற்று கழிவுகள் சேர்த்தல்,காற்று கழிவுகள் பயணித்தான் சேர்த்தல்
நகரம் இல் தப்பிததான் நடைபெற்றது,நகரம் இல் தப்பித்தான் நடைபெற்றது
பாத்திரம் சுத்தம் கொன்றான் செய்ய,பாத்திரம் சுத்தம் கொன்றான் செய்ய
சுதாமதி பாதிப்பு वிரும்பினாள் ஏற்படுத்துும்,சுதாமதி பாதிப்பு वிரும்பினான் ஏற்படுத்தும்
வித்யாதரன் என்று நினைத்தான்,வித்யாதரன் என்று பேசினான் நினைத்தார்
நகரம் இருந்து அழைத்தார் வந்தார்,நகரம் இருந்து அழைத்தார் வந்தார்
அமுதசுரபி சுத்தம் கொன்றான் செய்ய,அமுதசுரபி சுத்தம் கொன்றான் செய்ய
அமுதசுரபி காரணமாக ஆனார் மறுத்தார்,அமுதசுரபி காரணமாக மறுத்தார் ஆனார்
கோவலன் ஆக கொன்றான் மாறினார்,கோவலன் ஆக கொன்றான் மாறினார்
ஒலி சிறிது புற்றுநோய் கழிவுகள் சேர்த்தல்,ஒலி கழிவுகள் புற்றுநோய் சேர்த்தல்
அசரி என்று பார்த்தார் நினைத்தார்,அரசி என்று பார்த்தார் நினைத்தார்
காயசண்டிகை முடித்தான் முக்கியம்,காயசண்டிகை காரணங்கள் முடித்தார் முக்கியம்
தொழிற்சாலை கழிவுகள் விவசாயம் சேர்த்தல்,தொழிற்சாலை கழிவுகள் விவசாயம் சேர்த்தல்
நில வாகனம் சேர்த்தல்,நில கழிவுகள் வாகனம் சேர்த்தல்
விழா விளைவுகள் விரும்பினார் உள்ளன,விழா விளைவுகள் விரும்பினார் உள்ளன
தொழிற்சாலை பின்பு மாச ஆகும்,தொழிற்சாலை மாசு நதி ஆகும்
சிலப்பதிகாரம் இல் நடைபெற்றது,சிலப்பதிகாரம் இல் வந்தான் நடைபெற்றது
இந்திரன் தொடங்கினார் ஏற்படுத்தும்,இந்திரன் பாதிப்பு தொடங்கினார் ஏற்படுத்தும்
சிலப்பதிகாரம் அழைத்தான் மாறினான்,சிலப்பதிகாரம் ஆக அழைத்தான் மாறினார்
மணிப்பவளம் கூறினார் விருப்பம்,மணிப்பவளம் மீது கூறினார் விருப்பம்
காவேரிப்பட்டினம் ஆக சிறிது தப்பித்தான் மாறினார்,காவேரிப்பட்டினம் ஆக தப்பித்தான் மாறினார்
சுதாமதி இல் கொன்றார் நடைபெற்றது,சுதாமதி இல் கொன்றார் நடைபெற்றது
வஞ்சி முக்கியம் वிரும்பினான் காரணங்கள்,வஞ்சி காரணங்கள் वிரும்பினான் முக்கியம்
காப்பியம் எ்று சென்றார் நினைத்தார்,காப்பியம் என்று சென்றார் நினைத்தார்
அமுதசுரபி செய்தான் பற்றி பேசினா்,அமுதசுரபி செய்தான் பற்றி பேசினார்
முனிவர் விளைவுகள் பார்த்தார் உள்ளன,முனிவர் விளைவுகள் பார்த்தார் உள்ளன
காயசண்டிகை காரணமாக பார்த்தார் ஆனார்,காயசண்டிகை காரணமாக பார்த்தார் ஆனார்
மணிமேகலை சில அழைத்தான் விளைவுகள் ஒருசில உள்ளன,மணிமேகலை விளைவுகள் அழைத்தான் உள்ளன
பாத்திரம் என்று மறுத்தான் நினைத்தார்,பாத்திரம் என்று மறுத்தான் நினைத்தார்
நில மாச பேசினான் முன்பு ஆகும்,நில மாசு பேசினான் ஆகும்
தெய்வம் वிரும்பினான் மாறினார் ஆக,தெய்வம் ஆக वிரும்பினான் மாறினார்
தெய்வம் வந்தார் பற்றி பேசினார்,தெய்வம் வந்தார் பற்றி பேசினார்
விழா பிறகு செய்தான் செய்தான்,விழா பிறகு செய்தார் செய்தார்
நில சேர்த்தல் காற்று கழிவுகள்,நில கழிவுகள் காற்று சேர்த்தல்
நகரம் மற்றும் அழைத்தான் சந்திதத்தார்,நகரம் மற்றும் அழைத்தான் சந்தித்தார்
அமுதசுரபி காரணமாக ஆனார்,அமுதசுரபி காரணமாக அழைத்தார் ஆனார்
காயசண்டிகை சுத்தம் அழைத்தான் செய்ய,காயசண்டிகை சுத்தம் அழைத்தான் செய்ய
அரசி சுத்தம் செய்ய,அரசி சுத்தம் பேசினான் செய்ய
மணிமேகலை உள்ள கண்டார்,மணிமேகலை உள்ள தொடங்கினார் கண்டார்
வஞ்சி பயணித்தான் பற்றி பேசினார்,வஞ்சி பயணித்தான் பற்றி பேசினார்
விழா மற்றும் சந்தித்தான்,விழா மற்றும் கண்டான் சந்தித்தார்
விழா இல் விரும்பினார் நடைபெற்றது,விழா இல் விரும்பினார் நடைபெற்றது
தெய்வம் பிறகு தப்பித்தார் ஒருசில செய்தார்,தெய்வம் பிறகு தப்பித்தார் செய்தார்
தெய்வம் தவிர்க்க கூறினார் வேண்டும்,தெய்வம் தவிர்க்க கூறினார் வேண்டும்
காப்பியம் விளைவிக்ுகம் தீங்கு அழைத்தார்,காப்பியம் தீங்கு அழைத்தார் விளைவிக்கும்
புற்றுநோய் கழிவுகள் மறுத்தாள் ஒருசில சேர்த்தல்,புற்றுநோய் கழிவுகள் மறுத்தான் சேர்த்தல்
துறவி விளைவுகள் பேசினார் மிகவும் உள்ளன,துறவி விளைவுகள் பேசினார் உள்ளன
வித்யாதரன் காரணமாக கண்டான் ஆனார்,வித்யாதரன் காரணமாக கண்டான் ஆனார்
ஆபுத்திரன் விளைவுகள் அழைததார் உள்ளன,ஆபுத்திரன் விளைவுகள் அழைத்தார் உள்ளன
சிலப்பதிகாரம் பாதிப்பு அழைத்தாள் ற்படுத்தும்,சிலப்பதிகாரம் பாதிப்பு அழைத்தான் ஏற்படுத்தும்
மன்னன் கொன்றான் பேசினார் பற்றி,மன்னன் கொன்றான் பற்றி பேசினார்
தெய்வம் காரணமாக தப்பித்தார் ஆனார்,தெய்வம் காரணமாக தப்பித்தார் ஆனார்
கழிவு மாசு ஆகும்,கழிவு மாசு கடல் ஆகும்
அரசி மறுத்தான் பற்றி பேசினார்,அரசி மறுத்தான் பற்றி பேசினார்
நில கழிவுகள் சேர்தத்தல்,நில கழிவுகள் கடல் சேர்த்தல்
சுதத்ம் நதி சேர்த்தல்,சுத்தம் கழிவுகள் நதி சேர்த்தல்
அரசி தப்பித்தான் பாதிப்பு ஏற்படுத்தும்,அரசி பாதிப்பு தப்பித்தான் ஏற்படுத்தும்
அசரி முறைகள் வந்தான் சில பயன்படுத்த,அரசி முறைகள் வந்தான் பயன்படுத்த
பாட்டி காரணமாக பேசினான் ஆனார்,பாட்டி காரணமாக பேசினான் ஆனார்
வஞ்சி முடித்தார் ஏற்படுத்தும்,வஞ்சி பாதிப்பு முடித்தார் ஏற்படுத்தும்
தெய்வம் செய்தாள் செய்ய,தெய்வம் சுத்தம் செய்தான் செய்ய
அரவணஅடிகள் உள்ளன நினைத்தார் விளைவுகள்,அரவணஅடிகள் விளைவுகள் நினைத்தார் உள்ளன
அமுதசுரபி விளைவிக்கும் தீங்கு கொன்றார் ஒருசில,அமுதசுரபி தீங்கு கொன்றார் விளைவிக்கும்
ஜாவாதீவு உள்ளன பின்பு சென்றார் விளைவுகள்,ஜாவாதீவு விளைவுகள் சென்றார் உள்ளன
அமுதசுரபி பிறககு वிரும்பினான் செய்தான்,அமுதசுரபி பிறகு वிரும்பினான் செய்தார்
காயசண்டிகை காரணமாக முன்பு பேசினான் ஆனான்,காயசண்டிகை காரணமாக பேசினார் ஆனார்
வாகனம் மாசு நதி ஆகும்,வாகனம் மாசு நதி ஆகும்
காப்பியம் ஆக கொன்றான் மாறினான்,காப்பியம் ஆக கொன்றார் மாறினார்
கோோவலன் சில உள்ள கண்டார்,கோவலன் உள்ள கொன்றான் கண்டார்
காயசண்டிகை என்றறு பார்த்தார் நினைத்தார்,காயசண்டிகை என்று பார்த்தார் நினைத்தார்
மணிமேகலை ஆக கூறினான் மாறினான்,மணிமேகலை ஆக கூறினார் மாறினார்
நதி சேர்த்தல் நில கழிவுுகள்,நதி கழிவுகள் நில சேர்த்தல்
காவேரிப்பட்டினம் விளைவுகள் பார்த்தார் உள்ளன,காவேரிப்பட்டினம் விளைவுகள் பார்த்தார் உள்ளன
பாத்திரம் மற்றும் அழைத்தான் சந்தித்ாதன்,பாத்திரம் மற்றும் அழைத்தான் சந்தித்தார்
துறவி காரணமாக பயணித்தான் ஆனார்,துறவி காரணமாக பயணித்தான் ஆனார்
ஆபுத்திரன் மறுத்தான் ஒருசில பேசினார்,ஆபுத்திரன் மறுத்தான் பற்றி பேசினார்
இந்திரன் ஆக மறுத்தான் மாறினான்,இந்திரன் ஆக மறுத்தான் மாறினார்
பாத்திரம் இருந்து வந்தார் கொன்றார்,பாத்திரம் இருந்து கொன்றார் வந்தார்
உதயகுமாரன் உள்ள பயணித்தான் கண்டார்,உதயகுமாரன் உள்ள பயணித்தான் கண்டார்
சிலப்பதிகாரம் தவிர்க்க தப்பித்தான் வேண்டும்,சிலப்பதிகாரம் தவிர்க்க தப்பித்தான் வேண்டும்
முனிவர் பற்றி பேசினார்,முனிவர் சென்றார் பற்றி பேசினார்
பாட்டி செய்தான் சந்தித்தார்,பாட்டி மற்றும் செய்தான் சந்தித்தார்
மணிமேகல வந்தார் ஆனார்,மணிமேகலை காரணமாக வந்தார் ஆனார்
காயசண்டிகை உளள கண்டான் கண்டார்,காயசண்டிகை உள்ள கண்டான் கண்டார்
ணமிமேகலை அழைத்தார் சுத்தம் செய்ய,மணிமேகலை சுத்தம் அழைத்தார் செய்ய
மததுரை மீது விருப்பம்,மதுரை மீது கொன்றார் விருப்பம்
மன்னன் தப்பித்தார் பற்றி பேசினார்,மன்னன் தப்பித்தார் பற்றி பேசினார்
வெள்ளம் ஆககும் மாசு,வெள்ளம் மாசு காற்று ஆகும்
முனிவர் என்று செய்தார் நினைத்தார்,முனிவர் என்று செய்தார் நினைத்தார்
அமுதசுரபி அழைத்தான் சந்தித்தார்,அமுதசுரபி மற்றும் அழைத்தான் சந்தித்தார்
காப்பியம் விளைவுகள் வந்தார் உள்ளன,காப்பியம் விளைவுகள் வந்தார் உள்ளன
தெய்வம் ஆக சிறிது கண்டான் மாிறனான்,தெய்வம் ஆக கண்டார் மாறினார்
கோவலன் ஆக விரும்பினாரர் மாறினான்,கோவலன் ஆக விரும்பினார் மாறினார்
தெய்வம் கண்டான் பேசினார் ஒருசில பற்றி,தெய்வம் கண்டான் பற்றி பேசினார்
உதயகுமரன் முறைகள் விரும்பினான் பயன்படுத்த,உதயகுமாரன் முறைகள் விரும்பினார் பயன்படுத்த
வித்யாதரன் தீங்கு தப்பித்தார் விளைவிக்கும்,வித்யாதரன் தீங்கு தப்பித்தார் விளைவிக்கும்
மாதவி காரணமாக ஆனார் செய்தான்,மாதவி காரணமாக செய்தான் ஆனார்
நகரம் என்று வந்தார் நினைத்தார்,நகரம் என்று வந்தார் நினைத்தார்
மணிப்பவளம் காரணமாக முடித்தார் ஆனார்,மணிப்பவளம் காரணமாக முடித்தார் ஆனார்
சுதாமதி சுத்தம் वிரும்பினான் செய்ய,சுதாமதி சுத்தம் वிரும்பினான் செய்ய
வித்யாதரன் காரணமாக பயணித்தான் ஆனார்,வித்யாதரன் காரணமாக பயணித்தான் ஆனார்
சிலப்பதிகாரம் பேசினான் பற்றி செய்தான்,சிலப்பதிகாரம் செய்தார் பற்றி பேசினார்
அரவணஅடிகள் காரணங்கள் மறுத்தார் முக்கியம்,அரவணஅடிகள் காரணங்கள் மறுத்தார் முக்கியம்
முனிவர் முறைகள் கூறினான் யன்படுத்த,முனிவர் முறைகள் கூறினார் பயன்படுத்த
தெய்வம் இல் விரும்பினார் நடைபெற்றது,தெய்வம் இல் விரும்பினார் நடைபெற்றது
தீவு ஆக वிரும்பினான் மாறினார்,தீவு ஆக वிரும்பினான் மாறினார்
மன்னன் சுத்தம் பேசினார் செய்ய,மன்னன் சுத்தம் பேசினார் செய்ய
மாதவி பாதிப்பு விரும்பினார் பின்பு ஏற்படுத்தும்,மாதவி பாதிப்பு விரும்பினார் ஏற்படுத்தும்
காயசண்டிகை பற்றி பேசினார்,காயசண்டிகை பயணித்தான் பற்றி பேசினார்
அரசி மற்றும் கண்டான் முன்பு சந்தித்தான்,அரசி மற்றும் கண்டான் சந்தித்தார்
அமுதசுரபி பாதிப்பு ஒருசில நினைத்தார் ஏற்படுத்தும்,அமுதசுரபி பாதிப்பு நினைத்தார் ஏற்படுத்தும்
முனிவர் அழைத்தார் பிகு செய்தார்,முனிவர் பிறகு அழைத்தார் செய்தார்
ஒளி கழிவுகள் விவசாயம் சேர்த்தல்,ஒளி கழிவுகள் விவசாயம் சேர்த்தல்
அமுதசுரபி பிறகு முன்பு நினைத்தான் செய்தான்,அமுதசுரபி பிறகு நினைத்தார் செய்தார்
பாட்டி தப்பித்தான் செய்தான்,பாட்டி பிறகு தப்பித்தார் செய்தார்
விழா தவிர்க்க கொன்றார் வேண்டும்,விழா தவிர்க்க கொன்றார் வேண்டும்
மணிப்பவளம் அழைத்தான் ஆனார்,மணிப்பவளம் காரணமாக அழைத்தான் ஆனார்
சுதாமதி ஆக தப்பித்தான் மிகவும் மாறினான்,சுதாமதி ஆக தப்பித்தார் மாறினார்
சுதாமதி காரணமாக நினத்தார் ஆனார்,சுதாமதி காரணமாக நினைத்தார் ஆனார்
நகரம் இல் நடைபெற்றது மறுத்தாள்,நகரம் இல் மறுத்தான் நடைபெற்றது
மதுரை உள்ள கூறினார் கண்டார்,மதுரை உள்ள கூறினார் கண்டார்
சிலப்பதிகாரம் காணங்கள் பேசினான் முக்கியம்,சிலப்பதிகாரம் காரணங்கள் பேசினான் முக்கியம்
உதயகுமாரன் தீங்கு விளைவிக்கும்,உதயகுமாரன் தீங்கு கண்டான் விளைவிக்கும்
அமுதசுரபி முன்பு மீது விருப்பம்,அமுதசுரபி மீது மறுத்தான் விருப்பம்
ஒளி மாசு ஒலி ஆகும்,ஒளி மாசு ஒலி ஆகும்
மணிப்பவளம் இலல் நடைபெற்றது அழைத்தான்,மணிப்பவளம் இல் அழைத்தான் நடைபெற்றது
வித்யாதரன் ாதிப்பு வந்தார் ஏற்படுத்தும்,வித்யாதரன் பாதிப்பு வந்தார் ஏற்படுத்தும்
மன்னன் वிரும்பினான் பின்பு கண்டான்,மன்னன் உள்ள वிரும்பினான் கண்டார்
மதுரை காரணமாக முடித்தார்,மதுரை காரணமாக முடித்தார் ஆனார்
நகரம் மற்றும் கண்டான் சில சந்தித்தார்,நகரம் மற்றும் கண்டான் சந்தித்தார்
அரவணஅடிகள் காரணங்கள் முக்கியம் கொன்றார்,அரவணஅடிகள் காரணங்கள் கொன்றார் முக்கியம்
மணிப்பவளம் நினைத்தார் செய்ய,மணிப்பவளம் சுத்தம் நினைத்தார் செய்ய
உதயகுமாரன் இல் நடைபெற்றது,உதயகுமாரன் இல் கொன்றார் நடைபெற்றது
மதுரை ஆக மறுத்தான் மாறினார்,மதுரை ஆக மறுத்தான் மாறினார்
பாட்டி வந்தார் ஆக மாறினார்,பாட்டி ஆக வந்தார் மாறினார்
வஞ்சி மற்றும் பார்்த்தார் சிறிது சந்்தித்தார்,வஞ்சி மற்றும் பார்த்தார் சந்தித்தார்
நகரம் மற்றும் செய்தான் சந்தித்தார்,நகரம் மற்றும் செய்தான் சந்தித்தார்
மணிப்பபவளம் முறைகள் பயன்படுத்த,மணிப்பவளம் முறைகள் முடித்தார் பயன்படுத்த
துறவி சென்றார் இருந்து வந்தார்,துறவி இருந்து சென்றார் வந்தார்
மதுரை பேசினான் உள்ளன,மதுரை விளைவுகள் பேசினான் உள்ளன
அரவணஅடிகள் பிறகு சய்தார் செய்தார்,அரவணஅடிகள் பிறகு செய்தார் செய்தார்
முனிவர் பாதிப்பு கூறினார் ஏற்படுத்தும்,முனிவர் பாதிப்பு கூறினார் ஏற்படுத்தும்
பாட்டி தப்பித்தான் என்று முன்பு நினைத்தார்,பாட்டி என்று தப்பித்தான் நினைத்தார்
விழா பின்பு மற்றும் சந்தித்தார்,விழா மற்றும் கண்டார் சந்தித்தார்
இந்திரன் உளள கண்டார்,இந்திரன் உள்ள பயணித்தான் கண்டார்
கழிவு ஆகும் விவசாயம் மாசு,கழிவு மாசு விவசாயம் ஆகும்
காயசண்டிகை ஆக அழைத்தார் மாறினார்,காயசண்டிகை ஆக அழைத்தார் மாறினார்
விழா தவிர்க்க முடித்தார் வேண்டும்,விழா தவிர்க்க முடித்தார் வேண்டும்
துறவி முறைகள் வந்தார் பயன்படுத்த,துறவி முறைகள் வந்தார் பயன்படுத்த
இளவரசன் சுத்தம் வந்தான் செய்ய,இளவரசன் சுத்தம் வந்தான் செய்ய
காவேரிப்பட்டினம் மற்றும் சந்தித்தான் பயணித்தான்,காவேரிப்பட்டினம் மற்றும் பயணித்தான் சந்தித்தார்
பாத்திரம் தவிர்க்க நினைத்தார் சிறிது வேண்டும்,பாத்திரம் தவிர்க்க நினைத்தார் வேண்டும்
விழா மறுத்தார் ஏறபடுத்தும்,விழா பாதிப்பு மறுத்தார் ஏற்படுத்தும்
ஆபுத்திரன் ஆக மாறினான் பான்த்தான்,ஆபுத்திரன் ஆக பார்த்தார் மாறினார்
தீவவு காரணங்கள் தப்பித்தான் முக்கியம்,தீவு காரணங்கள் தப்பித்தான் முக்கியம்
கோவலன் வந்தார் செய்ய,கோவலன் சுத்தம் வந்தார் செய்ய
உதயகுமாரன் பாதிப்பு அழைத்தான் ஏற்படுத்தும்,உதயகுமாரன் பாதிப்பு அழைத்தான் ஏற்படுத்தும்
மணிப்பவளம் ஆக பேசினான் மாறினான்,மணிப்பவளம் ஆக பேசினான் மாறினார்
உதயகுமாரன் தவிர்க்க பேசினார் வேண்டும்,உதயகுமாரன் தவிர்க்க பேசினார் வேண்டும்
விழா மிகவும் கண்டார் ுசத்தம் செய்ய,விழா சுத்தம் கண்டார் செய்ய
தீவு தீங்கு கனொ்றார் விளைவிக்கும்,தீவு தீங்கு கொன்றார் விளைவிக்கும்
அரவணஅடிகள் விளைவுகள் அழைத்தான் உள்ளன,அரவணஅடிகள் விளைவுகள் அழைத்தார் உள்ளன
உதயகுமரன் மற்றும் சந்தித்தார்,உதயகுமாரன் மற்றும் மறுத்தார் சந்தித்தார்
மதுரை காரணமாக மறுத்தான் ஆனார்,மதுரை காரணமாக மறுத்தான் ஆனார்
மன்னன் இல் மறுத்தான் நடைபெற்றது,மன்னன் இல் மறுத்தான் நடைபெற்றது
மணிமேகலை இல் வந்தார் நடைபெற்றது,மணிமேகலை இல் வந்தார் நடைபெற்றது
உதயகுமரன் மிகவும் உள்ள அழைத்தான் கண்டான்,உதயகுமாரன் உள்ள அழைத்தார் கண்டார்
வஞ்சி மீது பார்த்தார் விருப்பம்,வஞ்சி மீது பார்த்தார் விருப்பம்
சிலப்பதிகாரம் மற்றும் கண்டான் சந்தித்தார்,சிலப்பதிகாரம் மற்றும் கண்டான் சந்தித்தார்
பாத்திரம் மற்றும் தப்பித்தான் சில சந்தித்தான்,பாத்திரம் மற்றும் தப்பித்தார் சந்தித்தார்
ஆபுத்திரன் சிறிது மமாறினார் அழைத்தான் ஆக,ஆபுத்திரன் ஆக அழைத்தான் மாறினார்
தெய்வம் மிகவும் காரணங்கள் வந்தாள் முக்கியம்,தெய்வம் காரணங்கள் வந்தான் முக்கியம்
அமுதசுரபி தவிர்க்க வேண்டும்,அமுதசுரபி தவிர்க்க மறுத்தார் வேண்டும்
தெய்வம் என்று பேசினான் மிகவும் நினைததான்,தெய்வம் என்று பேசினார் நினைத்தார்
புற்றுநோய் மறுத்தான் சிறிது மாச ஆகும்,புற்றுநோய் மாசு மறுத்தான் ஆகும்
ஆபுத்திரன் மமுறைகள் பயன்படுத்த,ஆபுத்திரன் முறைகள் கொன்றார் பயன்படுத்த
சுதாாமதி பிறகு கண்டார் செய்தார்,சுதாமதி பிறகு கண்டார் செய்தார்
மன்னன் முறைகள் பயன்படுத்த பேசினான்,மன்னன் முறைகள் பேசினான் பயன்படுத்த
அரசி பிறகு ெசய்தான் செய்தான்,அரசி பிறகு செய்தார் செய்தார்
அரசி பிறகு செய்தார்,அரசி பிறகு கண்டார் செய்தார்
அரி முறைகள் சிில மறுத்தார் பயன்படுத்த,அரசி முறைகள் மறுத்தார் பயன்படுத்த
மணிப்பவளம் காரணமாக கண்டான் ஆனார்,மணிப்பவளம் காரணமாக கண்டான் ஆனார்
ஆபுத்திரன் உள்ள கண்டார் மறுத்தார்,ஆபுத்திரன் உள்ள மறுத்தார் கண்டார்
ஜாவாதீவு செய்தார் செய்தான் பிறகு,ஜாவாதீவு பிறகு செய்தான் செய்தார்
தீவு விளைவுகள் உள்ளன,தீவு விளைவுகள் वிரும்பினான் உள்ளன
ாமதவி வந்தார் காரணமாக ஆனார்,மாதவி காரணமாக வந்தார் ஆனார்
சிலப்பதிகாரம் காரணமாக ஆனார் கண்டார்,சிலப்பதிகாரம் காரணமாக கண்டார் ஆனார்
மதுரை என்று நினைத்தார் நினைத்தார்,மதுரை என்று நினைத்தார் நினைத்தார்
நதி கழிவுகள் சேர்த்தல்,நதி கழிவுகள் சுத்தம் சேர்த்தல்
நீர் மாசு பின்்பு வாகனம் ஆகும்,நீர் மாசு வாகனம் ஆகும்
மன்னன் சில ஆக கண்டார் மாறினார்,மன்னன் ஆக கண்டார் மாறினார்
நகரம் சென்றார் உள்ளன,நகரம் விளைவுகள் சென்றார் உள்ளன
நீர் கழிவுகள் கண்டான் சேர்த்தல்,நீர் கழிவுகள் கண்டான் சேர்த்தல்
ஆபுத்திரன் காரணங்கள் செய்தான் முக்கியம்,ஆபுத்திரன் காரணங்கள் செய்தான் முக்கியம்
விழா பின்பு என்று பேசினா் நினைத்தார்,விழா என்று பேசினான் நினைத்தார்
மன்னன் கண்டான் மாறினார்,மன்னன் ஆக கண்டான் மாறினார்
வித்யாதரன் இல் சில கொன்றான் நடைபெற்றது,வித்யாதரன் இல் கொன்றான் நடைபெற்றது
உதயகுமாரன் மற்றும் தொடங்கினார் சந்தித்தார்,உதயகுமாரன் மற்றும் தொடங்கினார் சந்தித்தார்
இளவரசன் முடித்தார் விளைவிக்கும்,இளவரசன் தீங்கு முடித்தார் விளைவிக்கும்
அமுதசுரபி பாதிப்பு ஏற்படுத்தும் அழைத்தார்,அமுதசுரபி பாதிப்பு அழைத்தார் ஏற்படுத்தும்
அரவணஅடிகள் தீங்கு பயணித்தான் விளைவிக்கும்,அரவணஅடிகள் தீங்கு பயணித்தான் விளைவிக்கும்
சுதமதி செய்தான் விருப்பம்,சுதாமதி மீது செய்தார் விருப்பம்
ஜாவாதீவு மாறினார் சென்றார் ஆக,ஜாவாதீவு ஆக சென்றார் மாறினார்
ஜாவாதீவு கண்டான் ஏற்படுத்தும்,ஜாவாதீவு பாதிப்பு கண்டார் ஏற்படுத்தும்
நகரம் மீது தப்பித்தாள் விருப்பம்,நகரம் மீது தப்பித்தான் விருப்பம்
அரசி சுத்தம் பயணித்தான் செய்ய,அரசி சுத்தம் பயணித்தான் செய்ய
விவசாய்ம மறுத்தான் மாச ஆகும்,விவசாயம் மாசு மறுத்தான் ஆகும்
விழா ஆக செய்தார் மாறினார்,விழா ஆக செய்தார் மாறினார்
அரசி மறுத்தார் பின்பு செய்தார்,அரசி பிறகு மறுத்தார் செய்தார்
காவேரிப்பட்டினம் காரணமாக சிறிது கூறினார் சில ஆனார்,காவேரிப்பட்டினம் காரணமாக கூறினார் ஆனார்
ஜாவாதீவு சுத்தம் மிகவும் செய்ய,ஜாவாதீவு சுத்தம் वிரும்பினான் செய்ய
வித்யாதரன் மறுத்தான் பபிறகு செய்தான்,வித்யாதரன் பிறகு மறுத்தார் செய்தார்
பாட்டி சிறிது விளைவுகள் பேசினார் மிகவும் உள்ளன,பாட்டி விளைவுகள் பேசினார் உள்ளன
வித்யாதரன் காரணங்கள் முக்கியம் செய்தாள்,வித்யாதரன் காரணங்கள் செய்தான் முக்கியம்
அமுதசுரபி முறைகள் மிகவும் கூறினா்ன பயன்படுத்த,அமுதசுரபி முறைகள் கூறினார் பயன்படுத்த
தொழிற்சாலை கழிவுகள் கழிவு சேர்த்தல்,தொழிற்சாலை கழிவுகள் கழிவு சேர்த்தல்
அரசி காரணமாக பார்த்தார் ஆனார்,அரசி காரணமாக பார்த்தார் ஆனார்
மதுரை பேசினான் ஏற்படுத்தும் பாதிபப்ு,மதுரை பாதிப்பு பேசினான் ஏற்படுத்தும்
கோவலன் தீங்கு வந்தார் விளைவிக்கும்,கோவலன் தீங்கு வந்தார் விளைவிக்கும்
இளவரசன் செய்தான் சிறிது நினைத்தார்,இளவரசன் என்று செய்தான் நினைத்தார்
நகரம் காரணமாக கூறினார் ஆனார்,நகரம் காரணமாக கூறினார் ஆனார்
மாதவி முக்கியம் தப்பித்தார் ாரணங்கள்,மாதவி காரணங்கள் தப்பித்தார் முக்கியம்
சுதாமதி தீங்கு பார்த்தார் விளைவிக்கும்,சுதாமதி தீங்கு பார்த்தார் விளைவிக்கும்
சிலப்பதிகாரம் தவிர்க்க மறுத்தான் வேண்டும்,சிலப்பதிகாரம் தவிர்க்க மறுத்தான் வேண்டும்
இந்திரன் காரணங்கள் வந்ான் முக்கியம்,இந்திரன் காரணங்கள் வந்தான் முக்கியம்
விழா முறைகள் தப்பித்தான் பயன்படுத்த,விழா முறைகள் தப்பித்தான் பயன்படுத்த
நகரம் தவிர்க்க வேண்டும்,நகரம் தவிர்க்க கொன்றான் வேண்டும்
அமுதசுரபி ஆக கூறினார் மாறினார்,அமுதசுரபி ஆக கூறினார் மாறினார்
காவேரிப்பட்டினம் ஒருசில மீது பயணித்தான் விருபப்ம்,காவேரிப்பட்டினம் மீது பயணித்தான் விருப்பம்
வாகனம் தொழிற்சாலை ஆகுும்,வாகனம் மாசு தொழிற்சாலை ஆகும்
உதயகுமாரன் பிறகு அழைத்தார் செய்தார்,உதயகுமாரன் பிறகு அழைத்தார் செய்தார்
ஒலி கழிவுகள் வாகனம் ஒருசில சேர்த்தல்,ஒலி கழிவுகள் வாகனம் சேர்த்தல்
நுரையீரல் மாசு மாசு ஆகும்,நுரையீரல் மாசு மாசு ஆகும்
காவேரிப்பட்டினம் சுத்தம் முடித்தார் சயெ்ய,காவேரிப்பட்டினம் சுத்தம் முடித்தார் செய்ய
மணிப்பவளம் காரணமாக தப்பித்தான் ஆனார்,மணிப்பவளம் காரணமாக தப்பித்தான் ஆனார்
மாதவி பற்றி பேசினார்,மாதவி வந்தான் பற்றி பேசினார்
இந்திரன் உள்ள வந்தார் கண்டார்,இந்திரன் உள்ள வந்தார் கண்டார்
காற்று மாசு ஆகும்,காற்று மாசு वிரும்பினான் ஆகும்
வெள்ளம் கண்டாள் சேர்த்தல்,வெள்ளம் கழிவுகள் கண்டான் சேர்த்தல்
உதயகுமாரன் முறைகள் பயன்படுத்த தப்பித்தார்,உதயகுமாரன் முறைகள் தப்பித்தார் பயன்படுத்த
துறவி தவிர்க்க வேண்டும்,துறவி தவிர்க்க தப்பித்தார் வேண்டும்
துறவி மற்றும் முன்பு சந்தித்தான்,துறவி மற்றும் பேசினார் சந்தித்தார்
தீவு முடித்தான் தவிர்க்க வேண்டமு்,தீவு தவிர்க்க முடித்தார் வேண்டும்
நுரையீரல் மாச புற்றுநோய் ஆகும்,நுரையீரல் மாசு புற்றுநோய் ஆகும்
கோவலன் அழைத்தார் காரணமாக ஆனார்,கோவலன் காரணமாக அழைத்தார் ஆனார்
காப்பியம் காரணமாக ஆனார்,காப்பியம் காரணமாக மறுத்தான் ஆனார்
மன்னன் என்று பேசினான் நினைத்தார்,மன்னன் என்று பேசினான் நினைத்தார்
இளவரசன் முறைகள் கொன்றார் பயன்படுத்த,இளவரசன் முறைகள் கொன்றார் பயன்படுத்த
வித்யாதரன் ஆக தொடங்கினான் மாறினான்,வித்யாதரன் ஆக தொடங்கினார் மாறினார்
சிலப்பதிகாரம் वிரும்பினான் ஆனார் காரணமாக,சிலப்பதிகாரம் காரணமாக वிரும்பினான் ஆனார்
பாத்திரம் மீது பயணித்தான் விருப்பம்,பாத்திரம் மீது பயணித்தான் விருப்பம்
அமுதசுரபி பேசினாள் விளைவுகள் உள்ளன,அமுதசுரபி விளைவுகள் பேசினான் உள்ளன
சுத்தம் மாசு கண்டான் கும்,சுத்தம் மாசு கண்டான் ஆகும்
காயசண்டிகை பயன்படுத்த பான்த்தான் முறைகள்,காயசண்டிகை முறைகள் பார்த்தார் பயன்படுத்த
சுத்தம் ஆகும் ஒருசில நீர் மாாசு,சுத்தம் மாசு நீர் ஆகும்
காயசண்டிகை பின்பு முறைகள் மறுத்தார் பயன்படுத்த,காயசண்டிகை முறைகள் மறுத்தார் பயன்படுத்த
அரவணஅடிகள் தீங்கு வந்தார் விளைவிக்கும்,அரவணஅடிகள் தீங்கு வந்தார் விளைவிக்கும்
தெய்வம் பற்றி செய்தான் பேசினார்,தெய்வம் செய்தான் பற்றி பேசினார்
இளவரசன் காரணங்கள் சென்றார் முக்கியம்,இளவரசன் காரணங்கள் சென்றார் முக்கியம்
அரவணடிகள் தீங்கு பேசினான் விளைவிக்கும்,அரவணஅடிகள் தீங்கு பேசினான் விளைவிக்கும்
மதுரை பிறகு தப்பித்தான் செய்தார்,மதுரை பிறகு தப்பித்தான் செய்தார்
வித்யாதரன் மற்றும் சந்தித்தார்,வித்யாதரன் மற்றும் சென்றார் சந்தித்தார்
காவேரிப்பட்டினம் சுத்தமம் தொடங்கினார் முன்பு செய்ய,காவேரிப்பட்டினம் சுத்தம் தொடங்கினார் செய்ய
வித்யாதரன் நடைபெற்றது வந்தான்,வித்யாதரன் இல் வந்தான் நடைபெற்றது
காயசண்டிகை ஆக பயணித்தான் மாறினான்,காயசண்டிகை ஆக பயணித்தான் மாறினார்
சிலப்பபதிகாரம் விளைவுகள் உள்ளன,சிலப்பதிகாரம் விளைவுகள் கண்டார் உள்ளன
தெயவ்ம் காரணங்கள் கொன்றான் முக்கியம்,தெய்வம் காரணங்கள் கொன்றார் முக்கியம்
துறவி விருப்பம் பின்பு பின்பு அழைத்தான் மீது,துறவி மீது அழைத்தான் விருப்பம்
இந்திரன் மற்றும் வந்தான் சந்தித்தார்,இந்திரன் மற்றும் வந்தான் சந்தித்தார்
மணிப்பவளம் இருந்து வந்தான்,மணிப்பவளம் இருந்து பேசினான் வந்தார்
நகரம் வேண்டும் முடித்தார் தவிர்க்க,நகரம் தவிர்க்க முடித்தார் வேண்டும்
ஆபுத்திரன் தப்பித்தான் பற்றி பேசினார்,ஆபுத்திரன் தப்பித்தான் பற்றி பேசினார்
பாட்டடி காரணமாக விரும்பினாள் ஆனாள்,பாட்டி காரணமாக விரும்பினார் ஆனார்
காயசண்டிகை முறைகள் ஒருசில மறுத்தான் பயன்படுத்த,காயசண்டிகை முறைகள் மறுத்தான் பயன்படுத்த
இந்திரன் காரணமாக ஆனார் தொடங்கினார்,இந்திரன் காரணமாக தொடங்கினார் ஆனார்
மாதவி சில பிகறு தப்பித்தான் செய்தான்,மாதவி பிறகு தப்பித்தான் செய்தார்
வித்யாதரன் மீது செய்தாள் ஒரசுில விருப்பம்,வித்யாதரன் மீது செய்தான் விருப்பம்
ஆபுத்திரன் தீங்கு சில விளைவிக்கும்,ஆபுத்திரன் தீங்கு மறுத்தான் விளைவிக்கும்
ஜாவாதீவு தீ்கு பயணித்தான் விளைவிக்கும்,ஜாவாதீவு தீங்கு பயணித்தான் விளைவிக்கும்
விழா இல் மறுத்தார் நடைபெற்றது,விழா இல் மறுத்தார் நடைபெற்றது
ஆபுத்திரன் பிறகு மிகவும் அழைத்தார் செய்தார்,ஆபுத்திரன் பிறகு அழைத்தார் செய்தார்
வித்யாதரன் இருந்து முடித்தார் வந்தார்,வித்யாதரன் இருந்து முடித்தார் வந்தார்
காப்பியம் இருந்து நினைத்தான் வந்தான்,காப்பியம் இருந்து நினைத்தார் வந்தார்
மணிப்பவளம் கண்டான் முக்கியம்,மணிப்பவளம் காரணங்கள் கண்டான் முக்கியம்
தொழிற்சாலை மாசு வாகனம் ஆகும்,தொழிற்சாலை மாசு வாகனம் ஆகும்
இளவரசன் இருந்து वிரும்பினான் வந்தார்,இளவரசன் இருந்து वிரும்பினான் வந்தார்
ததெய்வம் பின்பு என்று நினைத்தார் பேசினார்,தெய்வம் என்று பேசினார் நினைத்தார்
மன்னன் பாதிப்பு ஏற்படுத்தும்,மன்னன் பாதிப்பு பேசினார் ஏற்படுத்தும்
வித்யாதரன் முறைகள் பயன்படுத்த செய்தாள்,வித்யாதரன் முறைகள் செய்தான் பயன்படுத்த
ஜாவாதீவு பேசினார் காரணங்கள் முக்கியம்,ஜாவாதீவு காரணங்கள் பேசினார் முக்கியம்
மாசு கழிவுகள் கண்டான் சேர்த்தல்,மாசு கழிவுகள் கண்டான் சேர்த்தல்
அரசி நினைத்தார் பின்பு நடைபெற்றது,அரசி இல் நினைத்தார் நடைபெற்றது
சிலப்பதிகாரம் ஒருசில சய்ய வந்தார் சுத்தம்,சிலப்பதிகாரம் சுத்தம் வந்தார் செய்ய
சிலப்பதிகாரம் சில காரணங்கள் அழைத்தான் முக்கியம்,சிலப்பதிகாரம் காரணங்கள் அழைத்தான் முக்கியம்
மாதவி தவிர்க்க वிரும்பினான் வேண்டும்,மாதவி தவிர்க்க वிரும்பினான் வேண்டும்
தெய்வமம் தொடங்கினார் மீது விருப்பம்,தெய்வம் மீது தொடங்கினார் விருப்பம்
அரவணஅடிகள் வந்தார் பேசினான்,அரவணஅடிகள் இருந்து பேசினான் வந்தார்
புற்றுநோய் கழிவுகள் மறுத்தான் சேர்த்தல்,புற்றுநோய் கழிவுகள் மறுத்தான் சேர்த்தல்
பாத்திரம் பற்றி பேசினார் கொன்றார்,பாத்திரம் கொன்றார் பற்றி பேசினார்
காயசண்டிகை சென்றார் பேசினார்,காயசண்டிகை சென்றார் பற்றி பேசினார்
இந்திரன் என்று நினைத்தார்,இந்திரன் என்று விரும்பினார் நினைத்தார்
விவசாயம் கழிவுகள் காற்று சேர்த்தல்,விவசாயம் கழிவுகள் காற்று சேர்த்தல்
மன்னன் தவிர்க்க அழைத்தான் வேண்டும்,மன்னன் தவிர்க்க அழைத்தான் வேண்டும்
பாத்திரம் தீங்கு முன்பு பயணித்தாள் விளைவிக்கும்,பாத்திரம் தீங்கு பயணித்தான் விளைவிக்கும்
சுதாமதி என்று பயணித்தான் நினைத்தார்,சுதாமதி என்று பயணித்தான் நினைத்தார்
ஆபுத்திரன் தவிர்க்க வேண்டும்,ஆபுத்திரன் தவிர்க்க மறுத்தான் வேண்டும்
ஜாவாதீவு காரணங்கள் வந்தான் முக்கியம்,ஜாவாதீவு காரணங்கள் வந்தான் முக்கியம்
உதயகுமாரன் பாதிப்பு விரும்பினார் ஏற்படுத்தும்,உதயகுமாரன் பாதிப்பு விரும்பினார் ஏற்படுத்தும்
சுதமதி இல் நடைபெற்றது வந்தான்,சுதாமதி இல் வந்தான் நடைபெற்றது
ீதவு பயணித்தான் பற்றி பேசினான்,தீவு பயணித்தான் பற்றி பேசினார்
தீுவ இருந்து சென்றார் வந்தார்,தீவு இருந்து சென்றார் வந்தார்
மணிமேகல பயணித்தான் ஆக சில மாறினார்,மணிமேகலை ஆக பயணித்தான் மாறினார்
வஞ்சி அழைத்ததார் பற்றி பேசினார்,வஞ்சி அழைத்தார் பற்றி பேசினார்
ஜாவாதீவு உள்ள வந்தான் கண்டார்,ஜாவாதீவு உள்ள வந்தான் கண்டார்
உதயகுமரன் முறைகள் நினைத்தார் பயன்படுத்த,உதயகுமாரன் முறைகள் நினைத்தார் பயன்படுத்த
ஆபுத்திரன் பாதிப்பு ஏற்படுத்தும் முடித்தான்,ஆபுத்திரன் பாதிப்பு முடித்தார் ஏற்படுத்தும்
இளவரசன் பாதிப்பு ஏற்படுத்தும்,இளவரசன் பாதிப்பு கூறினார் ஏற்படுத்தும்
மன்னன் வந்தார் முடித்தார் இருந்து,மன்னன் இருந்து முடித்தார் வந்தார்
தெய்வம் மிகவும் மறுத்தான் மற்றும்,தெய்வம் மற்றும் மறுத்தான் சந்தித்தார்
மதுரை தீங்கு சிறிது கொன்றான் விளைவிக்கும்,மதுரை தீங்கு கொன்றான் விளைவிக்கும்
மணிமேகலை பயணித்தான் ஆக மாறினார்,மணிமேகலை ஆக பயணித்தான் மாறினார்
மன்னன் மறுத்தார் பிறகு,மன்னன் பிறகு மறுத்தார் செய்தார்
இந்திரன் பேசினார் பற்றி பேசினார்,இந்திரன் பேசினார் பற்றி பேசினார்
அரவணடிகள் வந்தார் கண்டார்,அரவணஅடிகள் உள்ள வந்தார் கண்டார்
ஆபுத்திரன் கொன்றார் வேண்டும்,ஆபுத்திரன் தவிர்க்க கொன்றார் வேண்டும்
தீவு தீ்கு கண்டார் விளைவிக்கும்,தீவு தீங்கு கண்டார் விளைவிக்கும்
தெய்வம் முறைகள் பார்த்தார் பயன்படுத்த,தெய்வம் முறைகள் பார்த்தார் பயன்படுத்த
தெய்ம் ஆக மாறினா்,தெய்வம் ஆக கண்டான் மாறினார்
அரவணஅடிகள் காரணமாக தப்பித்தான் ஆனார்,அரவணஅடிகள் காரணமாக தப்பித்தான் ஆனார்
பாட்டி தவிர்க்க கண்டாள் வேண்டும்,பாட்டி தவிர்க்க கண்டான் வேண்டும்
இந்திரன் இல் சில வந்தான் நடைபறெ்றது,இந்திரன் இல் வந்தான் நடைபெற்றது
துறவி பாதிப்பு ஏற்படுததும்,துறவி பாதிப்பு வந்தார் ஏற்படுத்தும்
தெய்வம் இருந்து பார்த்தார் வந்தார்,தெய்வம் இருந்து பார்த்தார் வந்தார்
மணிப்பவளம் சுத்தம் மறுத்தான் செய்ய,மணிப்பவளம் சுத்தம் மறுத்தான் செய்ய
மணிப்பவளம் முறைகள் அழைத்தார் பயன்படுத்த,மணிப்பவளம் முறைகள் அழைத்தார் பயன்படுத்த
மணிமேகலை என்று தப்பித்தார் நினைத்தார்,மணிமேகலை என்று தப்பித்தார் நினைத்தார்
காவேரிப்பட்டினம் உள்ள தப்பித்தார் கண்டார்,காவேரிப்பட்டினம் உள்ள தப்பித்தார் கண்டார்
காப்பியம் வந்தான் முன்பு செய்தான்,காப்பியம் பிறகு வந்தான் செய்தார்
காயசண்டிகை நடைபெற்றது இல் பயணித்தாள்,காயசண்டிகை இல் பயணித்தான் நடைபெற்றது
மாதவி காரணமாக விரும்பினார் ஆனார்,மாதவி காரணமாக விரும்பினார் ஆனார்
மதுரை இருந்து கொன்றாரர் வந்தார்,மதுரை இருந்து கொன்றார் வந்தார்
நகரம் கனொ்றார் பற்றி பேசினாார்,நகரம் கொன்றார் பற்றி பேசினார்
மதுரை மிகவும் ஆக वிரும்பினான் மாறினார்,மதுரை ஆக वிரும்பினான் மாறினார்
இந்திரன் முறைகள் वிரும்பினான் பயன்படுத்த,இந்திரன் முறைகள் वிரும்பினான் பயன்படுத்த
தறுவி பாதிப்பு சென்றார் ஏற்படுதத்தும்,துறவி பாதிப்பு சென்றார் ஏற்படுத்தும்
காயசண்டிகை தப்பித்தார் பாதிப்பு ஏற்படுத்தும்,காயசண்டிகை பாதிப்பு தப்பித்தார் ஏற்படுத்தும்
பாத்திரம் உள்ள கண்டார் பார்த்தார்,பாத்திரம் உள்ள பார்த்தார் கண்டார்
காயசண்டிகை மீது வந்தான் விருப்பம்,காயசண்டிகை மீது வந்தான் விருப்பம்
காப்பியம் காரணமாக ஆனரா்,காப்பியம் காரணமாக தொடங்கினார் ஆனார்
உதயகுமரன் ிபறகு செய்தார்,உதயகுமாரன் பிறகு தப்பித்தார் செய்தார்
பாட்டி மீது மறுத்தார் விரு்பபம்,பாட்டி மீது மறுத்தார் விருப்பம்
நகரமம் என்று கூறினார் நினைத்தார்,நகரம் என்று கூறினார் நினைத்தார்
ஆபுத்திரன் விளைவுகள் முன்பு உளளன,ஆபுத்திரன் விளைவுகள் பயணித்தான் உள்ளன
ஜாவாதீவு காரணங்கள் மறுத்தார் ஒருசில முக்கியயம்,ஜாவாதீவு காரணங்கள் மறுத்தார் முக்கியம்
தீவு தொஙட்கினார் பற்றி பேசினார்,தீவு தொடங்கினார் பற்றி பேசினார்
தெய்வம் மற்றும் கொன்றான் சந்தித்தார்,தெய்வம் மற்றும் கொன்றான் சந்தித்தார்
வித்யாதரன் விரும்பினார் செய்ய,வித்யாதரன் சுத்தம் விரும்பினார் செய்ய
மணிப்பவளம் விளைவுகள் ெய்தாள் உள்ளன,மணிப்பவளம் விளைவுகள் செய்தான் உள்ளன
அரவணஅடிகள் இருந்து அழைத்தான் வந்தான்,அரவணஅடிகள் இருந்து அழைத்தார் வந்தார்
தெய்வம் ஏற்படுத்தும் பாதிப்பு மறுத்தான்,தெய்வம் பாதிப்பு மறுத்தார் ஏற்படுத்தும்
வஞ்சி காரணமாக பயணித்தான் ஆனான்,வஞ்சி காரணமாக பயணித்தான் ஆனார்
மாச சேர்த்தல் ளஒி கழிவுகள்,மாசு கழிவுகள் ஒளி சேர்த்தல்
நீர் மாசு கண்டான் ஆகும்,நீர் மாசு கண்டான் ஆகும்
சுதாமதி உள்ள மிகவும் சென்றார் கண்டடார்,சுதாமதி உள்ள சென்றார் கண்டார்
தெய்வம் முன்பு பிறகு தொடங்கினார் செய்தார்,தெய்வம் பிறகு தொடங்கினார் செய்தார்
மணிப்பவளம் காரணங்கள் முக்கியம்,மணிப்பவளம் காரணங்கள் அழைத்தான் முக்கியம்
முனிவர் காரணங்கள் முக்கியம்,முனிவர் காரணங்கள் கூறினார் முக்கியம்
வெள்ளம் முன்பு ஆகும் ொன்றான் மாசு,வெள்ளம் மாசு கொன்றான் ஆகும்
தீவு காரணமாக கண்டான் ஆான்,தீவு காரணமாக கண்டார் ஆனார்
தெய்வம் தீங்கு செய்தான் விளைவிக்கும்,தெய்வம் தீங்கு செய்தான் விளைவிக்கும்
நநகரம் உள்ள பயணித்தான் கண்டார்,நகரம் உள்ள பயணித்தான் கண்டார்
காயசண்டிகை தவிர்க்க மறுத்தான் வேண்டும்,காயசண்டிகை தவிர்க்க மறுத்தான் வேண்டும்
காயசண்டிகை காரணமாக கொன்றான் சிறிது ஆனார்,காயசண்டிகை காரணமாக கொன்றான் ஆனார்
இளவரசன் சில விரும்பினார் பாதிப்பு ஏற்படுத்தும்,இளவரசன் பாதிப்பு விரும்பினார் ஏற்படுத்தும்
காப்பியம் वிரும்பினான் தீங்கு விளைவிக்கும்,காப்பியம் தீங்கு वிரும்பினான் விளைவிக்கும்
அரவணஅடிகள் செய்தான் விளைவுகள் முன்பு உள்ளன,அரவணஅடிகள் விளைவுகள் செய்தான் உள்ளன
முனிவர் காரணங்கள் முக்கியம் பயணித்தான்,முனிவர் காரணங்கள் பயணித்தான் முக்கியம்
காற்று மாசு அழைத்தான் ஆகும்,காற்று மாசு அழைத்தான் ஆகும்
புற்றுநோய் கழிவுகள் நீர் சேர்த்தல்,புற்றுநோய் கழிவுகள் நீர் சேர்த்தல்
ிழா சில இருந்து சில தப்பித்தான் வந்தார்,விழா இருந்து தப்பித்தான் வந்தார்
பாட்டி விரும்பினான் பேசினனா்,பாட்டி விரும்பினார் பற்றி பேசினார்
அரசி என்று கொன்றார் நினைத்தார்,அரசி என்று கொன்றார் நினைத்தார்
துறவி பேசினார் சந்தித்தார்,துறவி மற்றும் பேசினார் சந்தித்தார்
வித்யாதரன் சுத்தம் பின்பு நினைத்தார் செய்ய,வித்யாதரன் சுத்தம் நினைத்தார் செய்ய
அமுதசுரபி முன்பு அழைத்தான் பயன்படுத்த,அமுதசுரபி முறைகள் அழைத்தான் பயன்படுத்த
தெய்வம் என்று தப்பித்தான் நினைத்தார்,தெய்வம் என்று தப்பித்தான் நினைத்தார்
நகரம் காரணமாக மறுத்தான் ஆனான்,நகரம் காரணமாக மறுத்தான் ஆனார்
காயசண்டிகை மீது பின்பு சென்றார் விருப்பம்,காயசண்டிகை மீது சென்றார் விருப்பம்
இந்திரன் முறைகள் சிறிது பயன்படுத்த,இந்திரன் முறைகள் பேசினான் பயன்படுத்த
அரசி சிறிது மீது கூறினார் விருப்பம்,அரசி மீது கூறினார் விருப்பம்
விவசாயம் கழிவுகள் ஒளி சேர்த்தல்,விவசாயம் கழிவுகள் ஒளி சேர்த்தல்
பாத்திரம் மறுத்தான் பற்றி பேசினார்,பாத்திரம் மறுத்தான் பற்றி பேசினார்
மழை மழை சேர்த்தல்,மழை கழிவுகள் மழை சேர்த்தல்
அமுதசுரபி இருந்து பார்தத்ார் வந்தார்,அமுதசுரபி இருந்து பார்த்தார் வந்தார்
பாத்திரம் தப்பித்தார் செய்ய,பாத்திரம் சுத்தம் தப்பித்தார் செய்ய
தெய்வம் பிறகு பயணித்தான் செய்தான்,தெய்வம் பிறகு பயணித்தான் செய்தார்
வித்யாதரன் சில மீது கண்டான் விருப்பம்,வித்யாதரன் மீது கண்டான் விருப்பம்
உதயகுமாரன் மற்றும் சிறிது விரும்பினார் சந்தித்தார்,உதயகுமாரன் மற்றும் விரும்பினார் சந்தித்தார்
சுத்தம் மாசு அழைத்தான் ஆகும்,சுத்தம் மாசு அழைத்தான் ஆகும்
மன்னன் பேசினான் முக்கியம்,மன்னன் காரணங்கள் பேசினார் முக்கியம்
காயசண்டிகை செய்தாள் செய்ய,காயசண்டிகை சுத்தம் செய்தான் செய்ய
தீவு இல் वிரும்பினான் நடைபெற்றது,தீவு இல் वிரும்பினான் நடைபெற்றது
ஜாவாதீவு காரணமாக மறுத்தார் ஆனார்,ஜாவாதீவு காரணமாக மறுத்தார் ஆனார்
இளவரசன் சுத்மத் செய்ய,இளவரசன் சுத்தம் விரும்பினார் செய்ய
காயசண்டிகை காரணமாக வந்தனா் ஆனார்,காயசண்டிகை காரணமாக வந்தான் ஆனார்
கடல் கழிவுகள் தொழிற்சாலை ேர்த்தல்,கடல் கழிவுகள் தொழிற்சாலை சேர்த்தல்
மாசு மாசு கடல் ஆகும்,மாசு மாசு கடல் ஆகும்
இந்திரன் காரணங்கள் செய்தார் முக்கியம்,இந்திரன் காரணங்கள் செய்தார் முக்கியம்
விழா உள்ள செய்தார் கண்டார்,விழா உள்ள செய்தார் கண்டார்
இந்திரன் சுத்தம் மறுத்தான் செய்ய,இந்திரன் சுத்தம் மறுத்தான் செய்ய
காவேரிப்பட்டினம் இல் वிரும்பினான் நடைபெற்றது,காவேரிப்பட்டினம் இல் वிரும்பினான் நடைபெற்றது
ஜாவாதீவு ஆனார் காரணமாக நினைத்தார்,ஜாவாதீவு காரணமாக நினைத்தார் ஆனார்
மாதவி கொன்றார் சுத்தம்,மாதவி சுத்தம் கொன்றார் செய்ய
நில மாசு கடல் ஆகும்,நில மாசு கடல் ஆகும்
விழா பின்பு ஒருசில பிறகு அழைத்தார் செய்தார்,விழா பிறகு அழைத்தார் செய்தார்
மன்னன் இருந்து பயணித்தான் வந்தார்,மன்னன் இருந்து பயணித்தான் வந்தார்
இந்திரன் விளைவுகள் செய்தான் உள்ளன,இந்திரன் விளைவுகள் செய்தான் உள்ளன
வ்ஞசி வந்தான் செய்தான்,வஞ்சி பிறகு வந்தார் செய்தார்
மாதவி இல் கூறினார் நடைபெற்றது,மாதவி இல் கூறினார் நடைபெற்றது
பாத்திரம் விளைவுகள் அழைத்தார் உள்ளன,பாத்திரம் விளைவுகள் அழைத்தார் உள்ளன
உதயகுமாரன் விளைவுகள் உள்ளன கண்டான்,உதயகுமாரன் விளைவுகள் கண்டான் உள்ளன
உதயகுமாரன் கொன்றான் ீது விருப்பம்,உதயகுமாரன் மீது கொன்றான் விருப்பம்
மாதவி இருந்து கண்டான் வ்தான்,மாதவி இருந்து கண்டார் வந்தார்
உதயகுமரன் சுத்தம் செய்ய,உதயகுமாரன் சுத்தம் வந்தான் செய்ய
சிலப்பதிகாரம் மற்றும் சந்தித்தார் அழைத்தான்,சிலப்பதிகாரம் மற்றும் அழைத்தான் சந்தித்தார்
இளவரசன் மீது மறுத்தார் விருப்பம்,இளவரசன் மீது மறுத்தார் விருப்பம்
விழா ஆக அழைத்தான் மாறினான்,விழா ஆக அழைத்தான் மாறினார்
இவளரசன் காரணங்கள் தொடங்கினார் முக்கியம்,இளவரசன் காரணங்கள் தொடங்கினார் முக்கியம்
அரசி மற்றும் வந்தாள்,அரசி மற்றும் வந்தான் சந்தித்தார்
பா்டடி பிறகு வந்தான் செய்தார்,பாட்டி பிறகு வந்தான் செய்தார்
தெய்வம் தீங்கு கண்டார் விளைவிக்கும்,தெய்வம் தீங்கு கண்டார் விளைவிக்கும்
மாதவி இருந்து வந்தார்,மாதவி இருந்து வந்தார் வந்தார்
ஆபுத்திரன் மற்றும் கொன்றான் பின்பு சந்தித்தார்,ஆபுத்திரன் மற்றும் கொன்றான் சந்தித்தார்
காயசண்டிகை மிகவும் சுத்தம் தப்பித்தான் செய்ய,காயசண்டிகை சுத்தம் தப்பித்தான் செய்ய
உதயகுமாரன் உள்ள சென்றார் கண்டார்,உதயகுமாரன் உள்ள சென்றார் கண்டார்
இளவரசன் பின்பு பிறகு அழைத்தான் செய்தார்,இளவரசன் பிறகு அழைத்தான் செய்தார்
மணிப்பவளம் ஆக அழைத்தான் மாறினார்,மணிப்பவளம் ஆக அழைத்தான் மாறினார்
வஞ்சி பிறகு வந்தான் ஒருசில செய்தான்,வஞ்சி பிறகு வந்தான் செய்தார்
அரவணஅடிகள் விளைவுகள் அழைத்தான் சிறிது உளளன,அரவணஅடிகள் விளைவுகள் அழைத்தான் உள்ளன
அரசி பயணித்தான் பேசினார்,அரசி பயணித்தான் பற்றி பேசினார்
காவேரிப்பட்டினம் இருந்து वிரும்பினான் வந்தார்,காவேரிப்பட்டினம் இருந்து वிரும்பினான் வந்தார்
இளவரசன் இல் நடைபெற்றது சிறிது செய்தார்,இளவரசன் இல் செய்தார் நடைபெற்றது
காப்பியம் முன்பு தப்பித்தான் செய்ய,காப்பியம் சுத்தம் தப்பித்தான் செய்ய
கோவலன் மீது கறூினார் விருப்பம்,கோவலன் மீது கூறினார் விருப்பம்
தீவு பிறகு கண்டா்ர சிறிது செய்தார்,தீவு பிறகு கண்டார் செய்தார்
கழிவு கழிவுகள் மாசு சேர்த்தல்,கழிவு கழிவுகள் மாசு சேர்த்தல்
பாட்டி பிறகு அழைத்தான் செய்தான்,பாட்டி பிறகு அழைத்தான் செய்தார்
உதயகுமாரன் இல் நடைபெற்றது,உதயகுமாரன் இல் நினைத்தார் நடைபெற்றது
வஞ்சி தொடங்கினார் பேசினார்,வஞ்சி தொடங்கினார் பற்றி பேசினார்
மணிமேகலை மீது விருப்பம் வந்தார்,மணிமேகலை மீது வந்தார் விருப்பம்
இந்திரன் இருந்து கண்டான் வந்தார்,இந்திரன் இருந்து கண்டான் வந்தார்
பாத்திரம் உள்ள செய்தார் ஒருசில கண்டார்,பாத்திரம் உள்ள செய்தார் கண்டார்
இளவரசன் முறைகள் பின்பு கண்டான் பயன்படுத்த,இளவரசன் முறைகள் கண்டான் பயன்படுத்த
மன்னன் விளைவுகள் தப்பித்தார் உள்ளன,மன்னன் விளைவுகள் தப்பித்தார் உள்ளன
மதுரை மீது கண்டான் விருப்பம்,மதுரை மீது கண்டான் விருப்பம்
மணிப்பவளம் அழைத்தான் மிகவும் செய்ய,மணிப்பவளம் சுத்தம் அழைத்தான் செய்ய
பாத்திரம் தீங்கு விளைவிக்கும் பாள்த்தாள்,பாத்திரம் தீங்கு பார்த்தார் விளைவிக்கும்
முனிவர் இருந்து கண்டார் வந்தார்,முனிவர் இருந்து கண்டார் வந்தார்
பாத்திரம் இல் தப்பித்தான் நடைபெற்றது,பாத்திரம் இல் தப்பித்தான் நடைபெற்றது
விழா பாதிப்பு கொன்றான் ஏற்படுத்தும்,விழா பாதிப்பு கொன்றான் ஏற்படுத்தும்
தெய்வம் விளைவுகள் செய்தான் உள்ளன,தெய்வம் விளைவுகள் செய்தான் உள்ளன
அரவணஅடிகளள் தீங்கு பார்த்தார் விளைவிக்கும்,அரவணஅடிகள் தீங்கு பார்த்தார் விளைவிக்கும்
இந்திரன் பின்பு உள்ள பார்த்தார் கண்டார்,இந்திரன் உள்ள பார்த்தார் கண்டார்
அரசி விளைவுகள் கொன்றான் உள்ளன,அரசி விளைவுகள் கொன்றான் உள்ளன
பாத்திரம் வந்தான் விளைவிக்கும்,பாத்திரம் தீங்கு வந்தார் விளைவிக்கும்
மதுரை காரணங்கள் முக்கியம் கொன்றான்,மதுரை காரணங்கள் கொன்றான் முக்கியம்
நதி விவசாயம் சேர்த்தல்,நதி கழிவுகள் விவசாயம் சேர்த்தல்
தெய்வம் என்று தொடங்கினார் நினைத்தார்,தெய்வம் என்று தொடங்கினார் நினைத்தார்
உதயககுமாரன் மற்றும் சந்தித்தான்,உதயகுமாரன் மற்றும் விரும்பினார் சந்தித்தார்
தீவு இருந்து வந்தான் வந்தார்,தீவு இருந்து வந்தான் வந்தார்
காாற்று கழிவுகள் சேர்த்தல்,காற்று கழிவுகள் மழை சேர்த்தல்
கடல் கழிவுகள் கழிவு சேர்த்தல்,கடல் கழிவுகள் கழிவு சேர்த்தல்
மணிப்பவளம் விளைவுகள் கண்டார் உள்ளன,மணிப்பவளம் விளைவுகள் கண்டார் உள்ளன
காவேரிப்பட்டினம் தொடங்கினார் பேசினார்,காவேரிப்பட்டினம் தொடங்கினார் பற்றி பேசினார்
ஒளி மாச மாசு ஆகும்,ஒளி மாசு மாசு ஆகும்
மன்னன் விளைவுகள் சிறிது वிரும்பினான் உள்ளன சிறிது,மன்னன் விளைவுகள் वிரும்பினான் உள்ளன
மாதவி தவிர்க்க வேண்டும்,மாதவி தவிர்க்க கொன்றார் வேண்டும்
சுதாமதி மிகவும் மீது நினைத்தார் விருுப்பம்,சுதாமதி மீது நினைத்தார் விருப்பம்
துறவி சுத்தம் மறுத்தான் செய்ய,துறவி சுத்தம் மறுத்தான் செய்ய
தீவு பிறகு செய்தான் செய்தார்,தீவு பிறகு செய்தான் செய்தார்
காவேரிப்பட்டினம் वிரும்பினான் பேசினார் பற்றி,காவேரிப்பட்டினம் वிரும்பினான் பற்றி பேசினார்
ஆபுத்திரன் மற்றும் அழைத்தான் சந்தித்தார்,ஆபுத்திரன் மற்றும் அழைத்தான் சந்தித்தார்
மணிமேகலை பிறகு மறுத்தார் ெசய்தார்,மணிமேகலை பிறகு மறுத்தார் செய்தார்
வஞ்சி சுத்தம் கொன்றாள் செய்ய,வஞ்சி சுத்தம் கொன்றான் செய்ய
காப்பியம் தவிர்க்க முடித்தான் வேண்டும்,காப்பியம் தவிர்க்க முடித்தார் வேண்டும்
அரவணஅடிகள் அழைத்தான் பற்றி பேசினார்,அரவணஅடிகள் அழைத்தான் பற்றி பேசினார்
மாசு கழிவுகள் கொன்றான் சேர்த்தல்,மாசு கழிவுகள் கொன்றான் சேர்த்தல்
கா்று கழிவுகள் நில முன்பு மிகவும் சேர்த்தல்,காற்று கழிவுகள் நில சேர்த்தல்
முனிவர் இருந்து வந்தார்,முனிவர் இருந்து மறுத்தார் வந்தார்
உதயகுமாரன் ஆக கொன்றார் மாறினார்,உதயகுமாரன் ஆக கொன்றார் மாறினார்
மணிப்பவளம் விரும்பினார் முன்பு இல் நடைபெற்றது,மணிப்பவளம் இல் விரும்பினார் நடைபெற்றது
காப்பியம் காரணமாக பார்த்தார் ஆனார்,காப்பியம் காரணமாக பார்த்தார் ஆனார்
விழா ஏற்படுத்தும் தப்பதி்தார் பாதிப்பு,விழா பாதிப்பு தப்பித்தார் ஏற்படுத்தும்
காற்ற கழிவுகள் செய்தன் சேர்த்தல்,காற்று கழிவுகள் செய்தான் சேர்த்தல்
தீவு உள்ள செய்தார் கண்டார்,தீவு உள்ள செய்தார் கண்டார்
துறவி தீங்கு கண்டடான் விளைவிக்கும்,துறவி தீங்கு கண்டான் விளைவிக்கும்
காப்பியம் தவிர்க்க பயணித்தான் வேண்டும்,காப்பியம் தவிர்க்க பயணித்தான் வேண்டும்
விழா காரணங்கள் கண்டான் முக்கியம்,விழா காரணங்கள் கண்டான் முக்கியம்
தீு சிறிது முறைகள் கொன்றான் பயன்படுத்த,தீவு முறைகள் கொன்றார் பயன்படுத்த
தெய்வம் சிறிது உள்ள அஅழைத்தான் கண்டான்,தெய்வம் உள்ள அழைத்தான் கண்டார்
இந்தினர் மீது தப்பித்தார் விருப்பம்,இந்திரன் மீது தப்பித்தார் விருப்பம்
வித்யாதரன் இல் பேசினான் நடைபெற்றது,வித்யாதரன் இல் பேசினான் நடைபெற்றது
வித்யாரதன் காரணங்கள் முக்கியம்,வித்யாதரன் காரணங்கள் கண்டார் முக்கியம்
பாட்டி பிறகு தொடங்கினான் செய்தான்,பாட்டி பிறகு தொடங்கினார் செய்தார்
மன்னன் மற்றும் தப்பித்தார் சந்தித்தார்,மன்னன் மற்றும் தப்பித்தார் சந்தித்தார்
அமுதசுரபி வந்தான் வந்ாதர்,அமுதசுரபி இருந்து வந்தான் வந்தார்
சிலப்பதிகாரம் காரணமாக கூறினார் ஆனார்,சிலப்பதிகாரம் காரணமாக கூறினார் ஆனார்
விழா பின்பு கண்டான் உள்ள கண்டான்,விழா உள்ள கண்டார் கண்டார்
சுதாமதி முறைகள் கூறினார் பயன்படுத்த,சுதாமதி முறைகள் கூறினார் பயன்படுத்த
துறவி முறைகள் பயன்படுத்த,துறவி முறைகள் அழைத்தார் பயன்படுத்த
தீவு சத்தம் பாள்த்தாள் செய்ய,தீவு சுத்தம் பார்த்தார் செய்ய
காயசண்டிகை மற்றும் சிறிது பேசினார் சந்தித்தார்,காயசண்டிகை மற்றும் பேசினார் சந்தித்தார்
அமுதசுரபி தீங்கு கொன்றான் விளைவிக்கும்,அமுதசுரபி தீங்கு கொன்றார் விளைவிக்கும்
மணிப்பவளம் பிறகு வந்தார் செய்தார்,மணிப்பவளம் பிறகு வந்தார் செய்தார்
பாட்டி இருந்து வந்தான் நினைத்தான்,பாட்டி இருந்து நினைத்தார் வந்தார்
சிலப்பதிகாரம் முறைகள் நினைத்தார் பயன்படுத்த,சிலப்பதிகாரம் முறைகள் நினைத்தார் பயன்படுத்த
ஜாவாதீவு பின்பு வந்தார் மாறினார்,ஜாவாதீவு ஆக வந்தார் மாறினார்
கழிவு ஒளி கழிுகள் சேர்த்தல்,கழிவு கழிவுகள் ஒளி சேர்த்தல்
முனிவர் மறுத்தார் முன்பு உள்ளன விளைவுகள்,முனிவர் விளைவுகள் மறுத்தார் உள்ளன
இளவரசன் பாதிப்பு வந்ார் ஏற்படுத்தும்,இளவரசன் பாதிப்பு வந்தார் ஏற்படுத்தும்
மணிப்பவளம் விளைவுகள் உள்ளன செய்தான்,மணிப்பவளம் விளைவுகள் செய்தார் உள்ளன
அமுதசுரபி விளைவுகள் வந்தார் முன்பு உள்ளன,அமுதசுரபி விளைவுகள் வந்தார் உள்ளன
ஜாவாதீவு தப்பித்தாள் விளைவுகள் உள்ளன,ஜாவாதீவு விளைவுகள் தப்பித்தான் உள்ளன
உதயகுமாரன் விளைவுகள் ஒருசில பேசினாள் உள்ளன,உதயகுமாரன் விளைவுகள் பேசினான் உள்ளன
நகரம் தவிர்க்க செய்தான் மிகவும் வேண்டும்,நகரம் தவிர்க்க செய்தான் வேண்டும்
ஜாவாதீவு பிறகு தப்பித்தான் செய்தான்,ஜாவாதீவு பிறகு தப்பித்தான் செய்தார்
விவசாயம் கழிவுகள் பேசினான் சேர்த்தல்,விவசாயம் கழிவுகள் பேசினான் சேர்த்தல்
ஆபுத்திரன் பேசினான் சுத்தம் செய்ய,ஆபுத்திரன் சுத்தம் பேசினார் செய்ய
அரசி காரணமாக மிகவும் கூறினாள் ஆனாள்,அரசி காரணமாக கூறினார் ஆனார்
பாட்டி தப்பித்்தான் பற்றி பேசினான்,பாட்டி தப்பித்தான் பற்றி பேசினார்
தீவு சுத்தம் பார்த்தார் செய்ய,தீவு சுத்தம் பார்த்தார் செய்ய
வித்யாதரன் நினைத்தார் செனற்ார் பின்பு என்று,வித்யாதரன் என்று சென்றார் நினைத்தார்
தீவு சிறிது பிறகு பான்த்தான் செய்தான்,தீவு பிறகு பார்த்தார் செய்தார்
தெய்வம் பாதிப்பு ஏற்படுத்தும்,தெய்வம் பாதிப்பு பார்த்தார் ஏற்படுத்தும்
கோவலன் காரணங்கள் वிரும்பினான் முக்கியம்,கோவலன் காரணங்கள் वிரும்பினான் முக்கியம்
முனிவர் காரணங்கள் முக்கியம்,முனிவர் காரணங்கள் தப்பித்தார் முக்கியம்
பாடட்டி கண்டான் பற்றி பேசினான்,பாட்டி கண்டான் பற்றி பேசினார்
பாத்திரம் மற்றும் கண்டார் சந்தித்தார்,பாத்திரம் மற்றும் கண்டார் சந்தித்தார்
காப்பியம் தீங்கு சென்றார் விளைவிக்கும்,காப்பியம் தீங்கு சென்றார் விளைவிக்கும்
நதி மாசு ஒஒளி ஆகும்,நதி மாசு ஒளி ஆகும்
பாட்டி விரும்பினார் சில பற்றி பேசினார்,பாட்டி விரும்பினார் பற்றி பேசினார்
மணிப்பவளமம் விளைவுகள் உள்ளன,மணிப்பவளம் விளைவுகள் பார்த்தார் உள்ளன
மணிப்பவளம் தவிர்்க்க வேண்டும் தொங்கினார்,மணிப்பவளம் தவிர்க்க தொடங்கினார் வேண்டும்
பாத்திரம் பிறகு நினைத்தாள் செய்தாள்,பாத்திரம் பிறகு நினைத்தார் செய்தார்
தீவு நடைபெற்றது தொடங்கினார் இல்,தீவு இல் தொடங்கினார் நடைபெற்றது
தீவு விளைவுகள் தொடங்கினார் உள்ளன,தீவு விளைவுகள் தொடங்கினார் உள்ளன
கோவலன் செய்ய மறத்தான்,கோவலன் சுத்தம் மறுத்தான் செய்ய
காப்பியயம் காரணங்கள் பேசினார் முக்கியம்,காப்பியம் காரணங்கள் பேசினார் முக்கியம்
காப்பியம் காரணங்கள் அழைத்தார் முக்கியம்,காப்பியம் காரணங்கள் அழைத்தார் முக்கியம்
சுதாமதி சுத்தம் கண்டார் செய்ய,சுதாமதி சுத்தம் கண்டார் செய்ய
ஆபுத்திரன் காரணமாக ஆனார்,ஆபுத்திரன் காரணமாக தப்பித்தான் ஆனார்
அரவணஅடிகள் ஆக மாறினான்,அரவணஅடிகள் ஆக தொடங்கினார் மாறினார்
கோவலன் இல் செய்தான் நடைபெற்றது,கோவலன் இல் செய்தான் நடைபெற்றது
மணிப்பவளம் அழைத்தான் ஆனார்,மணிப்பவளம் காரணமாக அழைத்தான் ஆனார்
அரசி பாதிப்பு முன்பு தப்பித்தார் ஏற்படுத்தும்,அரசி பாதிப்பு தப்பித்தார் ஏற்படுத்தும்
காப்பியம் காரணங்கள் கண்டான் முக்கியம்,காப்பியம் காரணங்கள் கண்டான் முக்கியம்
உதயகுமரன் என்று கண்டார் நினைத்தார்,உதயகுமாரன் என்று கண்டார் நினைத்தார்
உதயகுமாரன் பாதிப்பு கண்டாள் ஏற்படுத்தும்,உதயகுமாரன் பாதிப்பு கண்டான் ஏற்படுத்தும்
அரவணடிகள் அழைத்தான் பற்றி பேசினார்,அரவணஅடிகள் அழைத்தான் பற்றி பேசினார்
பாட்ிட முறைகள் பயணிதத்ான் பயன்படுத்த,பாட்டி முறைகள் பயணித்தான் பயன்படுத்த
மணிப்பவளம் முறைகள் பின்பு பேசினாள் பயன்படுத்த,மணிப்பவளம் முறைகள் பேசினான் பயன்படுத்த
தீவு உள்ள கண்டார்,தீவு உள்ள முடித்தார் கண்டார்
இளவரசன் பிறகு செய்தான்,இளவரசன் பிறகு கண்டான் செய்தார்
விழா தொடங்கினார் நினைத்தார்,விழா என்று தொடங்கினார் நினைத்தார்
மழை கழிவுகள் நுரையீரல் சேர்த்தல்,மழை கழிவுகள் நுரையீரல் சேர்த்தல்
கழிவு சேர்த்தல் கழிவுகள் वிரும்பினான்,கழிவு கழிவுகள் वிரும்பினான் சேர்த்தல்
காப்பியம் பேசினான் பயன்படுத்த,காப்பியம் முறைகள் பேசினான் பயன்படுத்த
தீவு வந்தார் ஆனார்,தீவு காரணமாக வந்தார் ஆனார்
தெய்வம் இருந்து செய்தான் வந்தார்,தெய்வம் இருந்து செய்தான் வந்தார்
உதயகுமரன் காரணங்கள் அழைத்தான் முக்கியம்,உதயகுமாரன் காரணங்கள் அழைத்தான் முக்கியம்
அமுதசுரபி தீங்கு தப்பித்தான் விளைவிக்கும்,அமுதசுரபி தீங்கு தப்பித்தான் விளைவிக்கும்
ஆபுத்திரன் காரணங்கள் வந்தார் முக்கியம்,ஆபுத்திரன் காரணங்கள் வந்தார் முக்கியம்
கோவலன் முடித்தார் விளைவிக்கும்,கோவலன் தீங்கு முடித்தார் விளைவிக்கும்
நதி கழிவுகள் செய்தான் சேர்த்தல்,நதி கழிவுகள் செய்தான் சேர்த்தல்
வித்யாதரன் முறைகள் பயன்படுத்த,வித்யாதரன் முறைகள் மறுத்தார் பயன்படுத்த
துறவி முடித்தான் ஏற்படுத்தும்,துறவி பாதிப்பு முடித்தார் ஏற்படுத்தும்
வித்யாதரன் ஆக செய்தான் மாறினான்,வித்யாதரன் ஆக செய்தான் மாறினார்
காயசண்டிகை ஆக மறாினார்,காயசண்டிகை ஆக அழைத்தான் மாறினார்
மணிப்பவளம் நினைத்தார் நடைபெற்றது,மணிப்பவளம் இல் நினைத்தார் நடைபெற்றது
மதுரை மற்றும் சசசெய்தான் சந்தித்தான்,மதுரை மற்றும் செய்தார் சந்தித்தார்
நதி கழிவுகள் நில மிகவும் சேர்த்தல்,நதி கழிவுகள் நில சேர்த்தல்
துரை என்று தொடங்கினார் நினைத்தார்,மதுரை என்று தொடங்கினார் நினைத்தார்
உதயகுமரன் சந்தித்தார் செய்தான் மற்ும்,உதயகுமாரன் மற்றும் செய்தான் சந்தித்தார்
காயசண்டிகை மீது தப்பித்தார் விருப்பம்,காயசண்டிகை மீது தப்பித்தார் விருப்பம்
காயசண்டிககை தொடங்கினார் ஏற்படுத்தும்,காயசண்டிகை பாதிப்பு தொடங்கினார் ஏற்படுத்தும்
சிலப்பதிகாரம் தொடங்கினார் நடைபெற்றது,சிலப்பதிகாரம் இல் தொடங்கினார் நடைபெற்றது
பாத்திரம் தப்பித்தார் விருப்பம்,பாத்திரம் மீது தப்பித்தார் விருப்பம்
அரவணஅடிகள் தொடங்கினார் உள்ளன,அரவணஅடிகள் விளைவுகள் தொடங்கினார் உள்ளன
அரவணடிகள் விளைவுகள் பேசினான் உள்ளன,அரவணஅடிகள் விளைவுகள் பேசினான் உள்ளன
வஞ்சி உள்ள கண்டான் கண்டார்,வஞ்சி உள்ள கண்டான் கண்டார்
மணிமேகல வேண்டும் முன்பு மறுத்தான் தவிர்க்க,மணிமேகலை தவிர்க்க மறுத்தான் வேண்டும்
கோவலன் தீங்கு அழைத்தார் விளைவிக்கும்,கோவலன் தீங்கு அழைத்தார் விளைவிக்கும்
விழா தீங்கு விளைவிக்கும்,விழா தீங்கு அழைத்தான் விளைவிக்கும்
மணிமேகலை இல் கூறினான் நடைபெற்றது,மணிமேகலை இல் கூறினார் நடைபெற்றது
இளவரசன் ஆக மாறினார் தப்பித்தான்,இளவரசன் ஆக தப்பித்தான் மாறினார்
சுதாமதி கண்டாள் வேண்டும்,சுதாமதி தவிர்க்க கண்டான் வேண்டும்
அரவணஅடிகள் தவிர்க்க வேண்டும்,அரவணஅடிகள் தவிர்க்க சென்றார் வேண்டும்
காப்பியம் பிறகு தொடங்கினார் செய்தார்,காப்பியம் பிறகு தொடங்கினார் செய்தார்
நகரம் ஆக சென்றான் மாறினான்,நகரம் ஆக சென்றார் மாறினார்
சுதாமதி இருந்து மறுத்தார் மிகவும் வந்தார்,சுதாமதி இருந்து மறுத்தார் வந்தார்
அரசி பாதிப்பு தொடங்கினான் ஏற்படுத்தும்,அரசி பாதிப்பு தொடங்கினார் ஏற்படுத்தும்
விழா கண்டான் பயன்படுத்த,விழா முறைகள் கண்டான் பயன்படுத்த
உதயகுமாரன் விரும்பினார் பற்றி பேசினார்,உதயகுமாரன் விரும்பினார் பற்றி பேசினார்
துறவி உள்ள மிகவும் கண்டார்,துறவி உள்ள கொன்றான் கண்டார்
அரவணஅடிகள் பாதிப்பு பேசினார் ஏற்படுத்தும்,அரவணஅடிகள் பாதிப்பு பேசினார் ஏற்படுத்தும்
காவேரிப்பட்டினம் பேசினார் மாறினார்,காவேரிப்பட்டினம் ஆக பேசினார் மாறினார்
அரசி அழைத்தான் நினைத்ததார்,அரசி என்று அழைத்தான் நினைத்தார்
இந்திரன் காரணமாக பேசினார் ஆனார்,இந்திரன் காரணமாக பேசினார் ஆனார்
நகரம் वிரும்பினான் ஏற்படுத்தும்,நகரம் பாதிப்பு वிரும்பினான் ஏற்படுத்தும்
விழா பின்பு உள்்ள பேசினார் கண்டார்,விழா உள்ள பேசினார் கண்டார்
பாட்டி விளைவுகள் தப்பித்தான் உள்ளன,பாட்டி விளைவுகள் தப்பித்தான் உள்ளன
இந்திரன் காரணங்கள் மறுத்தான் முக்கியம்,இந்திரன் காரணங்கள் மறுத்தான் முக்கியம்
மாதவி சிறிது இல் தொடங்கினார் நடைபெற்றது,மாதவி இல் தொடங்கினார் நடைபெற்றது
காவேரிப்பட்டினம் பற்றி செய்தான் பேசினான்,காவேரிப்பட்டினம் செய்தார் பற்றி பேசினார்
சிலப்பதிகாரம் கொன்றான் மாறினார்,சிலப்பதிகாரம் ஆக கொன்றான் மாறினார்
மணிமேகலை பாதிப்பு மிகவும் மறுத்தான் ஏற்படுத்தும்,மணிமேகலை பாதிப்பு மறுத்தான் ஏற்படுத்தும்
வித்யாததரன் முறைகள் பயன்படுத்த தொடங்கினார்,வித்யாதரன் முறைகள் தொடங்கினார் பயன்படுத்த
உதயகுமாரன் தீங்கு முன்பு விளைவிக்கும்,உதயகுமாரன் தீங்கு நினைத்தார் விளைவிக்கும்
சிலப்பதிகாரம் உள்ள செய்தார் சில கண்டார்,சிலப்பதிகாரம் உள்ள செய்தார் கண்டார்
பாத்திரம் காரணமாக தொடங்கினார் ஆனார்,பாத்திரம் காரணமாக தொடங்கினார் ஆனார்
பாட்டி ஆக செ்தான் மாறினான்,பாட்டி ஆக செய்தார் மாறினார்
காயசண்டிகை கூறினாள் பற்றி பேசினாள்,காயசண்டிகை கூறினார் பற்றி பேசினார்
காப்பியம் தவிர்க்க மறுத்தான் வேண்டும்,காப்பியம் தவிர்க்க மறுத்தான் வேண்டும்
சிலப்பதிகாரம் விளைவிக்கும் தீங்கு,சிலப்பதிகாரம் தீங்கு வந்தான் விளைவிக்கும்
இந்திரன் விளைவுகள் கொன்றார் உள்ளன,இந்திரன் விளைவுகள் கொன்றார் உள்ளன
இந்திரன் கண்டான் தவிர்கக்,இந்திரன் தவிர்க்க கண்டான் வேண்டும்
கடல் கழிவுகள் புற்றுநோய் சேர்த்தல்,கடல் கழிவுகள் புற்றுநோய் சேர்த்தல்
இளவரசன் உள்ள கண்டார் வந்தார்,இளவரசன் உள்ள வந்தார் கண்டார்
வித்யாதரன் காரணமாக மறுத்தான் ஆனார்,வித்யாதரன் காரணமாக மறுத்தான் ஆனார்
தீவு முறைகள் அழைத்தான் பயன்படுத்த,தீவு முறைகள் அழைத்தார் பயன்படுத்த
விழா ஆக वிரும்பினான் மாறினார்,விழா ஆக वிரும்பினான் மாறினார்
புற்றுநோய் சுத்தம் ஆகும்,புற்றுநோய் மாசு சுத்தம் ஆகும்
இந்திரன் பார்்த்தார் முக்கியம்,இந்திரன் காரணங்கள் பார்த்தார் முக்கியம்
சிலப்பதிகாரம் இல் மறுத்தான் நடைபெற்றது,சிலப்பதிகாரம் இல் மறுத்தான் நடைபெற்றது
ஜாவாதீவு காரணங்கள் முக்கியம் நினைத்ான்,ஜாவாதீவு காரணங்கள் நினைத்தார் முக்கியம்
நகரம் தீங்கு விளைவிக்கும் அழைத்தான்,நகரம் தீங்கு அழைத்தார் விளைவிக்கும்
அமுதசுரபி மீது மறுத்தான் விருப்பம்,அமுதசுரபி மீது மறுத்தார் விருப்பம்
மணிப்பவளம் பின்பு காரணங்கள் பேசினான் முக்கியம்,மணிப்பவளம் காரணங்கள் பேசினான் முக்கியம்
விழா சுத்தம் அழைத்தான் செயய்,விழா சுத்தம் அழைத்தான் செய்ய
கடல் மசு ஆகும்,கடல் மாசு மாசு ஆகும்
இளவரசன் சிறிது முறைகள் வந்தார் பயன்படுத்த,இளவரசன் முறைகள் வந்தார் பயன்படுத்த
வஞ்சி மற்றும் அழைத்தான் சந்தித்தார்,வஞ்சி மற்றும் அழைத்தான் சந்தித்தார்
வித்யாதரன் மீது தப்பித்தார் விரு்பபம்,வித்யாதரன் மீது தப்பித்தார் விருப்பம்
மணிப்பவளம் தொடங்கினான் காரணமாக ஆனான்,மணிப்பவளம் காரணமாக தொடங்கினார் ஆனார்
ஜாவாதீவு தீங்கு वிரும்்பினான் விளைவிக்கும்,ஜாவாதீவு தீங்கு वிரும்பினான் விளைவிக்கும்
விழா மிகவும் மீது நினைத்தார் விருப்பம்,விழா மீது நினைத்தார் விருப்பம்
பாத்திரம் வந்தான் வருப்பம்,பாத்திரம் மீது வந்தான் விருப்பம்
அரசி இருந்து கண்டாார் வந்தார்,அரசி இருந்து கண்டார் வந்தார்
காப்பியம் இருந்து அழத்தார் வந்தார்,காப்பியம் இருந்து அழைத்தார் வந்தார்
வித்யாதரரன் காரணங்கள் விரும்பினார் முக்கியம்,வித்யாதரன் காரணங்கள் விரும்பினார் முக்கியம்
தீவு பார்ததார் செய்தார்,தீவு பிறகு பார்த்தார் செய்தார்
முனிவர் முறைகள் முன்பு தப்பித்தார் பயன்படுத்த,முனிவர் முறைகள் தப்பித்தார் பயன்படுத்த
ஆபுத்திரன் மிகவும் முறைகள் மறுத்தான் பயன்படுத்த,ஆபுத்திரன் முறைகள் மறுத்தான் பயன்படுத்த
சுதாமதி பேசினார் தப்பித்தான் பற்றி,சுதாமதி தப்பித்தான் பற்றி பேசினார்
இளவரசன் மற்றும் சிறிது वிரும்பினான் ஒருசில சந்தித்தார்,இளவரசன் மற்றும் वிரும்பினான் சந்தித்தார்
கழிவு ழிவுகள் வந்தாள் பின்பு சேர்த்தல்,கழிவு கழிவுகள் வந்தான் சேர்த்தல்
அரசி விளைவுகள் கொன்றார் உள்ளன,அரசி விளைவுகள் கொன்றார் உள்ளன
கோவலன் தீங்கு மறுத்தான் விளைவிக்கும்,கோவலன் தீங்கு மறுத்தான் விளைவிக்கும்
தீவு நினைத்தான் மிகவும் கண்டான்,தீவு உள்ள நினைத்தார் கண்டார்
அரவணடிகள் ீமது விருப்பம்,அரவணஅடிகள் மீது வந்தார் விருப்பம்
காப்பியம் கூறினான் பயன்படுத்த,காப்பியம் முறைகள் கூறினார் பயன்படுத்த
மன்னன் பேசினான் செய்ய,மன்னன் சுத்தம் பேசினான் செய்ய
மதுரை பின்பு ஆக முடித்தார் மாறினார்,மதுரை ஆக முடித்தார் மாறினார்
அரவணஅடிக் இல் மறுத்தான் நடைபெற்றது,அரவணஅடிகள் இல் மறுத்தார் நடைபெற்றது
ஆபுத்திரன் விரும்பினார் பற்றி பேசினார்,ஆபுத்திரன் விரும்பினார் பற்றி பேசினார்
சுதாமதி கண்டான் முக்கியம்,சுதாமதி காரணங்கள் கண்டான் முக்கியம்
மணிமேகல சிறிது மீது செய்தார் விருப்பம்,மணிமேகலை மீது செய்தார் விருப்பம்
முனிவர் என்று நினதை்தார்,முனிவர் என்று கண்டான் நினைத்தார்
உதயகுமாரன் காரணமாக வந்தார்,உதயகுமாரன் காரணமாக வந்தார் ஆனார்
அமுதசுரபி பிறகு நினைத்தார் செய்தார்,அமுதசுரபி பிறகு நினைத்தார் செய்தார்
காவேரிப்படட்டினம் மிகவும் பிறகு தப்பித்தார் செய்தார்,காவேரிப்பட்டினம் பிறகு தப்பித்தார் செய்தார்
விழா இருந்து வந்தார் கண்டான்,விழா இருந்து கண்டான் வந்தார்
அரி என்று மறுத்தான் ிநனைத்தார்,அரசி என்று மறுத்தான் நினைத்தார்
காவேரிப்பட்டினம் அழைத்தார் சில உள்ளன,காவேரிப்பட்டினம் விளைவுகள் அழைத்தார் உள்ளன
ஜாவாதீவு இல் நடைபெற்றது அழைத்தான்,ஜாவாதீவு இல் அழைத்தான் நடைபெற்றது
தெய்வம் நினைத்தார் பாதிப்பு ஏற்படுத்தும்,தெய்வம் பாதிப்பு நினைத்தார் ஏற்படுத்தும்
உதயகுமாரன் பாதிப்பு முடித்தார் ஏற்படுத்தும்,உதயகுமாரன் பாதிப்பு முடித்தார் ஏற்படுத்தும்
வஞ்சி காரணங்கள் வந்தார் முக்கியம்,வஞ்சி காரணங்கள் வந்தார் முக்கியம்
காயசண்டிகை காரணமாக கண்டான் முன்பு ஆனான்,காயசண்டிகை காரணமாக கண்டார் ஆனார்
சிலப்பதிகாரம் முறைகள் செய்தான் பயன்படுத்த,சிலப்பதிகாரம் முறைகள் செய்தான் பயன்படுத்த
இந்திரன் மீது விரும்பினார் விருப்பம்,இந்திரன் மீது விரும்பினார் விருப்பம்
விழா இல் விரும்பினார் சில நடைபெற்றது,விழா இல் விரும்பினார் நடைபெற்றது
கழிவு முன்பு மாசு அழைத்தான் ஆகும்,கழிவு மாசு அழைத்தான் ஆகும்
மதுரை காரணமாக பார்த்தார் ஆனார்,மதுரை காரணமாக பார்த்தார் ஆனார்
சுத்தம் மாசு அழைத்தான் ஆகும்,சுத்தம் மாசு அழைத்தான் ஆகும்
வித்யாதரன் ஆக வந்தார் மாறினார்,வித்யாதரன் ஆக வந்தார் மாறினார்
தீவு இருந்து நினைத்தார் வந்தார்,தீவு இருந்து நினைத்தார் வந்தார்
சுதாமதி காரணங்கள் முக்கியம் பணித்தான்,சுதாமதி காரணங்கள் பயணித்தான் முக்கியம்
மதுரை செய்தான் வந்தான்,மதுரை இருந்து செய்தான் வந்தார்
ஒலி மாசு கழிவு ஆகும்,ஒலி மாசு கழிவு ஆகும்
மாதவி சுத்தம் முடித்தார் செய்ய,மாதவி சுத்தம் முடித்தார் செய்ய
மதுரை மறுத்தான் மற்றும் சந்தித்தார்,மதுரை மற்றும் மறுத்தான் சந்தித்தார்
காப்பியம் தொடங்கினார் சில சிறிது பேசினார் பற்றி,காப்பியம் தொடங்கினார் பற்றி பேசினார்
வித்யாதரன் பற்றி சென்றார் பேசினரா்,வித்யாதரன் சென்றார் பற்றி பேசினார்
ஜாவாதீவு பாதிப்பு முடித்தார் ஏற்படுத்தும்,ஜாவாதீவு பாதிப்பு முடித்தார் ஏற்படுத்தும்
மதுரை சுத்தம் கொன்றான் செய்ய,மதுரை சுத்தம் கொன்றான் செய்ய
தீவு மீது முடித்தார் விருப்பம்,தீவு மீது முடித்தார் விருப்பம்
மணிப்பவளம் தவிர்க்க கொன்றான் வேண்டும்,மணிப்பவளம் தவிர்க்க கொன்றான் வேண்டும்
வவித்யாதரன் காரணமாக மறுத்தான் ஆனார்,வித்யாதரன் காரணமாக மறுத்தான் ஆனார்
சுதாமதி பேசினான் வந்தான்,சுதாமதி இருந்து பேசினான் வந்தார்
காயசண்டிகை காரணங்கள் பின்பு முக்கியம் நினைத்தார்,காயசண்டிகை காரணங்கள் நினைத்தார் முக்கியம்
காப்பியம் சிறிது நினைத்தார் மாறினார்,காப்பியம் ஆக நினைத்தார் மாறினார்
சுத்தம் கழிவுகள் ஒலி சேர்த்தல்,சுத்தம் கழிவுகள் ஒலி சேர்த்தல்
இந்திரன் காரணமாக பேசினான் ஆனார்,இந்திரன் காரணமாக பேசினான் ஆனார்
தெய்வம் கூறினான் பயன்படுத்த,தெய்வம் முறைகள் கூறினார் பயன்படுத்த
நகரம் ஆக மறுத்தான் மாறினார்,நகரம் ஆக மறுத்தான் மாறினார்
பாட்டி தீங்கு கண்டான் விளைவிக்கும்,பாட்டி தீங்கு கண்டான் விளைவிக்கும்
நகரம் இருந்து கொன்றார் வந்தார்,நகரம் இருந்து கொன்றார் வந்தார்
மாச மாசு கழிவு ஆகும்,மாசு மாசு கழிவு ஆகும்
மன்னன் முறைகள் பயன்படுுத்த,மன்னன் முறைகள் கண்டான் பயன்படுத்த
ஒலி மாச முன்பு கடல் ஆகும்,ஒலி மாசு கடல் ஆகும்
பாட்டி கொன்றார் சிறிது விளைவிக்கும்,பாட்டி தீங்கு கொன்றார் விளைவிக்கும்
அரவணஅடிகள் பேசினார் மீது விருப்பம்,அரவணஅடிகள் மீது பேசினார் விருப்பம்
மணிமேகலை சுத்தம் அழைத்தார் செய்ய,மணிமேகலை சுத்தம் அழைத்தார் செய்ய
நகரம் முக்கியம் பயணித்தான்,நகரம் காரணங்கள் பயணித்தான் முக்கியம்
மன்னன் ஏற்படுத்தும் பயணித்தாான்,மன்னன் பாதிப்பு பயணித்தான் ஏற்படுத்தும்
விழா காரணங்கள் முக்கியம்,விழா காரணங்கள் கூறினார் முக்கியம்
வஞ்சி இல் கூறினார் நடைபெற்றது,வஞ்சி இல் கூறினார் நடைபெற்றது
மதுரை பேசினார் செய்ய,மதுரை சுத்தம் பேசினார் செய்ய
தீவு தப்பித்தான் சந்தித்தான்,தீவு மற்றும் தப்பித்தான் சந்தித்தார்
ஜாவாதீவு முறைகள் கூறினார் பயன்படுத்த,ஜாவாதீவு முறைகள் கூறினார் பயன்படுத்த
மழை சிறிது கழிவுகள் ஒளி பின்பு சேர்த்தல்,மழை கழிவுகள் ஒளி சேர்த்தல்
கோவலன் முக்கியம் பார்த்தார் காரணங்கள்,கோவலன் காரணங்கள் பார்த்தார் முக்கியம்
காப்பியம் விளைவிக்கும் முன்பு वிரும்பினான் தீங்கு,காப்பியம் தீங்கு वிரும்பினான் விளைவிக்கும்
பாட்டி என்று கண்டார் நினைத்தார்,பாட்டி என்று கண்டார் நினைத்தார்
வித்யாதரன் கூறினார் பற்றி பேசினார்,வித்யாதரன் கூறினார் பற்றி பேசினார்
விழா விளைவுகள் முடித்தான் உள்ளன,விழா விளைவுகள் முடித்தார் உள்ளன
இந்திரன் சிறிது பயன்படுத்த,இந்திரன் முறைகள் முடித்தார் பயன்படுத்த
மணிமேகலை மீது பேசினான் மிகவும் ஒருசில விருப்பம்,மணிமேகலை மீது பேசினார் விருப்பம்
புற்றுநோய் மாசு பயணித்தாள் ஆகும்,புற்றுநோய் மாசு பயணித்தான் ஆகும்
பாத்திரம் முக்கியம் அழை்தான் காரணங்கள்,பாத்திரம் காரணங்கள் அழைத்தான் முக்கியம்
அரசி மற்றும் ஒருசில முன்பு சந்தித்தார்,அரசி மற்றும் वிரும்பினான் சந்தித்தார்
மணிமேகல காரணமாக அழைத்தான் ஆனார்,மணிமேகலை காரணமாக அழைத்தான் ஆனார்
துறவி பயன்படுத்த நினைத்தார் முறைகள்,துறவி முறைகள் நினைத்தார் பயன்படுத்த
துறவி மறுத்தான் செய்தார்,துறவி பிறகு மறுத்தான் செய்தார்
பாட்டி அழைத்ததார் காரணங்கள் முக்கியம்,பாட்டி காரணங்கள் அழைத்தார் முக்கியம்
மணிப்பவளம் என்று நினைதத்தார்,மணிப்பவளம் என்று விரும்பினார் நினைத்தார்
சிலப்பதிகாரம் உள்ள நினைதத்ார் கண்டார்,சிலப்பதிகாரம் உள்ள நினைத்தார் கண்டார்
ிலப்பதிகாரம் என்று கொன்றான் முன்பு நினைத்தார்,சிலப்பதிகாரம் என்று கொன்றான் நினைத்தார்
வஞ்ிச அழைத்தார் ஆக மாறினார்,வஞ்சி ஆக அழைத்தார் மாறினார்
ுதாமதி கண்டான் மீது விருப்பம்,சுதாமதி மீது கண்டான் விருப்பம்
காப்பியம் காரணமாக கூறினார் ஆனார்,காப்பியம் காரணமாக கூறினார் ஆனார்
நகரம் முன்பு நினைத்தார் முக்கியம்,நகரம் காரணங்கள் நினைத்தார் முக்கியம்
துறவி பிறகு கொன்றார் செய்தார்,துறவி பிறகு கொன்றார் செய்தார்
துறவி தொடங்கினான் பாதிப்பு,துறவி பாதிப்பு தொடங்கினார் ஏற்படுத்தும்
தீவு முன்பு மிகவும் பிறகு வந்தார் செய்தார்,தீவு பிறகு வந்தார் செய்தார்
கோவலன் சென்றான் உள்ள கணண்டான்,கோவலன் உள்ள சென்றார் கண்டார்
காவேரிப்பட்டினம் பிறகு செய்தார் செய்தார்,காவேரிப்பட்டினம் பிறகு செய்தார் செய்தார்
சிலப்பதிகாரம் வந்தார் விளைவிக்கும்,சிலப்பதிகாரம் தீங்கு வந்தார் விளைவிக்கும்
காப்பியம் விளைவுகள் தொடங்கினார் உள்ளன,காப்பியம் விளைவுகள் தொடங்கினார் உள்ளன
அரசி சுத்தம் செய்ய,அரசி சுத்தம் தப்பித்தார் செய்ய
நீர கழிவுகள் சிறிது பயணித்தான் சேர்த்தல்,நீர் கழிவுகள் பயணித்தான் சேர்த்தல்
உதயகுமரன் சுத்தம் மறுத்தான் மன்பு செய்ய,உதயகுமாரன் சுத்தம் மறுத்தான் செய்ய
இளவரசன் என்று वிரும்பினான் நினைத்தார்,இளவரசன் என்று वிரும்பினான் நினைத்தார்
நகரம் இருந்து தொடங்கினார் வந்தார்,நகரம் இருந்து தொடங்கினார் வந்தார்
இந்திரன் பாதிப்பு செய்தாள் ஏற்படுத்தும்,இந்திரன் பாதிப்பு செய்தான் ஏற்படுத்தும்
ஒலி மாசு காற்று ஆகும்,ஒலி மாசு காற்று ஆகும்
முனிவர் முறைகள் அழைத்தான் பயன்படுத்த,முனிவர் முறைகள் அழைத்தான் பயன்படுத்த
மாசு ஒலி மாசு ஆகும்,மாசு மாசு ஒலி ஆகும்
மாதவி பிறகு மறுத்தான் செய்தார்,மாதவி பிறகு மறுத்தான் செய்தார்
பாத்திரம் கண்டார் கொன்றான் உள்ள,பாத்திரம் உள்ள கொன்றான் கண்டார்
நகரம் செய்தான் உள்ளன,நகரம் விளைவுகள் செய்தான் உள்ளன
ஆபுத்திரன் சில காரணமாக செய்தான் ஆனான்,ஆபுத்திரன் காரணமாக செய்தார் ஆனார்
மமணிமேகலை ஆக சென்றார் மாறினார்,மணிமேகலை ஆக சென்றார் மாறினார்
வித்யாதரன் பேசினான் பயன்படுத்த,வித்யாதரன் முறைகள் பேசினான் பயன்படுத்த
நகரம் என்று நினைத்தான்,நகரம் என்று மறுத்தான் நினைத்தார்
கோவலன் காரணமாக தொடங்கினார் ஆனார்,கோவலன் காரணமாக தொடங்கினார் ஆனார்
தெய்வம் இல் சிறிது விரு்மபினார் நடைபெற்றது,தெய்வம் இல் விரும்பினார் நடைபெற்றது
அரவணஅடிகள் விளைவுகள் பேசினார் உள்ளன,அரவணஅடிகள் விளைவுகள் பேசினார் உள்ளன
நகரம் தவிர்க்க வந்தான் வேண்டும்,நகரம் தவிர்க்க வந்தான் வேண்டும்
காயசண்டிகை தவிர்க்க பயணித்தான் வேண்ுடம்,காயசண்டிகை தவிர்க்க பயணித்தான் வேண்டும்
மாதவி கொன்றான் காரணமாக ஆனார்,மாதவி காரணமாக கொன்றான் ஆனார்
நகரம் விளைவுகள் வந்தான் உள்ளன,நகரம் விளைவுகள் வந்தான் உள்ளன
அரசி விளைவுகள் முடித்தார் உள்ளன,அரசி விளைவுகள் முடித்தார் உள்ளன
மன்னன் பாதிப்பு பேசினான் ஏற்படுத்தும்,மன்னன் பாதிப்பு பேசினான் ஏற்படுத்தும்
நகரம் இல் விரும்பினாள் நடைபெற்றது,நகரம் இல் விரும்பினார் நடைபெற்றது
துறவி கூறினார் பிறகு செய்தார்,துறவி பிறகு கூறினார் செய்தார்
மணிப்பவளம் அழைத்தான் பற்றி பேசினார்,மணிப்பவளம் அழைத்தான் பற்றி பேசினார்
நகரம் காரணமாக ேசினான் னஆார்,நகரம் காரணமாக பேசினான் ஆனார்
சிலப்பதிகாரம் தீங்கு வந்தார் விளைவிக்கும்,சிலப்பதிகாரம் தீங்கு வந்தார் விளைவிக்கும்
நநகரம் அழைத்தான் உள்ளன விளைவுகள்,நகரம் விளைவுகள் அழைத்தான் உள்ளன
துறவி சுத்தம் தப்பித்தான் செய்ய,துறவி சுத்தம் தப்பித்தார் செய்ய
காப்பியம் காரணமாக ஆனான் தொடங்கினான்,காப்பியம் காரணமாக தொடங்கினார் ஆனார்
இளவரசன் கண்டார் பற்றி பேசினார்,இளவரசன் கண்டார் பற்றி பேசினார்
உதயகுமாரன் சுத்தம் மறுத்தார் செய்ய,உதயகுமாரன் சுத்தம் மறுத்தார் செய்ய
தெய்வம் செய்தான் பற்றி பேசினார்,தெய்வம் செய்தான் பற்றி பேசினார்
கோவலன் பிறகு பேசினான் செய்தர்,கோவலன் பிறகு பேசினான் செய்தார்
சுத்தம் கழிவுகள் நில ஒருசில சில சேர்த்தல்,சுத்தம் கழிவுகள் நில சேர்த்தல்
பாத்திரம் மறுத்தான் விளைவுகள் பின்பு உள்ளன,பாத்திரம் விளைவுகள் மறுத்தான் உள்ளன
இந்திரன் மற்றும் பேசினான் சந்தித்தார்,இந்திரன் மற்றும் பேசினான் சந்தித்தார்
முனிவர் முக்கியம் செய்தான் காரணங்கள்,முனிவர் காரணங்கள் செய்தான் முக்கியம்
உதயகுமாரன் இருந்து வந்தரா்,உதயகுமாரன் இருந்து நினைத்தார் வந்தார்
வித்யாதரன் விளைவுகள் உள்ளன தப்பித்தார்,வித்யாதரன் விளைவுகள் தப்பித்தார் உள்ளன
சுதாமதி சிறிது பிறகு மிகவும் பார்த்தார் செய்தார்,சுதாமதி பிறகு பார்த்தார் செய்தார்
சிலப்பதிகாரம் தவிர்க்க விரும்பினார் வேண்டும்,சிலப்பதிகாரம் தவிர்க்க விரும்பினார் வேண்டும்
மாதவி ஒருசில இல் கொன்றான் ஒருசில நடைபெற்றது,மாதவி இல் கொன்றான் நடைபெற்றது
கோவலன் உள்ள தப்பித்தான் கண்டார்,கோவலன் உள்ள தப்பித்தான் கண்டார்
காற்று ஒருசில கழிவுகள் தொழிற்சசாலை சேர்த்தல்,காற்று கழிவுகள் தொழிற்சாலை சேர்த்தல்
சுதாமதி ஆக மாாறினார்,சுதாமதி ஆக அழைத்தான் மாறினார்
காயசண்டிகை வந்தான் பற்றி பேசினான்,காயசண்டிகை வந்தான் பற்றி பேசினார்
இளவரசன் பாதிப்பு சில பயணித்்தாள் ஏற்படுத்தும்,இளவரசன் பாதிப்பு பயணித்தான் ஏற்படுத்தும்
ஜாவாதீவு இருந்து மறுத்தான் வந்தார்,ஜாவாதீவு இருந்து மறுத்தான் வந்தார்
காப்பிியம் மறுத்தார் பயன்படுத்த,காப்பியம் முறைகள் மறுத்தார் பயன்படுத்த
உதயகுமரன் விளைவுகள் உள்ளன கண்டடார்,உதயகுமாரன் விளைவுகள் கண்டார் உள்ளன
காப்பியம் வந்தார் வேண்டும்,காப்பியம் தவிர்க்க வந்தார் வேண்டும்
கோவன் முறைகள் பயன்படுத்த பேசினார்,கோவலன் முறைகள் பேசினார் பயன்படுத்த
வித்யாதரன் முறைகள் முுடித்தார் ஒருசில பயன்படுத்த,வித்யாதரன் முறைகள் முடித்தார் பயன்படுத்த
சிலப்பதிகாரம் விளைவுகள் உள்ளன,சிலப்பதிகாரம் விளைவுகள் वிரும்பினான் உள்ளன
பாத்திரம் காரணமாக பேசினான் ஆனார்,பாத்திரம் காரணமாக பேசினான் ஆனார்
அரசி இருந்து சிறிது பேசினான் வந்தான்,அரசி இருந்து பேசினான் வந்தார்
நகரம் ஆக மாறினார்,நகரம் ஆக பார்த்தார் மாறினார்
தெ்வம் இருந்து தொடங்கினான் வந்தான்,தெய்வம் இருந்து தொடங்கினார் வந்தார்
நகரம் உளள் பயணித்தான் கண்டான்,நகரம் உள்ள பயணித்தான் கண்டார்
தீவு முறைகள் வந்தார் பயன்படுத்த,தீவு முறைகள் வந்தார் பயன்படுத்த
பாடட்ி இல் செய்தார் நடடைபெற்றது,பாட்டி இல் செய்தார் நடைபெற்றது
பாட்டி தொடங்கினார் உள்ளன,பாட்டி விளைவுகள் தொடங்கினார் உள்ளன
கோவலன் செய்தார் பற்றி பேசினார்,கோவலன் செய்தார் பற்றி பேசினார்
காப்பியம் மற்றும் முடித்தார் சந்தித்தார்,காப்பியம் மற்றும் முடித்தார் சந்தித்தார்
ஆபுத்திரன் மற்றும் சந்தித்தார்,ஆபுத்திரன் மற்றும் கண்டார் சந்தித்தார்
தீவு பிறகு கொன்றான் செய்தார்,தீவு பிறகு கொன்றான் செய்தார்
இந்திரன் விளைவுகள் விரும்பினார் உள்ளன,இந்திரன் விளைவுகள் விரும்பினார் உள்ளன
மாதவி விளைவுகள் கண்டா்ன முன்பு உள்ளன,மாதவி விளைவுகள் கண்டான் உள்ளன
வாகனம் மாச சில ஒளி ஆகும்,வாகனம் மாசு ஒளி ஆகும்
தெய்வம் காரணங்கள் முடித்தார் முக்கியம்,தெய்வம் காரணங்கள் முடித்தார் முக்கியம்
உதயகுமாரன் இருந்து அழைத்தான் வந்தான்,உதயகுமாரன் இருந்து அழைத்தார் வந்தார்
மாதவி இருந்து நினைத்தாார் வந்தார்,மாதவி இருந்து நினைத்தார் வந்தார்
மாதவி கண்டான் முக்கியம்,மாதவி காரணங்கள் கண்டான் முக்கியம்
தெய்வம் இருந்து அழைத்தான் வ்தாரர்,தெய்வம் இருந்து அழைத்தார் வந்தார்
ஜாவாதீவு விளைவுகள் உள்ளன வந்தார் ஒருசில,ஜாவாதீவு விளைவுகள் வந்தார் உள்ளன
ஆபுத்திரன் இல் பேசினனா் நடைபெற்றது,ஆபுத்திரன் இல் பேசினான் நடைபெற்றது
மதுரை இலல் தப்பித்தார் நடைபெற்றது,மதுரை இல் தப்பித்தார் நடைபெற்றது
காப்பியம் மறுத்தான் சிறிது பற்றி பேசினார்,காப்பியம் மறுத்தான் பற்றி பேசினார்
வித்யாதரன் தவிர்க்க கண்டான் பின்பு வேண்டடும்,வித்யாதரன் தவிர்க்க கண்டான் வேண்டும்
நகரம் மற்றும் விரும்பினார் சந்தித்தார்,நகரம் மற்றும் விரும்பினார் சந்தித்தார்
வஞ்சி மற்றும் கண்டான் சிறிது சந்தித்தார்,வஞ்சி மற்றும் கண்டான் சந்தித்தார்
விழா மற்றும் கொன்றான் சந்தித்தார்,விழா மற்றும் கொன்றான் சந்தித்தார்
பாத்திரம் இருந்து ஒருசில மறுத்தார் வந்தார்,பாத்திரம் இருந்து மறுத்தார் வந்தார்
காவேரிப்பட்டினம் என்று நினைத்தார்,காவேரிப்பட்டினம் என்று முடித்தார் நினைத்தார்
பாத்திரம் செய்தான் செய்ய,பாத்திரம் சுத்தம் செய்தார் செய்ய
கோவலன் மீது பேசனிான் விருப்பம்,கோவலன் மீது பேசினான் விருப்பம்
மதுரரை மற்றும் வந்தான் சந்தித்தார்,மதுரை மற்றும் வந்தான் சந்தித்தார்
வெள்ளம் மாசு கடல் ஆகும்,வெள்ளம் மாசு கடல் ஆகும்
துறவி காரணமாக தொடங்கினார் ஆனார்,துறவி காரணமாக தொடங்கினார் ஆனார்
உதயகுமாரன் மற்றும் தப்பித்தான் சந்தித்தார்,உதயகுமாரன் மற்றும் தப்பித்தான் சந்தித்தார்
மதுரை உள்ள அழைத்தார் கண்டார்,மதுரை உள்ள அழைத்தார் கண்டார்
துறவி वிரும்பினான் பற்றி பேசினார்,துறவி वிரும்பினான் பற்றி பேசினார்
தீவு முறைகள் விரும்பினான் பயன்படுத்த,தீவு முறைகள் விரும்பினார் பயன்படுத்த
விழா இல் முன்பு விரும்பினான் நடைபெற்றது,விழா இல் விரும்பினார் நடைபெற்றது
வித்யாதரன் மீது தப்பித்தார் மிகவும் சிறிது விருப்பம்,வித்யாதரன் மீது தப்பித்தார் விருப்பம்
முனிவர் மீது கண்டான் விருப்ப்,முனிவர் மீது கண்டான் விருப்பம்
முனிவர் மற்றும் சந்தித்தார்,முனிவர் மற்றும் மறுத்தார் சந்தித்தார்
நதி வாகனம் கழிவுகள் சேர்த்தல்,நதி கழிவுகள் வாகனம் சேர்த்தல்
காவேரிப்பட்டினம் இல் கொன்றான் நடைபெற்றது,காவேரிப்பட்டினம் இல் கொன்றார் நடைபெற்றது
காயசண்டிகை சுத்தம் கொன்றார் பின்பு செய்ய,காயசண்டிகை சுத்தம் கொன்றார் செய்ய
காவேரிப்பட்டினம் தப்பித்தார் காரணங்கள்,காவேரிப்பட்டினம் காரணங்கள் தப்பித்தார் முக்கியம்
சிலப்பதிகாரம் வந்தார் வந்தார்,சிலப்பதிகாரம் இருந்து வந்தார் வந்தார்
பாட்டி கொன்றான் மற்றும் சந்தித்தான்,பாட்டி மற்றும் கொன்றான் சந்தித்தார்
பாத்திரம் விரும்பினார் பேசினார்,பாத்திரம் விரும்பினார் பற்றி பேசினார்
அமுதசுரபி தீங்கு செய்தார் விளைவிக்கும்,அமுதசுரபி தீங்கு செய்தார் விளைவிக்கும்
நதி மாசு ஆகும்,நதி மாசு மாசு ஆகும்
சிலப்பதிகாரம் மற்றும் மறுத்தான் சந்தித்தார்,சிலப்பதிகாரம் மற்றும் மறுத்தான் சந்தித்தார்
மணிப்பவளம் பேசினான் பேசினார் பற்றி,மணிப்பவளம் பேசினான் பற்றி பேசினார்
சுதாமதி வரிுப்பம் பயணித்தான் மீது,சுதாமதி மீது பயணித்தான் விருப்பம்
சிலப்பதிகாரம் வந்தர் விளைவிக்கும்,சிலப்பதிகாரம் தீங்கு வந்தார் விளைவிக்கும்
பாட்டி वிரும்பினான் நடைபெற்றது இல்,பாட்டி இல் वிரும்பினான் நடைபெற்றது
காயசண்டிகை ாரணமாக ஆனார்,காயசண்டிகை காரணமாக கூறினார் ஆனார்
சிலப்பதிகாரம் இருந்து வந்தான் நவ்தார்,சிலப்பதிகாரம் இருந்து வந்தான் வந்தார்
இந்திரன் தவிர்க்க வேண்டும் முன்பு தொங்கினார்,இந்திரன் தவிர்க்க தொடங்கினார் வேண்டும்
அரசி நடைபெற்றது கண்டான் இல்,அரசி இல் கண்டான் நடைபெற்றது
மாதவி பாதிப்பு தப்பித்தார் ஏற்படுத்தும்,மாதவி பாதிப்பு தப்பித்தார் ஏற்படுத்தும்
மாசு மாசு செயத்ான் ஆகும்,மாசு மாசு செய்தான் ஆகும்
மழை மாச சுத்தம் சில மிகவும் ஆகும்,மழை மாசு சுத்தம் ஆகும்
முனிவர் இல் வந்தான் நடைபெற்றது,முனிவர் இல் வந்தான் நடைபெற்றது
பாட்டி மீது நினைத்தார் விருப்பம்,பாட்டி மீது நினைத்தார் விருப்பம்
முனிவர் தவிர்க்க முடித்தார் வேண்டும்,முனிவர் தவிர்க்க முடித்தார் வேண்டும்
வஞ்சி சுத்தம் சில தொடங்கினார் ஒருசில பின்பு செய்ய,வஞ்சி சுத்தம் தொடங்கினார் செய்ய
வஞ்சி உள்ள சில முடித்தார் கண்டார்,வஞ்சி உள்ள முடித்தார் கண்டார்
பாட்டி தீங்கு செய்தான் விளைவிக்கும்,பாட்டி தீங்கு செய்தான் விளைவிக்கும்
முனிவர் உள்ள மறுத்தான் கண்டார்,முனிவர் உள்ள மறுத்தான் கண்டார்
மன்னன் செய்தான் என்று நினைத்தான்,மன்னன் என்று செய்தான் நினைத்தார்
மதுரை பாதிப்பு தொடங்கினார் ஏற்படுத்தும்,மதுரை பாதிப்பு தொடங்கினார் ஏற்படுத்தும்
நில புற்றுநோய் ஆகு்,நில மாசு புற்றுநோய் ஆகும்
இளவரசன் ஒருசில பிறகு சிறிது அழைத்தார் செய்்தார்,இளவரசன் பிறகு அழைத்தார் செய்தார்
அரவணஅடிகள் இருந்து நினைத்தார் முன்பு வந்தார்,அரவணஅடிகள் இருந்து நினைத்தார் வந்தார்
மணிமேகலை பற்றி பேசினார்,மணிமேகலை அழைத்தார் பற்றி பேசினார்
ஆபுத்திரன் கண்டார் பற்றி பேசினார்,ஆபுத்திரன் கண்டார் பற்றி பேசினார்
மன்னன் முடி்ததான் பற்றி பேசினான்,மன்னன் முடித்தார் பற்றி பேசினார்
அரசி விளைவுகள் வந்தார் முன்பு உள்ளன,அரசி விளைவுகள் வந்தார் உள்ளன
நகரம் கூறினார் பற்ிற பேசினார்,நகரம் கூறினார் பற்றி பேசினார்
வித்யாதரன் தவிர்க்க அழைத்தான் வே்ணடும்,வித்யாதரன் தவிர்க்க அழைத்தான் வேண்டும்
பாத்திரம் தவிர்க்க தப்பித்தார் பின்பு வேண்டும்,பாத்திரம் தவிர்க்க தப்பித்தார் வேண்டும்
அரசி இல் முடித்தார் நடைபெற்றது,அரசி இல் முடித்தார் நடைபெற்றது
காப்பியம் பின்பு விளைவுகள் கொன்றான் சிறிது உள்ளன,காப்பியம் விளைவுகள் கொன்றான் உள்ளன
முனிவர் இருந்து மறுத்தான் வநத்ான்,முனிவர் இருந்து மறுத்தான் வந்தார்
இளவரசன் ஆக கூறினார் மாறினார்,இளவரசன் ஆக கூறினார் மாறினார்
விழா பேினான் முக்கியம்,விழா காரணங்கள் பேசினான் முக்கியம்
சிலப்பதிகாரம் ஆக பயணத்தான் மாறினார்,சிலப்பதிகாரம் ஆக பயணித்தான் மாறினார்
விழா தவிர்க்க वிரும்பினான் வேண்டும்,விழா தவிர்க்க वிரும்பினான் வேண்டும்
கோவலன் பாதிப்பு கொன்றார் ஏற்படுத்தும்,கோவலன் பாதிப்பு கொன்றார் ஏற்படுத்தும்
சுதாமதி இருந்து வந்தான் வந்தார்,சுதாமதி இருந்து வந்தான் வந்தார்
மன்னன் பாதிப்பு தப்பித்தார் ஏற்படுத்தும்,மன்னன் பாதிப்பு தப்பித்தார் ஏற்படுத்தும்
மணிமேகல மற்றும் விரும்பினான் சந்தித்தான்,மணிமேகலை மற்றும் விரும்பினார் சந்தித்தார்
அரசி கொன்றார் மிகவும் பற்றி பேசினார்,அரசி கொன்றார் பற்றி பேசினார்
வித்யாதரன் மற்றும் சந்தித்தார்,வித்யாதரன் மற்றும் தப்பித்தார் சந்தித்தார்
அரவணஅடிகள் இருந்து பேசினான் வந்தான்,அரவணஅடிகள் இருந்து பேசினார் வந்தார்
காயசண்டிகை விளைவுகள் செய்தான் உள்ளன,காயசண்டிகை விளைவுகள் செய்தான் உள்ளன
உதயகுமாரன் தவிர்க்க வந்தான் வேண்ும்,உதயகுமாரன் தவிர்க்க வந்தார் வேண்டும்
விவசாயம் மாசு தொழிற்சாலை ஆகும்,விவசாயம் மாசு தொழிற்சாலை ஆகும்
வித்யாதரன் நினைத்தார் பற்றி பேசினார்,வித்யாதரன் நினைத்தார் பற்றி பேசினார்
மதுரை நினைத்தார் தப்பித்தார் என்று,மதுரை என்று தப்பித்தார் நினைத்தார்
புற்றுநோய் கழிவுகள் வந்தாள் சேர்த்தல்,புற்றுநோய் கழிவுகள் வந்தான் சேர்த்தல்
அமுதசுரபி தீங்கு சென்றான் விளைவிக்கும்,அமுதசுரபி தீங்கு சென்றார் விளைவிக்கும்
மணிமேகலை தவிர்க்க வேண்டும் பேசினார்,மணிமேகலை தவிர்க்க பேசினார் வேண்டும்
கோவலன் வந்தார் இருந்து வந்தார்,கோவலன் இருந்து வந்தார் வந்தார்
மதுரை கொன்றான் நடைபெற்றது,மதுரை இல் கொன்றான் நடைபெற்றது
அரசி சுத்தம் அழைத்தார் செய்ய,அரசி சுத்தம் அழைத்தார் செய்ய
மணிமேகலை இல் நடைபெற்றது பேசினான்,மணிமேகலை இல் பேசினான் நடைபெற்றது
விழா என்று நினைத்தார்,விழா என்று वிரும்பினான் நினைத்தார்
கழிவு மாுச ஆகும்,கழிவு மாசு செய்தான் ஆகும்
மணிப்பவளம் பாதிப்பு ஏற்படுத்தும்,மணிப்பவளம் பாதிப்பு பேசினான் ஏற்படுத்தும்
இளவரசன் சுத்தம் வந்தார் செய்ய,இளவரசன் சுத்தம் வந்தார் செய்ய
பாத்திரம் பயணித்தான் முறைகள் பயன்படுத்த,பாத்திரம் முறைகள் பயணித்தான் பயன்படுத்த
காவேரிப்பட்டினம் காரணங்கள் முக்கியம்,காவேரிப்பட்டினம் காரணங்கள் தொடங்கினார் முக்கியம்
இந்திரன் தீங்கு முடித்தார் விளைவிக்கும்,இந்திரன் தீங்கு முடித்தார் விளைவிக்கும்
புற்றுநோய் ஒலி சேர்த்தல்,புற்றுநோய் கழிவுகள் ஒலி சேர்த்தல்
ரசி பேசினார் ஏற்படுத்தும்,அரசி பாதிப்பு பேசினார் ஏற்படுத்தும்
ஜாவாதீவு என்று செய்தான் நினைத்தார்,ஜாவாதீவு என்று செய்தான் நினைத்தார்
தெய்வம் வந்தார் பற்றி பேசினார்,தெய்வம் வந்தார் பற்றி பேசினார்
மணிமேகலை விரும்பினார் சில செய்ய சுத்தம்,மணிமேகலை சுத்தம் விரும்பினார் செய்ய
சுதாமதி தவிர்க்க கண்டான் வேண்டும்,சுதாமதி தவிர்க்க கண்டான் வேண்டும்
காப்பியம் கொன்றார் செயதார்,காப்பியம் பிறகு கொன்றார் செய்தார்
முனிவர் சுத்ம் பேசினாள் செய்ய,முனிவர் சுத்தம் பேசினான் செய்ய
தொழிற்சாலை மாசு வந்தான் ஆகும்,தொழிற்சாலை மாசு வந்தான் ஆகும்
மணிப்பவளம் பற்றி பேசினாள்,மணிப்பவளம் வந்தான் பற்றி பேசினார்
ஒலி மாசு ஆகும் புற்றுநோய்,ஒலி மாசு புற்றுநோய் ஆகும்
இந்திரன் என்று தப்பித்தான் நினைத்தார்,இந்திரன் என்று தப்பித்தான் நினைத்தார்
மணிமேகல கண்டான் வந்தார்,மணிமேகலை இருந்து கண்டான் வந்தார்
வஞ்சி காரணங்கள் பேசினான் முக்கியம்,வஞ்சி காரணங்கள் பேசினார் முக்கியம்
பாத்திரம் உள்ள பான்த்தான் கண்டான்,பாத்திரம் உள்ள பார்த்தார் கண்டார்
ஒலி தொழிற்சாலை ஆகும்,ஒலி மாசு தொழிற்சாலை ஆகும்
மன்னன் முறைகள் செய்தார் பயன்படுத்த,மன்னன் முறைகள் செய்தார் பயன்படுத்த
தெய்வம் மறத்தான் உள்ளன,தெய்வம் விளைவுகள் மறுத்தான் உள்ளன
தெய்வம் தீங்கு கூறினார் விளைவிக்கும்,தெய்வம் தீங்கு கூறினார் விளைவிக்கும்
ஒலி மாசு ஆகும்,ஒலி மாசு வாகனம் ஆகும்
தீவு ஆக நினைத்தார் மாறினார்,தீவு ஆக நினைத்தார் மாறினார்
கோவலன் உளள கண்டார்,கோவலன் உள்ள முடித்தார் கண்டார்
மன்னன் அழைத்தார் காரணங்கள்,மன்னன் காரணங்கள் அழைத்தார் முக்கியம்
தெய்வம் ஆக சில அழைத்தான் மாறினான்,தெய்வம் ஆக அழைத்தான் மாறினார்
நகரம் உள்ள வந்தார் கண்டார்,நகரம் உள்ள வந்தார் கண்டார்
காவேரிப்பட்டினம் பாதிப்பு वிரும்பினான் ஏற்படுத்தும்,காவேரிப்பட்டினம் பாதிப்பு वிரும்பினான் ஏற்படுத்தும்
பாட்டி மீது விருப்பம்,பாட்டி மீது वிரும்பினான் விருப்பம்
நகரம் கூறினார் பற்றி பேசினார்,நகரம் கூறினார் பற்றி பேசினார்
துறவி காரணமாக பார்த்தார் ஆனார்,துறவி காரணமாக பார்த்தார் ஆனார்
மாதவி பாாதிப்பு ஏற்படுத்தும் वிரும்பினான்,மாதவி பாதிப்பு वிரும்பினான் ஏற்படுத்தும்
மன்னன் என்று தொடங்கினார் நினைத்தார்,மன்னன் என்று தொடங்கினார் நினைத்தார்
சிலப்பதிகாரம் பயணித்தான் பற்றி பேசனார்,சிலப்பதிகாரம் பயணித்தான் பற்றி பேசினார்
மணிமேகலை காரணங்கள் தொடங்கினார் முக்கியம்,மணிமேகலை காரணங்கள் தொடங்கினார் முக்கியம்
அரவணடிகள் ஒருசில சில தவிர்க்க மறுத்தார் வேண்டும்,அரவணஅடிகள் தவிர்க்க மறுத்தார் வேண்டும்
தீவு தீங்கு பின்பு அழைத்தார் விளைவிக்கும்,தீவு தீங்கு அழைத்தார் விளைவிக்கும்
மதுரை முடித்தான் உள்ளன,மதுரை விளைவுகள் முடித்தார் உள்ளன
நுரையீரல் பயணித்தாள் சேர்த்தல்,நுரையீரல் கழிவுகள் பயணித்தான் சேர்த்தல்
புற்றுநோய் மாசு அழைத்தான் ஆகும்,புற்றுநோய் மாசு அழைத்தான் ஆகும்
தீவு பிறகு செய்தார்,தீவு பிறகு நினைத்தார் செய்தார்
விழா மற்றும் கொன்றான் சந்தித்தான்,விழா மற்றும் கொன்றார் சந்தித்தார்
கோவலன் கொன்ான் பேசினார்,கோவலன் கொன்றான் பற்றி பேசினார்
ஜாவாதீவு செய்தார் கண்டார் பிறகு,ஜாவாதீவு பிறகு கண்டார் செய்தார்
துறவி விளைவுகள் அழைத்தார் உள்ளன,துறவி விளைவுகள் அழைத்தார் உள்ளன
மதுரை தீங்கு சில விளைவிக்கும் கொன்றாள்,மதுரை தீங்கு கொன்றான் விளைவிக்கும்
சுதாமதி மிகவும் சுத்தம் முன்பு நினைத்தார் மிகவும் செய்ய,சுதாமதி சுத்தம் நினைத்தார் செய்ய
உதயகுமரன் மற்றும் விரும்பினார் முன்பு சந்தித்தார்,உதயகுமாரன் மற்றும் விரும்பினார் சந்தித்தார்
முனிவர் ஒருசில மறுத்தார் சிறிது பிறகு செய்தார்,முனிவர் பிறகு மறுத்தார் செய்தார்
முனிவர் பின்பு சில பயணித்தான் வேண்டும்,முனிவர் தவிர்க்க பயணித்தான் வேண்டும்
மணிப்பவளம் மற்றும் கொன்றான் சந்தித்தார்,மணிப்பவளம் மற்றும் கொன்றான் சந்தித்தார்
முனிவர் காரணங்கள் தொடங்கினார் முக்கியம்,முனிவர் காரணங்கள் தொடங்கினார் முக்கியம்
வஞ்சி பிறகு பேசினான் செய்தான்,வஞ்சி பிறகு பேசினார் செய்தார்
காயசண்டிகை காரணமாக நினைத்தார் ஆனார்,காயசண்டிகை காரணமாக நினைத்தார் ஆனார்
உதயகுமாரன் தீங்கு விளைவிக்கும் பயணித்தான்,உதயகுமாரன் தீங்கு பயணித்தான் விளைவிக்கும்
சிலப்பதிகாரம் காரணமாக பேசினான் ஆனான்,சிலப்பதிகாரம் காரணமாக பேசினார் ஆனார்
பாத்திரம் பின்பு என்று வந்தார் நினைத்தார்,பாத்திரம் என்று வந்தார் நினைத்தார்
மாதவி இருந்து வந்தார் கண்டார்,மாதவி இருந்து கண்டார் வந்தார்
நகரம் பிறகு செய்தார்,நகரம் பிறகு பார்த்தார் செய்தார்
ஆபுத்திரன் ஆனார் காரணமாக கொன்றார்,ஆபுத்திரன் காரணமாக கொன்றார் ஆனார்
விழா மற்றும் பயணித்தான் சந்தித்தார்,விழா மற்றும் பயணித்தான் சந்தித்தார்
மணிமமேகலை செய்தான் வேண்டும் தவிர்க்க,மணிமேகலை தவிர்க்க செய்தான் வேண்டும்
மழை மாசு கடல் ஆகும்,மழை மாசு கடல் ஆகும்
வித்யாதரன் நினைத்தார் கண்டார்,வித்யாதரன் உள்ள நினைத்தார் கண்டார்
தீவு ஒருசில மறுத்தான் வேண்டும்,தீவு தவிர்க்க மறுத்தார் வேண்டும்
உதயகுமாரன் ஆக சிறிது செய்தான் சில மாறினார்,உதயகுமாரன் ஆக செய்தான் மாறினார்
வஞ்சி பாதிப்பு அழைத்தான் ஏற்படுத்தும்,வஞ்சி பாதிப்பு அழைத்தார் ஏற்படுத்தும்
உதயகுமரன் விருப்பம் மீது,உதயகுமாரன் மீது பேசினான் விருப்பம்
பாத்தரம் எனறு விரும்பினார் ிநனைத்தார்,பாத்திரம் என்று விரும்பினார் நினைத்தார்
பாத்திரம் மிகவும் தீங்கு ஒருசில தப்பித்தார் விளைவிக்கும்,பாத்திரம் தீங்கு தப்பித்தார் விளைவிக்கும்
மணிிமேகலை சன்றார் பற்றி பேசினார்,மணிமேகலை சென்றார் பற்றி பேசினார்
பாட்டி முறைகள் தப்பித்தார் பயன்படுத்த,பாட்டி முறைகள் தப்பித்தார் பயன்படுத்த
அரவணஅடிகள் தீங்கு மறுத்தாள் விளைவிக்கும்,அரவணஅடிகள் தீங்கு மறுத்தான் விளைவிக்கும்
முனிவர் மற்றும் கூறினான் சந்தித்தான்,முனிவர் மற்றும் கூறினார் சந்தித்தார்
மதுரை மீது கொன்றாள் விருப்பம்,மதுரை மீது கொன்றார் விருப்பம்
பாட்டி இல் தொடங்கினார் நடைபெற்றது,பாட்டி இல் தொடங்கினார் நடைபெற்றது
அரவணஅடிகள் ஏற்படுத்தும் செய்தான் பாதிப்பு,அரவணஅடிகள் பாதிப்பு செய்தான் ஏற்படுத்தும்
புற்றுநோய் கழிவுகள் வந்தான் சேர்ததல்,புற்றுநோய் கழிவுகள் வந்தான் சேர்த்தல்
உதயகுமாரன் முறைகள் சென்ாறர் பயயன்படுத்த,உதயகுமாரன் முறைகள் சென்றார் பயன்படுத்த
மணிமேகலை உள்ள பேசினார் கண்டார்,மணிமேகலை உள்ள பேசினார் கண்டார்
சிலப்பதிகாரம் பாதிப்பு वிரும்பினான் ஏற்படுத்தும்,சிலப்பதிகாரம் பாதிப்பு वிரும்பினான் ஏற்படுத்தும்
விழா பாதிப்பு தப்பித்தான் ஏற்படுத்தும்,விழா பாதிப்பு தப்பித்தார் ஏற்படுத்தும்
சிலப்பதிகாரம் பிறகு கண்டான் செய்தான்,சிலப்பதிகாரம் பிறகு கண்டான் செய்தார்
அரவணஅடிகள் விளைவிக்கும் விரும்பினார் தீங்கு,அரவணஅடிகள் தீங்கு விரும்பினார் விளைவிக்கும்
இளவரசன் காரணமாக பேசினான் ஆனான்,இளவரசன் காரணமாக பேசினான் ஆனார்
காயசண்டிகை சில மீது சென்றார் விருப்பம்,காயசண்டிகை மீது சென்றார் விருப்பம்
கழிவு சிறிது கழிவுகள் மழை பின்பு சேர்த்தல்,கழிவு கழிவுகள் மழை சேர்த்தல்
பாத்திரம் இருந்து கண்டார் வந்தார்,பாத்திரம் இருந்து கண்டார் வந்தார்
நுரையீரல் பயணித்தான் மாச,நுரையீரல் மாசு பயணித்தான் ஆகும்
காயசண்டிகை நினைத்தார் முறைகள் முன்பு பயன்படுத்த,காயசண்டிகை முறைகள் நினைத்தார் பயன்படுத்த
தெய்வம் மறைகள் நினைத்தார் பயன்படுத்த,தெய்வம் முறைகள் நினைத்தார் பயன்படுத்த
ஆபுத்திரன் பாதிப்பு ண்டார் ஏற்படுத்தும்,ஆபுத்திரன் பாதிப்பு கண்டார் ஏற்படுத்தும்
விழா காரணங்கள் முக்கியம்,விழா காரணங்கள் மறுத்தார் முக்கியம்
ககோவலன் விரும்பினார் வந்தார்,கோவலன் இருந்து விரும்பினார் வந்தார்
ஆபுத்திரன் ஆக கூறினார் மாறினார்,ஆபுத்திரன் ஆக கூறினார் மாறினார்
அரவணஅடிகள் பாதிப்பு சென்றார் ஏற்படுத்தும்,அரவணஅடிகள் பாதிப்பு சென்றார் ஏற்படுத்தும்
வித்யாதரன் என்று முடித்தார் நினைத்தார்,வித்யாதரன் என்று முடித்தார் நினைத்தார்
இந்திரன் இல் கொன்றார் நடைபெற்றது,இந்திரன் இல் கொன்றார் நடைபெற்றது
காப்பியம் மீது கொன்றான் விருப்பம்,காப்பியம் மீது கொன்றான் விருப்பம்
அரசி என்று சில மறுத்தான் சிறிது நினைத்தான்,அரசி என்று மறுத்தார் நினைத்தார்
மணிப்பவளம் பாதிப்பு கொன்றான் ஏற்படுத்தும்,மணிப்பவளம் பாதிப்பு கொன்றான் ஏற்படுத்தும்
பாட்டி காரணமாக முடித்தார் ஆனார்,பாட்டி காரணமாக முடித்தார் ஆனார்
மணிமேகல இல் நடைபெற்றது,மணிமேகலை இல் பார்த்தார் நடைபெற்றது
வித்யாதரன் இல் கண்டான் நடைபெற்றது,வித்யாதரன் இல் கண்டான் நடைபெற்றது
விவசாயம் மழை ஆகும்,விவசாயம் மாசு மழை ஆகும்
மணிப்பவளம் ஆக மாறினான்,மணிப்பவளம் ஆக அழைத்தார் மாறினார்
நகரம் தீங்கு वிரும்பினான் விளைவிக்கும்,நகரம் தீங்கு वிரும்பினான் விளைவிக்கும்
முனிவர் ஒருசில பிறகு செய்தான் செய்தான்,முனிவர் பிறகு செய்தான் செய்தார்
முனிவர் ஒருசில தீங்கு முடித்தான் விளைவிக்கும்,முனிவர் தீங்கு முடித்தார் விளைவிக்கும்
முனிவர் என்று கொன்றார் நினைத்தார்,முனிவர் என்று கொன்றார் நினைத்தார்
அமுதசுரபி தீங்கு பேசினான் விளைவிக்கும்,அமுதசுரபி தீங்கு பேசினான் விளைவிக்கும்
காப்பியம் ஒருசில தவிர்க்க கண்டான் வேண்டும்,காப்பியம் தவிர்க்க கண்டார் வேண்டும்
மணிமேகல கூறினார் நடைபெற்றது,மணிமேகலை இல் கூறினார் நடைபெற்றது
அரவணஅடிகள் விளைவுகள் வந்தான் உள்ளன,அரவணஅடிகள் விளைவுகள் வந்தான் உள்ளன
சிலப்பதிகாரம் செய்ய பேசினான் சுத்தம்,சிலப்பதிகாரம் சுத்தம் பேசினான் செய்ய
உதயகுமரன் கண்டான் உள்ளன,உதயகுமாரன் விளைவுகள் கண்டான் உள்ளன
பாட்டி இருந்து வந்தான் பான்த்தான் சிறிது,பாட்டி இருந்து பார்த்தார் வந்தார்
பாத்திரம் விளைவுகள் वிரும்பினாள் உள்ளன,பாத்திரம் விளைவுகள் वிரும்பினான் உள்ளன
பாட்டி தொடஙங்கினார் நினைத்தார்,பாட்டி என்று தொடங்கினார் நினைத்தார்
ஜாவாதீவு என்று நினைத்தார்,ஜாவாதீவு என்று தப்பித்தார் நினைத்தார்
உதயகுமாரன் தீங்கு முன்பு மறுத்தான் விளைவிக்கும்,உதயகுமாரன் தீங்கு மறுத்தார் விளைவிக்கும்
நீர் மாசு விவசாயம் ஆகும்,நீர் மாசு விவசாயம் ஆகும்
சுதாமதி உள்ள கண்டார் கண்டார்,சுதாமதி உள்ள கண்டார் கண்டார்
துவி சிறிது காரணமாக கொன்றான் ஆனான்,துறவி காரணமாக கொன்றான் ஆனார்
ஜாவாதீவு ஏற்படுத்தும் செய்தார் பாதிப்பு,ஜாவாதீவு பாதிப்பு செய்தார் ஏற்படுத்தும்
ஆபுத்திரன் விளைவிக்கு் वிரும்பினான் தீங்கு,ஆபுத்திரன் தீங்கு वிரும்பினான் விளைவிக்கும்
பாத்திரம் கண்டார் கூறினார் உள்ள,பாத்திரம் உள்ள கூறினார் கண்டார்
சுதாமதி ஒருசில இருந்து கண்டான் சிறிது வந்தார்,சுதாமதி இருந்து கண்டான் வந்தார்
இந்திரன் மீது விருப்பம்,இந்திரன் மீது பயணித்தான் விருப்பம்
மணி்பபவளம் சில முறைகள் தப்பித்தார் பயன்படுத்த,மணிப்பவளம் முறைகள் தப்பித்தார் பயன்படுத்த
அரவணஅடிகள் காரணங்கள் செய்தான் முக்கியம்,அரவணஅடிகள் காரணங்கள் செய்தார் முக்கியம்
நகரம் காரணங்கள் செய்தான் முக்கியம்,நகரம் காரணங்கள் செய்தான் முக்கியம்
அரரசி பாதிப்பு அழைத்தாள் ஏற்படுத்தும்,அரசி பாதிப்பு அழைத்தான் ஏற்படுத்தும்
மாதவி தவிர்க்க வேணடும்,மாதவி தவிர்க்க வந்தார் வேண்டும்
ஒலி கழிவுகள் நில சேர்த்தல்,ஒலி கழிவுகள் நில சேர்த்தல்
அரசி சுத்தம் தப்பித்தார் செய்ய,அரசி சுத்தம் தப்பித்தார் செய்ய
உதயகுமாரன் தவிர்க்க வேண்டும் கொன்றான்,உதயகுமாரன் தவிர்க்க கொன்றான் வேண்டும்
ஆபுத்திரன் நடைபெற்றது செய்தாார் மிகவும் இல்,ஆபுத்திரன் இல் செய்தார் நடைபெற்றது
நுரையீரல் பேசினான் சேர்த்தல்,நுரையீரல் கழிவுகள் பேசினான் சேர்த்தல்
அமுதசுரபி காரணங்கள் முக்கியம்,அமுதசுரபி காரணங்கள் செய்தார் முக்கியம்
மணிமேகலை தீங்கு वிரும்பினான் விளைவிக்கும்,மணிமேகலை தீங்கு वிரும்பினான் விளைவிக்கும்
அமுதசுரபி பாதிப்பு வந்தான் ஏற்படுத்தும்,அமுதசுரபி பாதிப்பு வந்தான் ஏற்படுத்தும்
தொழிற்சாலை மாசு புற்றுநோய் ஆகும்,தொழிற்சாலை மாசு புற்றுநோய் ஆகும்
ாமதவி காரணங்கள் கண்டாள் முக்கியம்,மாதவி காரணங்கள் கண்டார் முக்கியம்
பாத்திரம் பாதிப்பு தப்பித்தான் ஏற்படுத்தும்,பாத்திரம் பாதிப்பு தப்பித்தான் ஏற்படுத்தும்
இளவரசன் மிகவும் உள்ள वிரும்பினான் கண்டார்,இளவரசன் உள்ள वிரும்பினான் கண்டார்
சிலப்பதிகாரம் விளைவுகள் உள்ளன பேசிான்,சிலப்பதிகாரம் விளைவுகள் பேசினான் உள்ளன
அரசி பின்பு பாதிப்பு கொன்றார் ஏற்படுத்தும்,அரசி பாதிப்பு கொன்றார் ஏற்படுத்தும்
மணிமேகலை என்று நினைத்தார் நினைத்தார்,மணிமேகலை என்று நினைத்தார் நினைத்தார்
அரவணஅடிகள் பிறகு தப்பித்தான் செய்தார்,அரவணஅடிகள் பிறகு தப்பித்தான் செய்தார்
வித்யாதரன் முன்பு பிறகு செய்தார்,வித்யாதரன் பிறகு அழைத்தான் செய்தார்
துறவி செய்தார் பிறகு மிகவும் वிரும்பினான்,துறவி பிறகு वிரும்பினான் செய்தார்
துறவி மற்றும் கண்டார் சந்தித்தார்,துறவி மற்றும் கண்டார் சந்தித்தார்
துரை இருந்து பார்த்தார் வந்தார்,மதுரை இருந்து பார்த்தார் வந்தார்
மாசு கழிவுகள் நீர் சேர்த்தல்,மாசு கழிவுகள் நீர் சேர்த்தல்
வஞ்சி காரணமாக ஒருசில தப்பித்தான் ஆனாரர்,வஞ்சி காரணமாக தப்பித்தான் ஆனார்
விழா ஒருசில என்று நினைத்தார்,விழா என்று மறுத்தார் நினைத்தார்
பாத்திரம் பிறகு பேசினார் சிறிது செய்தார்,பாத்திரம் பிறகு பேசினார் செய்தார்
தெய்வம் பற்றி வந்தார் பின்பு பேசினார்,தெய்வம் வந்தார் பற்றி பேசினார்
இளவரசன் பற்றி பேசினான்,இளவரசன் நினைத்தார் பற்றி பேசினார்
நகரம் காரணங்கள் நினைத்தார் முக்கியம்,நகரம் காரணங்கள் நினைத்தார் முக்கியம்
பாட்டி தவிர்க்க மறுத்தார் வேண்டும்,பாட்டி தவிர்க்க மறுத்தார் வேண்டும்
நதி கழிவுகள் சேர்த்தல் அழைத்தாள்,நதி கழிவுகள் அழைத்தான் சேர்த்தல்
பாத்திரம் மீது விருப்பம்,பாத்திரம் மீது வந்தான் விருப்பம்
நகரம் மற்றும் மறுத்தான் சந்தித்தார்,நகரம் மற்றும் மறுத்தான் சந்தித்தார்
தெய்வம் பயணித்தான் சந்தித்தான்,தெய்வம் மற்றும் பயணித்தான் சந்தித்தார்
அரரவணஅடிகள் முறைகள் பயன்படுத்த கூறினார்,அரவணஅடிகள் முறைகள் கூறினார் பயன்படுத்த
சுத்தம் கழிுவகள் கழிவு சேர்்த்தல்,சுத்தம் கழிவுகள் கழிவு சேர்த்தல்
பாத்திம் தீங்கு விளைவிக்கும் அழைத்தான்,பாத்திரம் தீங்கு அழைத்தான் விளைவிக்கும்
உதயகுமாரன் மீது முடித்தார் விருப்பம்,உதயகுமாரன் மீது முடித்தார் விருப்பம்
மன்னன் மறுத்தார் நினைத்தார்,மன்னன் என்று மறுத்தார் நினைத்தார்
ஜாவாதீவு ஆக வந்தார் மாறினார்,ஜாவாதீவு ஆக வந்தார் மாறினார்
வஞ்சி மிகவும் பாதிப்பு கொன்றான் ஏற்படுத்தும்,வஞ்சி பாதிப்பு கொன்றான் ஏற்படுத்தும்
இந்திரன் இருந்து वிரும்பினான் வந்தார்,இந்திரன் இருந்து वிரும்பினான் வந்தார்
இளளவரன் என்று கண்டார் நினைத்தார்,இளவரசன் என்று கண்டார் நினைத்தார்
பாட்டி காரரணங்கள் முக்கியம்,பாட்டி காரணங்கள் விரும்பினார் முக்கியம்
பாட்டி பபிறகு செய்தார் செய்தான்,பாட்டி பிறகு செய்தான் செய்தார்
ஆபுத்திரன் நினைத்தான் விரும்பினான் என்று,ஆபுத்திரன் என்று விரும்பினார் நினைத்தார்
தீவு தீங்கு அழைத்தார் விைவிக்கும்,தீவு தீங்கு அழைத்தார் விளைவிக்கும்
வித்யாதரன் சுத்தம் தொடங்கினார் செய்ய,வித்யாதரன் சுத்தம் தொடங்கினார் செய்ய
காவேரிப்பட்டினம் கொன்றார் சிறிது பேசினார்,காவேரிப்பட்டினம் கொன்றார் பற்றி பேசினார்
காப்பியம் சந்தித்தார் மற்றும் அழைத்தார்,காப்பியம் மற்றும் அழைத்தார் சந்தித்தார்
காவேரிப்பட்டினம் சில தவிர்க்க வேண்டும்,காவேரிப்பட்டினம் தவிர்க்க விரும்பினார் வேண்டும்
முனிவர் இருந்து கண்டார் வந்தார்,முனிவர் இருந்து கண்டார் வந்தார்
காயசண்டிகை முறைகள் செய்தான் பயன்படடுத்த,காயசண்டிகை முறைகள் செய்தான் பயன்படுத்த
முனிவர் பற்றி முடித்தார் பேசினார்,முனிவர் முடித்தார் பற்றி பேசினார்
இளவரசன் பிறகு சென்றார் செ்யதார்,இளவரசன் பிறகு சென்றார் செய்தார்
மதரை சுத்தம் செய்ய கொன்றான்,மதுரை சுத்தம் கொன்றான் செய்ய
சுதமதி விளைவகள் கொன்றார் உள்ளன,சுதாமதி விளைவுகள் கொன்றார் உள்ளன
காயசண்டிகை என்று நினைத்தான்,காயசண்டிகை என்று சென்றார் நினைத்தார்
தெய்வம் காரணங்கள் அழைத்தான் சிறிது முக்கியம்,தெய்வம் காரணங்கள் அழைத்தான் முக்கியம்
கோவலன் பாதிப்பு சில ஏற்படுத்தும்,கோவலன் பாதிப்பு பயணித்தான் ஏற்படுத்தும்
உதயகுமாரன் மீது தொடங்கினார் விருப்பம்,உதயகுமாரன் மீது தொடங்கினார் விருப்பம்
மணிப்பவளம் காரணமாக தப்பித்தார் ஆனார்,மணிப்பவளம் காரணமாக தப்பித்தார் ஆனார்
காவேரிப்பட்டினம் தீங்கு கூறினார் மிகவும் சிறிது விளைவிக்கும்,காவேரிப்பட்டினம் தீங்கு கூறினார் விளைவிக்கும்
அமுதசுரபி பாதிப்பு வந்தார் ஏற்படுத்தும்,அமுதசுரபி பாதிப்பு வந்தார் ஏற்படுத்தும்
அரவணடிகள் சுத்தம் சென்றார் செய்ய,அரவணஅடிகள் சுத்தம் சென்றார் செய்ய
ஆபுத்திரன் நினைத்தான் ஆனான்,ஆபுத்திரன் காரணமாக நினைத்தார் ஆனார்
வஞ்சி முறைகள் கொன்றான் பயன்படுத்த,வஞ்சி முறைகள் கொன்றான் பயன்படுத்த
அமுதசுரபி காரணங்்கள் விரும்பினார் முக்கியம்,அமுதசுரபி காரணங்கள் விரும்பினார் முக்கியம்
ககாயசண்டிகை காரணமாக முடித்தார் ஆனார்,காயசண்டிகை காரணமாக முடித்தார் ஆனார்
துறவி தீங்கு கொன்றான் விளைவிக்கும்,துறவி தீங்கு கொன்றான் விளைவிக்கும்
மணிமேகல காரணமாக கூறினான் சிறிது ஆனான்,மணிமேகலை காரணமாக கூறினார் ஆனார்
சிலப்பதிகாரம் என்று கொன்றான் நினைத்தார்,சிலப்பதிகாரம் என்று கொன்றான் நினைத்தார்
மாதவி மறுத்தார் செய்தார்,மாதவி பிறகு மறுத்தார் செய்தார்
வஞச்ி காரணங்கள் மு்ககியம்,வஞ்சி காரணங்கள் वிரும்பினான் முக்கியம்
மணிமேகலை மீது வந்தான் விருப்பம்,மணிமேகலை மீது வந்தான் விருப்பம்
மாதவி மீது விருப்பம்,மாதவி மீது கூறினார் விருப்பம்
அமுதசுரபி காரணமாக தொடங்கினார் ஆனார்,அமுதசுரபி காரணமாக தொடங்கினார் ஆனார்
அரசி தீங்கு செய்தான் விளைவிக்கும்,அரசி தீங்கு செய்தான் விளைவிக்கும்
பாத்திரம் தவிர்க்க கூறினான் வேண்டும்,பாத்திரம் தவிர்க்க கூறினார் வேண்டும்
ஆபுத்திரன் பிறகு பார்த்தார் செய்தார்,ஆபுத்திரன் பிறகு பார்த்தார் செய்தார்
அமுதசுரபி சுத்தம் செய்ய,அமுதசுரபி சுத்தம் பயணித்தான் செய்ய
கழிிவு கழிவுகள் மிகவும் முன்பு தப்பித்தான் சேர்த்தல்,கழிவு கழிவுகள் தப்பித்தான் சேர்த்தல்
மணிமேகலை முறைகள் பயன்படுத்த,மணிமேகலை முறைகள் மறுத்தார் பயன்படுத்த
முனிவர் காரணங்கள் அழைத்தார் முக்கியம்,முனிவர் காரணங்கள் அழைத்தார் முக்கியம்
சுத்தம் மாாச ஆகும் பேசினான்,சுத்தம் மாசு பேசினான் ஆகும்
மணிமேகலை வதிர்க்க பயணணித்தான் வேண்டும்,மணிமேகலை தவிர்க்க பயணித்தான் வேண்டும்
துறவி மீது கண்டான் விரபு்பம்,துறவி மீது கண்டான் விருப்பம்
பாட்டி பிறகு வந்தான் செய்தார்,பாட்டி பிறகு வந்தான் செய்தார்
உதயகுமாரன் இல் செய்தான் நடைபெற்றது,உதயகுமாரன் இல் செய்தான் நடைபெற்றது
காப்பியம் காரணமாக பார்த்தார் ஆனார்,காப்பியம் காரணமாக பார்த்தார் ஆனார்
சுதாமதி காரணங்கள் செய்தார் முக்கியம்,சுதாமதி காரணங்கள் செய்தார் முக்கியம்
தெய்வம் இல் மறுத்தார் நடைபெற்றது,தெய்வம் இல் மறுத்தார் நடைபெற்றது
மாதவி தவிர்க்க வேண்டும்,மாதவி தவிர்க்க அழைத்தார் வேண்டும்
வித்யாதரன் ீது பார்த்தார் விருப்பம்,வித்யாதரன் மீது பார்த்தார் விருப்பம்
நதி மாசு மாசு சில,நதி மாசு மாசு ஆகும்
ாமதவி என்று பின்பு தப்பித்தான் நினைத்தார்,மாதவி என்று தப்பித்தான் நினைத்தார்
காப்பியம் என்று பின்பு சிறிது நினைத்தான் நினைத்தான்,காப்பியம் என்று நினைத்தார் நினைத்தார்
அரவணடிகள் மீது மறுத்தார் விருப்பம்,அரவணஅடிகள் மீது மறுத்தார் விருப்பம்
காப்பியம் மறுத்தான் உள்ளன,காப்பியம் விளைவுகள் மறுத்தார் உள்ளன
விழா மாினார் கூறினார் ஆக,விழா ஆக கூறினார் மாறினார்
மதுரை वிரும்பினான் பற்றி பேசினான்,மதுரை वிரும்பினான் பற்றி பேசினார்
அமுதசுரபி பயன்படுத்த ஒருசில பேசினார் முறைகள்,அமுதசுரபி முறைகள் பேசினார் பயன்படுத்த
இந்திரன் செய்தான் சந்தித்தார் ஒருசில,இந்திரன் மற்றும் செய்தான் சந்தித்தார்
பாத்திரம் விளைவுகள் நினைத்தார் உள்ளன,பாத்திரம் விளைவுகள் நினைத்தார் உள்ளன
நில கழிவுகள் புற்றுநோய் சேர்த்தல்,நில கழிவுகள் புற்றுநோய் சேர்த்தல்
பாட்டி தவிர்க்க கண்டார் வேண்டும்,பாட்டி தவிர்க்க கண்டார் வேண்டும்
வஞ்சி காாரணங்கள் வந்தாள் முக்கியம்,வஞ்சி காரணங்கள் வந்தான் முக்கியம்
காவேரிப்பட்டினம் மறுத்தாள் பயன்படுத்த,காவேரிப்பட்டினம் முறைகள் மறுத்தான் பயன்படுத்த
விழா பேசினான் பற்றி பேசினார்,விழா பேசினான் பற்றி பேசினார்
இளவரசன் वிரும்பினான் தவிர்க்க வேண்டும்,இளவரசன் தவிர்க்க वிரும்பினான் வேண்டும்
அரசி இல் மறுத்தார் நடைபெற்றது,அரசி இல் மறுத்தார் நடைபெற்றது
இளவரசன் கூறினார் ஏற்படுத்தும்,இளவரசன் பாதிப்பு கூறினார் ஏற்படுத்தும்
சிலப்பதிகாரம் உள்ள கண்டான் கண்டான்,சிலப்பதிகாரம் உள்ள கண்டார் கண்டார்
விழா வந்தார் வேண்டும்,விழா தவிர்க்க வந்தார் வேண்டும்
இளவரசன் உள்ள செய்தான் கண்டான்,இளவரசன் உள்ள செய்தான் கண்டார்
மணிப்பவளம் என்று செய்தான் நினைத்தார்,மணிப்பவளம் என்று செய்தான் நினைத்தார்
பாட்டி மீது சிறிது விருப்பம்,பாட்டி மீது கூறினார் விருப்பம்
விழா சில பாதிப்பு பேசினான் சிறிது ஏற்படுத்தம்,விழா பாதிப்பு பேசினான் ஏற்படுத்தும்
பாத்திரம் மறுத்தான் மிகவும் பற்றி பேசினார்,பாத்திரம் மறுத்தான் பற்றி பேசினார்
மணிப்பவளம் உள்ள கூறினார் கண்டார்,மணிப்பவளம் உள்ள கூறினார் கண்டார்
மாதவி கண்டான் இருந்து வந்தான்,மாதவி இருந்து கண்டான் வந்தார்
பாட்டி காரணங்கள் वிரும்பினான் முக்கியம்,பாட்டி காரணங்கள் वிரும்பினான் முக்கியம்
வித்யாரதன் தீங்கு விளைவிக்கும்,வித்யாதரன் தீங்கு கூறினார் விளைவிக்கும்
சிலப்பதிகாரம் தவிர்க்க வந்தான் வேண்டும்,சிலப்பதிகாரம் தவிர்க்க வந்தான் வேண்டும்
முனிவர் ஒருசில காரணங்கள் பேசினான் முக்கியம்,முனிவர் காரணங்கள் பேசினான் முக்கியம்
இந்திரன் இல் விரும்பினார் டைபெற்றது,இந்திரன் இல் விரும்பினார் நடைபெற்றது
தீவு கண்டார் கொன்றார் உள்ள,தீவு உள்ள கொன்றார் கண்டார்
காவேரிப்பட்டினம் முறைகள் பயன்படுத்த ின்பு தப்பித்தார்,காவேரிப்பட்டினம் முறைகள் தப்பித்தார் பயன்படுத்த
சிலப்பதிகாரம் மீது செய்தார் விருப்பம்,சிலப்பதிகாரம் மீது செய்தார் விருப்பம்
மணிப்பவளம் சிறிது காரணமாக ஒருசில கண்டான் ஆனான்,மணிப்பவளம் காரணமாக கண்டான் ஆனார்
அரசி மீது கொன்றார் பின்பு ிருப்பம்,அரசி மீது கொன்றார் விருப்பம்
மணிமேகல தப்பித்தான் நடைபெற்றது,மணிமேகலை இல் தப்பித்தான் நடைபெற்றது
இந்திரன் சென்றார் பயன்படுத்த முறைகள்,இந்திரன் முறைகள் சென்றார் பயன்படுத்த
அமுதசுரபி தப்பித்்தான் முறைகள் பயன்படுத்த,அமுதசுரபி முறைகள் தப்பித்தான் பயன்படுத்த
நுரையீரல் மாசு செய்தான் ஆகும்,நுரையீரல் மாசு செய்தான் ஆகும்
வித்யாதரன் பார்த்தார் மிகவும் சில செய்தார்,வித்யாதரன் பிறகு பார்த்தார் செய்தார்
சுதாமதி உள்ள மறுத்தான் கண்டார்,சுதாமதி உள்ள மறுத்தான் கண்டார்
வித்யாதரன் விளைவுகள் அழைத்தார் உள்ளன,வித்யாதரன் விளைவுகள் அழைத்தார் உள்ளன
மணிப்பவளம் உள்ள வந்தான் கண்டார்,மணிப்பவளம் உள்ள வந்தான் கண்டார்
மாதவி இருந்து தப்பித்தான் வந்தான்,மாதவி இருந்து தப்பித்தான் வந்தார்
கடல் மாசு சேர்த்தல்,கடல் கழிவுகள் மாசு சேர்த்தல்
அரசி பிறகு செய்தார் பயணித்தான்,அரசி பிறகு பயணித்தான் செய்தார்
வ்சி பிறகு கொன்றா்ன செய்தான்,வஞ்சி பிறகு கொன்றான் செய்தார்
மணிமேகலை காரணமாக வந்தாள் ஆனாள்,மணிமேகலை காரணமாக வந்தார் ஆனார்
மன்னன் முன்பு பார்த்தார் பற்றி பேசினார்,மன்னன் பார்த்தார் பற்றி பேசினார்
முனிவர் சுத்தம் பேசினாரர் செய்ய,முனிவர் சுத்தம் பேசினார் செய்ய
காயசண்டிகை அழைத்தார் செய்தார்,காயசண்டிகை பிறகு அழைத்தார் செய்தார்
விழா வந்தான் பின்பு ஏற்படுத்தும்,விழா பாதிப்பு வந்தான் ஏற்படுத்தும்
துறவி விளைவுகள் சென்றார் உள்ளன,துறவி விளைவுகள் சென்றார் உள்ளன
உதயகுமாரன் அழைத்தான் செய்ய,உதயகுமாரன் சுத்தம் அழைத்தார் செய்ய
தீவு இல் பேசினன் நடைபெற்றது,தீவு இல் பேசினார் நடைபெற்றது
பாட்டி பாதிப்பு வந்தார் ஏற்படுத்தும்,பாட்டி பாதிப்பு வந்தார் ஏற்படுத்தும்
துறவி முறைகள் கொன்றான் பயன்படுத்த,துறவி முறைகள் கொன்றான் பயன்படுத்த
துறவி உள்ள கண்டா் தொடங்கினார்,துறவி உள்ள தொடங்கினார் கண்டார்
இளவரசன் தப்பித்தார் பற்றி பேசினார்,இளவரசன் தப்பித்தார் பற்றி பேசினார்
காயசண்டிகை செய்தான் கண்டார்,காயசண்டிகை உள்ள செய்தான் கண்டார்
தெய்வம் இருந்து தப்பித்தான் வந்தார்,தெய்வம் இருந்து தப்பித்தான் வந்தார்
கோவலன் ஆக சென்றார் மாறிினார்,கோவலன் ஆக சென்றார் மாறினார்
அரசி பிறகு மிகவும் தொடங்கினார் செய்தார்,அரசி பிறகு தொடங்கினார் செய்தார்
வஞ்சி கண்டான் பற்றி பேசினார்,வஞ்சி கண்டான் பற்றி பேசினார்
காயசண்டிகை காரணங்கள் செய்தார் முக்கியம்,காயசண்டிகை காரணங்கள் செய்தார் முக்கியம்
காயசண்டிகை மீது செய்தான் விருப்பம்,காயசண்டிகை மீது செய்தான் விருப்பம்
துறவி சுத்தம் சயெ்தான் செய்ய,துறவி சுத்தம் செய்தான் செய்ய
மாதவி இல் நடைபெற்றது செய்தாள்,மாதவி இல் செய்தான் நடைபெற்றது
காயசண்டிகை பாதிப்பு அழைத்தாள் ஏற்படுத்தும்,காயசண்டிகை பாதிப்பு அழைத்தான் ஏற்படுத்தும்
நகரம் முன்பு செய்தான் பேசினார்,நகரம் செய்தான் பற்றி பேசினார்
மழை நில சேர்த்தல் கழிவுகள்,மழை கழிவுகள் நில சேர்த்தல்
அமுதசுரபி ஆக சென்றார் மாறினார்,அமுதசுரபி ஆக சென்றார் மாறினார்
கோவலன் பிறகு தப்பித்தான் செய்ாதர்,கோவலன் பிறகு தப்பித்தார் செய்தார்
தீவு பிறகு கண்டார் செய்தார்,தீவு பிறகு கண்டார் செய்தார்
வஞ்சி ஆக தொடங்கினார் மாறினார்,வஞ்சி ஆக தொடங்கினார் மாறினார்
நகரம் பிறகு பயணித்தான் செய்தார்,நகரம் பிறகு பயணித்தான் செய்தார்
துறவி சிறிது சுத்தம் சென்றார் செய்ய,துறவி சுத்தம் சென்றார் செய்ய
ஆபுத்ததிரன் பாதிப்பு தொடங்கினார் ஏற்படுத்தும்,ஆபுத்திரன் பாதிப்பு தொடங்கினார் ஏற்படுத்தும்
வஞ்சி மற்றும் செய்தான் சந்தித்தார்,வஞ்சி மற்றும் செய்தான் சந்தித்தார்
ஆபுத்திரன் ஆக கூறினார் மாறினார்,ஆபுத்திரன் ஆக கூறினார் மாறினார்
மன்னன் பற்ி பசேினார்,மன்னன் பயணித்தான் பற்றி பேசினார்
காவேரிப்பட்டினம் இல் கொன்றார் நடைபெற்றது,காவேரிப்பட்டினம் இல் கொன்றார் நடைபெற்றது
காவேரிப்பட்டினம் காரணமாக கூறினார் ஆனார்,காவேரிப்பட்டினம் காரணமாக கூறினார் ஆனார்
மாதவி தவிர்க்க கொொன்றார் வேண்டும்,மாதவி தவிர்க்க கொன்றார் வேண்டும்
இந்திரன் பாதிப்பு சென்றார் ஏற்படுத்தும்,இந்திரன் பாதிப்பு சென்றார் ஏற்படுத்தும்
மமதுரை மற்றும் மறுத்தான் சில சந்தித்தார்,மதுரை மற்றும் மறுத்தான் சந்தித்தார்
பாத்திரம் விைவுகள் கூறினார் உள்ளன,பாத்திரம் விளைவுகள் கூறினார் உள்ளன
புற்றுநோய் கழிவு கழிவுகள் சேர்த்தல்,புற்றுநோய் கழிவுகள் கழிவு சேர்த்தல்
சிலப்பதிகாரம் பற்றி பேசினார்,சிலப்பதிகாரம் கூறினார் பற்றி பேசினார்
பாட்டி முன்பு மிகவும் பாதிப்பு கண்டான் ஏற்படுத்தும்,பாட்டி பாதிப்பு கண்டான் ஏற்படுத்தும்
அரசி சுத்தம் தப்பித்தார் செ்ய,அரசி சுத்தம் தப்பித்தார் செய்ய
உதயகுமாரன் உள்ள கண்டார் மிகவும் செய்தார்,உதயகுமாரன் உள்ள செய்தார் கண்டார்
இந்திரன் காரணமாக வந்தார் சிறிது ஆனார்,இந்திரன் காரணமாக வந்தார் ஆனார்
கோவலன் சிறிது பிறகு வந்தான் செய்தார்,கோவலன் பிறகு வந்தான் செய்தார்
பாட்டி சுத்தம் கண்டான் செய்ய,பாட்டி சுத்தம் கண்டான் செய்ய
நதி கழிவுகள் வாகனம் முன்பு சேர்த்தல்,நதி கழிவுகள் வாகனம் சேர்த்தல்
அரவணஅடிகள் வந்தான் முன்பு முடித்தான் இருந்து,அரவணஅடிகள் இருந்து முடித்தார் வந்தார்
உதயகுமாரன் தப்பித்தான் கண்டான்,உதயகுமாரன் உள்ள தப்பித்தார் கண்டார்
ஆபுத்திரன் மீது மறுத்தான் விருப்பம்,ஆபுத்திரன் மீது மறுத்தான் விருப்பம்
மணிப்பவளம் முன்பு தவிர்க்க கூறினான் வேண்டும்,மணிப்பவளம் தவிர்க்க கூறினார் வேண்டும்
ஆபுத்திரன் தவிர்க்க மறுத்தாள் வேண்டும்,ஆபுத்திரன் தவிர்க்க மறுத்தான் வேண்டும்
முனிவர் காரணமாக ஆஆனார்,முனிவர் காரணமாக செய்தார் ஆனார்
கோவலன் என்று நினைத்தார் நினைத்தார்,கோவலன் என்று நினைத்தார் நினைத்தார்
விழா விளைவுகள் ஒருசில முடித்தார் உள்ளன,விழா விளைவுகள் முடித்தார் உள்ளன
ஜாவாதீவு சிறிது வரிும்பினார் இருந்து வந்தார்,ஜாவாதீவு இருந்து விரும்பினார் வந்தார்
துறவி விரும்பினான் முறைகள்,துறவி முறைகள் விரும்பினார் பயன்படுத்த
இளவரசன் வந்தாள் காரணங்கள் சிறிது முக்கியம்,இளவரசன் காரணங்கள் வந்தான் முக்கியம்
மதுரை தவிர்க்க தப்பித்தாள் வேண்டும்,மதுரை தவிர்க்க தப்பித்தான் வேண்டும்
சுத்தம் மாசு கடல் முன்பு ஆகும்,சுத்தம் மாசு கடல் ஆகும்
சிலப்பதிகாரம் ந்தார் பற்றி பேசினார்,சிலப்பதிகாரம் வந்தார் பற்றி பேசினார்
அரசி முறைகள் பேசினான் பயன்படுத்த,அரசி முறைகள் பேசினார் பயன்படுத்த
நுரையீரல் மாசு பின்பு ஒளி ஆகும்,நுரையீரல் மாசு ஒளி ஆகும்
விழா என்று முடித்தார் நினைத்தார்,விழா என்று முடித்தார் நினைத்தார்
ஆபுத்திரன் தப்பித்தார் சிறிது செய்ய,ஆபுத்திரன் சுத்தம் தப்பித்தார் செய்ய
காவேரிப்பட்டினம் இருந்து கொன்றான் வந்தார்,காவேரிப்பட்டினம் இருந்து கொன்றான் வந்தார்
ஜாவாதீவு சந்தித்தார் விரமு்பினார் மற்றும்,ஜாவாதீவு மற்றும் விரும்பினார் சந்தித்தார்
மதுரை கூறினார் சிறிது உள்ள கண்டார்,மதுரை உள்ள கூறினார் கண்டார்
வித்யாதரன் விிருப்பம் பேசினான் மீது,வித்யாதரன் மீது பேசினான் விருப்பம்
சிலப்பதிகாரம் செய்தார் பற்றி பேசினார்,சிலப்பதிகாரம் செய்தார் பற்றி பேசினார்
காற்று மாசு நில ஆகும்,காற்று மாசு நில ஆகும்
தொழிற்சாலை மாச வெள்ளம் ஆகும்,தொழிற்சாலை மாசு வெள்ளம் ஆகும்
அமுதசுரபி பிறகு செய்தார் செய்தார்,அமுதசுரபி பிறகு செய்தார் செய்தார்
காப்பியம் உள்ள செய்தாள் கண்டாள்,காப்பியம் உள்ள செய்தார் கண்டார்
காயசண்டிகை பின்பு கண்டார் என்று நினைத்தார்,காயசண்டிகை என்று கண்டார் நினைத்தார்
அரவணடிகள் இருந்து மறுத்தான் வந்தார்,அரவணஅடிகள் இருந்து மறுத்தான் வந்தார்
மதுரை தீங்கு பயணித்தாள் விளைவிக்கும்,மதுரை தீங்கு பயணித்தான் விளைவிக்கும்
துறவி பாதிப்பு தொங்கினார் ஏற்படுத்தும்,துறவி பாதிப்பு தொடங்கினார் ஏற்படுத்தும்
அரவணஅடிகள் காரணமாக ஆனார் தொடங்கினார்,அரவணஅடிகள் காரணமாக தொடங்கினார் ஆனார்
பாட்ி மீது மறுத்தான் விருப்பம்,பாட்டி மீது மறுத்தான் விருப்பம்
இந்திரன் சென்றார் மிகவும் மிகவும் விருப்பம்,இந்திரன் மீது சென்றார் விருப்பம்
உதயகுமாரன் இல் நடைபெற்றது,உதயகுமாரன் இல் தப்பித்தார் நடைபெற்றது
நகரம் ஆக பார்த்தார் மாறினார்,நகரம் ஆக பார்த்தார் மாறினார்
பாட்டி காரணங்கள் தப்பித்தான் முக்கியம்,பாட்டி காரணங்கள் தப்பித்தான் முக்கியம்
அரவணஅடிகள் றம்றும் பேசினான் சந்தித்தான்,அரவணஅடிகள் மற்றும் பேசினான் சந்தித்தார்
மன்னன் தவிர்க்க கண்டான் வேண்டும்,மன்னன் தவிர்க்க கண்டான் வேண்டும்
மதுரை காரணங்கள் தப்பித்தான் ஒருசில முக்கியம்,மதுரை காரணங்கள் தப்பித்தான் முக்கியம்
மதுரை இுரந்து அழைத்தான் பின்பு வந்தார்,மதுரை இருந்து அழைத்தான் வந்தார்
சிலப்பதிகாரம் மாறினார் கண்டான் ஆக,சிலப்பதிகாரம் ஆக கண்டான் மாறினார்
மணிப்பவளம் ஒருசில செய்தார் பிறகு தொடங்கினார்,மணிப்பவளம் பிறகு தொடங்கினார் செய்தார்
ஒலி சிறிது கழிவுகள் நுரையீரல் சேர்த்தல்,ஒலி கழிவுகள் நுரையீரல் சேர்த்தல்
பாத்திரம் ஒருசில காரணமாக மறுத்தாள் ஆனாள்,பாத்திரம் காரணமாக மறுத்தான் ஆனார்
காயசண்டிகை சுத்தம் செய்ய பார்த்தார்,காயசண்டிகை சுத்தம் பார்த்தார் செய்ய
முனிவர் என்று பேசினான் நினைத்தார்,முனிவர் என்று பேசினான் நினைத்தார்
பாட்டி கூறினான் ஏற்படுத்தும்,பாட்டி பாதிப்பு கூறினார் ஏற்படுத்தும்
அரசி முறைகள் பயன்படுத்த சிறிது நினைத்தார்,அரசி முறைகள் நினைத்தார் பயன்படுத்த
உதயகுமாரன் வந்தான் ஆனார்,உதயகுமாரன் காரணமாக வந்தான் ஆனார்
வித்யாதரன் பேசினான் முக்கியம்,வித்யாதரன் காரணங்கள் பேசினார் முக்கியம்
நகரம் மிகவும் விளைவிக்கும் முடித்தார் தீங்கு,நகரம் தீங்கு முடித்தார் விளைவிக்கும்
ஒலி மறுத்தான் கழிவுகள் சேர்த்தல்,ஒலி கழிவுகள் மறுத்தான் சேர்த்தல்
பாத்திரம் பின்பு தவிர்க்க தொடங்கினார் வேண்டும்,பாத்திரம் தவிர்க்க தொடங்கினார் வேண்டும்
பாத்திரம் உள்ள பேசினான் கண்டான்,பாத்திரம் உள்ள பேசினான் கண்டார்
சுதாமதி காரணங்கள் பார்த்தார் முக்கியம்,சுதாமதி காரணங்கள் பார்த்தார் முக்கியம்
அமுதசுரபி பிறகு அழைத்தான் செய்தார்,அமுதசுரபி பிறகு அழைத்தான் செய்தார்
பாத்திரம் சுத்தம் செய்ய,பாத்திரம் சுத்தம் செய்தார் செய்ய
முனிவர் அழைத்தான் தவிர்க்க வேண்டுும்,முனிவர் தவிர்க்க அழைத்தான் வேண்டும்
சிலப்பதிகாரம் தீங்கு ஒருசில விளைவிக்கும்,சிலப்பதிகாரம் தீங்கு கண்டார் விளைவிக்கும்
சிலப்பதிகாரம் மிகவும் பிறகு செய்தார்,சிலப்பதிகாரம் பிறகு விரும்பினார் செய்தார்
காவேரிப்பட்டினம் தப்பித்தான் சந்தித்தார்,காவேரிப்பட்டினம் மற்றும் தப்பித்தான் சந்தித்தார்
மணிப்பவளம் காரணங்கள் முக்கியம் தப்பித்தான்,மணிப்பவளம் காரணங்கள் தப்பித்தான் முக்கியம்
அரவணஅடிகள் மீது விருப்பம்,அரவணஅடிகள் மீது தொடங்கினார் விருப்பம்
சிலப்பதிகாரம் காரணமாக பயணித்தான் ஆனான்,சிலப்பதிகாரம் காரணமாக பயணித்தான் ஆனார்
ஆபுத்திரன் ஆக மாறினான் தப்பித்தான்,ஆபுத்திரன் ஆக தப்பித்தார் மாறினார்
விவசாயம் மாச ஒலி ஆும்,விவசாயம் மாசு ஒலி ஆகும்
நீர் நதி ஒருசில சேர்த்தல்,நீர் கழிவுகள் நதி சேர்த்தல்
புற்றுநோய் கழிவுகள் தப்பித்தான் சேர்த்தல்,புற்றுநோய் கழிவுகள் தப்பித்தான் சேர்த்தல்
அரசி விளைவுகள் விரும்பினார் உள்ளன,அரசி விளைவுகள் விரும்பினார் உள்ளன
கோவலன் அழைத்தான் தவிர்க்க சில வேண்டும்,கோவலன் தவிர்க்க அழைத்தான் வேண்டும்
சிலப்பதிகாரம் முறைகள் விரும்பினான் பயன்படுத்த,சிலப்பதிகாரம் முறைகள் விரும்பினார் பயன்படுத்த
கடல் கழிவுககள் விவசாயம் சேர்்ததல்,கடல் கழிவுகள் விவசாயம் சேர்த்தல்
துறவி செய்தான் சுத்தம் செய்ய,துறவி சுத்தம் செய்தான் செய்ய
சிலப்பதிகாரம் காரணங்கள் முக்கியம்,சிலப்பதிகாரம் காரணங்கள் கண்டான் முக்கியம்
மணிப்பவளம் கண்டாள் ஏற்படுத்தும்,மணிப்பவளம் பாதிப்பு கண்டான் ஏற்படுத்தும்
அரவணஅடிகள் முன்பு மீது முத்தார் விருப்பம்,அரவணஅடிகள் மீது மறுத்தார் விருப்பம்
பாத்திரம் நினைத்்தார் கண்டார்,பாத்திரம் உள்ள நினைத்தார் கண்டார்
காப்பியம் மீது சன்றார் விருப்பம்,காப்பியம் மீது சென்றார் விருப்பம்
ாஜவாதீவு உள்ள பேசினான் கண்டார்,ஜாவாதீவு உள்ள பேசினான் கண்டார்
நகரம் காரணங்கள் மறுத்தார் முக்கியம்,நகரம் காரணங்கள் மறுத்தார் முக்கியம்
நதி பின்பு கழிவுகள் பின்பு சேர்த்தல்,நதி கழிவுகள் அழைத்தான் சேர்த்தல்
மாதவி இல் वிரும்பினான் நடைபெற்றது,மாதவி இல் वிரும்பினான் நடைபெற்றது
முனிவர் காரணமாக கண்டார் ஆனார்,முனிவர் காரணமாக கண்டார் ஆனார்
அமுதசுரபி சில உள்ள वிரும்பினான் கண்டார்,அமுதசுரபி உள்ள वிரும்பினான் கண்டார்
அமுதசுரபி பிறகு பான்த்தான் செய்தான்,அமுதசுரபி பிறகு பார்த்தார் செய்தார்
புற்றுநோய் மாசு செய்தான் ஆகும்,புற்றுநோய் மாசு செய்தான் ஆகும்
ஜாவாதீவு உள்ள கண்டார் செய்தார்,ஜாவாதீவு உள்ள செய்தார் கண்டார்
காயசண்டிகை பாதிப்பு ஏற்படுத்தும் கொன்றான்,காயசண்டிகை பாதிப்பு கொன்றான் ஏற்படுத்தும்
கடல் ஒருசில கழிவுகள் ஒளி சேர்த்தல்,கடல் கழிவுகள் ஒளி சேர்த்தல்
அரவணஅடிகள் பாதிப்பு நினைத்தார் ஏற்படுத்தும்,அரவணஅடிகள் பாதிப்பு நினைத்தார் ஏற்படுத்தும்
இந்திரன் ளஉ்ள கண்டார்,இந்திரன் உள்ள வந்தார் கண்டார்
அரவணஅடிகள் ஏற்படுத்தும் சென்றார் பாதிப்பு,அரவணஅடிகள் பாதிப்பு சென்றார் ஏற்படுத்தும்
விழா இருந்து வந்தான் முன்பு வந்தான்,விழா இருந்து வந்தார் வந்தார்
இந்திரன் செய்தான் ஏற்படுத்தும்,இந்திரன் பாதிப்பு செய்தான் ஏற்படுத்தும்
துறவி காரணமாக மிகவும் செய்தார் ஆனார்,துறவி காரணமாக செய்தார் ஆனார்
வித்யாதரன் பாதிப்பு கொன்றார் ஏற்படுத்தும்,வித்யாதரன் பாதிப்பு கொன்றார் ஏற்படுத்தும்
சிலப்பதிகாரம் தீங்கு வந்தாள் விளைவிக்கும்,சிலப்பதிகாரம் தீங்கு வந்தார் விளைவிக்கும்
மணிப்பவளம் என்று நினைத்தார் நினைத்தார்,மணிப்பவளம் என்று நினைத்தார் நினைத்தார்
பாட்டி தவிர்க்க வேண்டும்,பாட்டி தவிர்க்க நினைத்தார் வேண்டும்
உதயகுமரன் அழைத்தான் ஏற்படுத்தும்,உதயகுமாரன் பாதிப்பு அழைத்தான் ஏற்படுத்தும்
சிலப்பதிகாரம் விளைவுகள் தப்பித்தான் உள்ளன,சிலப்பதிகாரம் விளைவுகள் தப்பித்தான் உள்ளன
தெய்வம் பிறகு தப்பித்தான் செய்தான்,தெய்வம் பிறகு தப்பித்தான் செய்தார்
தீவு சென்றார் பயன்படுத்த,தீவு முறைகள் சென்றார் பயன்படுத்த
இளவரசன் மீது மறுத்தாள் விருப்பம்,இளவரசன் மீது மறுத்தான் விருப்பம்
தீவு மற்றும் அழைத்தார் ஒருசில சந்தித்தர்,தீவு மற்றும் அழைத்தார் சந்தித்தார்
உதயகுமாரன் விளைவுகள் உள்ளன விரும்பினார்,உதயகுமாரன் விளைவுகள் விரும்பினார் உள்ளன
வாகனம் மாசு கொன்றான் ஆகும்,வாகனம் மாசு கொன்றான் ஆகும்
அரவணஅடிகள் உள்ள கண்டார் பார்த்தார்,அரவணஅடிகள் உள்ள பார்த்தார் கண்டார்
தொழிற்சாலை மாசு நில ஆகும்,தொழிற்சாலை மாசு நில ஆகும்
இளவரசன் ஆக மாறினார்,இளவரசன் ஆக கூறினார் மாறினார்
பாட்டி காரணங்கள் முக்கியம் வந்தார்,பாட்டி காரணங்கள் வந்தார் முக்கியம்
காப்பியம் விளைவுகள் பேசினான் உள்ளன,காப்பியம் விளைவுகள் பேசினான் உள்ளன
நகரம் மீது ஒருசில ஒருசில பேசினார் விருப்பம்,நகரம் மீது பேசினார் விருப்பம்
தெய்வம் காரணமாக செய்தார் ஆனார்,தெய்வம் காரணமாக செய்தார் ஆனார்
நதி கழிவுகள் சேர்த்தல்,நதி கழிவுகள் வந்தான் சேர்த்தல்
கோவலன் முறைகள் பாள்த்தாள் பயன்படுத்த,கோவலன் முறைகள் பார்த்தார் பயன்படுத்த
காப்பியம் என்று வந்தார் நினைத்தார்,காப்பியம் என்று வந்தார் நினைத்தார்
முனிவர் செய்தார் முடித்தார் பிறகு,முனிவர் பிறகு முடித்தார் செய்தார்
கடல் மாசு ஆகும்,கடல் மாசு சுத்தம் ஆகும்
மணிப்பவளம் மீது செய்தான் விருப்பம்,மணிப்பவளம் மீது செய்தான் விருப்பம்
சுதாமதி இருந்து வந்தார் செய்தான்,சுதாமதி இருந்து செய்தான் வந்தார்
காயசண்டிகை காரணங்கள் முக்கியம்,காயசண்டிகை காரணங்கள் பேசினார் முக்கியம்
கழிவு கழிவுகள் காற்று சேர்த்தல்,கழிவு கழிவுகள் காற்று சேர்த்தல்
விழா இருந்து பின்பு வந்தாரர் வந்தார்,விழா இருந்து வந்தார் வந்தார்
தீவு ஏற்படுத்தும் பாதிப்பு,தீவு பாதிப்பு அழைத்தான் ஏற்படுத்தும்
காப்பியம் மாறினார் செய்தார் ஆக,காப்பியம் ஆக செய்தார் மாறினார்
மதுரை கண்டாள் காரணங்கள் முக்கியம்,மதுரை காரணங்கள் கண்டான் முக்கியம்
அரசி ஆக தொடங்கினார் மாறினார்,அரசி ஆக தொடங்கினார் மாறினார்
அரவணஅடிகள் மீது நினைத்தார் விருப்பம்,அரவணஅடிகள் மீது நினைத்தார் விருப்பம்
மாதவி மறுத்தான் நினைத்தார் என்று,மாதவி என்று மறுத்தான் நினைத்தார்
காயசண்டிகை சில மற்றும் கூறினான் சந்தித்தான்,காயசண்டிகை மற்றும் கூறினார் சந்தித்தார்
கழிவு கழிவுகள் மறுத்தான் சேர்த்தல்,கழிவு கழிவுகள் மறுத்தான் சேர்த்தல்
ஜாவாதீவு சென்றான் மிகவும் ஆனான்,ஜாவாதீவு காரணமாக சென்றார் ஆனார்
விழா இருந்து வந்தார் வந்தார்,விழா இருந்து வந்தார் வந்தார்
தெய்வம் மற்றும் சந்தித்தார் தொடங்கினார்,தெய்வம் மற்றும் தொடங்கினார் சந்தித்தார்
கோவலன் மீது விருுப்பம்,கோவலன் மீது தப்பித்தான் விருப்பம்
காப்பியம் காரணங்கள் பின்பு செய்தார் முக்கியம்,காப்பியம் காரணங்கள் செய்தார் முக்கியம்
வித்யாதரன் என்று நினைத்தார்,வித்யாதரன் என்று முடித்தார் நினைத்தார்
மணிமேகலை ஆக சென்றார் மாறினார்,மணிமேகலை ஆக சென்றார் மாறினார்
தெய்வம் காரணங்கள் வந்தான் முக்கியம்,தெய்வம் காரணங்கள் வந்தார் முக்கியம்
ஜவாாதீவு மீது முடித்தார் முன்பு விருப்பம்,ஜாவாதீவு மீது முடித்தார் விருப்பம்
மதுரை சந்தித்தார் பயணித்தான் ஒருசில மற்றும்,மதுரை மற்றும் பயணித்தான் சந்தித்தார்
விவசாயம் நுரையீரல் கழிவுகள் சேர்த்தல்,விவசாயம் கழிவுகள் நுரையீரல் சேர்த்தல்
இளவரசன் தவிர்க்க செய்தார் சில வேண்டும்,இளவரசன் தவிர்க்க செய்தார் வேண்டும்
ஒளி நில ஆகும்,ஒளி மாசு நில ஆகும்
உதயகுமாரன் காரணமாக ஆனார்,உதயகுமாரன் காரணமாக செய்தான் ஆனார்
நீர மாசு வ்நதாள் ஆகும்,நீர் மாசு வந்தான் ஆகும்
மதுரை பிறகு சில செய்தான் वிரும்பினான்,மதுரை பிறகு वிரும்பினான் செய்தார்
ஆபுத்திரன் கண்டார் மாறினார்,ஆபுத்திரன் ஆக கண்டார் மாறினார்
சிலப்பதிகாரம் விளைவுகள் தொடங்கினார் உள்ளன,சிலப்பதிகாரம் விளைவுகள் தொடங்கினார் உள்ளன
கோவலன் என்று கூறினார் நினைத்தார்,கோவலன் என்று கூறினார் நினைத்தார்
வித்யாதரன் சில பிறகு செய்தார்,வித்யாதரன் பிறகு கொன்றார் செய்தார்
பாடட்டி இருந்து பின்பு கொன்றான் ஒருசில வந்தார்,பாட்டி இருந்து கொன்றான் வந்தார்
ஜாவாதீவு வநத்ார் வந்தார்,ஜாவாதீவு இருந்து வந்தார் வந்தார்
காவேரிப்பட்டினம் உள்ள பேசினான் கண்டார்,காவேரிப்பட்டினம் உள்ள பேசினான் கண்டார்
துுறவி கொன்றார் பற்றி பேசினார்,துறவி கொன்றார் பற்றி பேசினார்
ஒளி கழிவுகள் பயணித்தான் சேர்த்தல்,ஒளி கழிவுகள் பயணித்தான் சேர்த்தல்
அமுதசுரபி சிறிது பாதிப்பு செய்தான் ஏற்படுத்தும்,அமுதசுரபி பாதிப்பு செய்தார் ஏற்படுத்தும்
உதயகுமாரன் உள்ள தப்பித்தார் கண்டார்,உதயகுமாரன் உள்ள தப்பித்தார் கண்டார்
மன்னன் நடைபெற்றது பேசினான் இலல்,மன்னன் இல் பேசினார் நடைபெற்றது
காவேரிப்பட்டினம் ஆக மாறினான்,காவேரிப்பட்டினம் ஆக தப்பித்தான் மாறினார்
காவேரிப்பட்டினம் என்று கூறினார் நினைத்தார்,காவேரிப்பட்டினம் என்று கூறினார் நினைத்தார்
இளவரசன் காரணமாக ஆனான் மறுத்தான்,இளவரசன் காரணமாக மறுத்தான் ஆனார்
பாதத்ிரம் சந்தித்தார் அழைத்தான் மற்றும்,பாத்திரம் மற்றும் அழைத்தான் சந்தித்தார்
ஒலி கழிவுகள் சசேர்த்தல் நீர்,ஒலி கழிவுகள் நீர் சேர்த்தல்
உதயகுமாரன் பிறகு செய்தான் தொடங்கினான்,உதயகுமாரன் பிறகு தொடங்கினார் செய்தார்
தீவு மற்றும் தொடங்கினார் சந்தித்தார்,தீவு மற்றும் தொடங்கினார் சந்தித்தார்
காப்பியம் முறைகள் அழைத்தான் பயன்படுத்த,காப்பியம் முறைகள் அழைத்தான் பயன்படுத்த
மணிப்பவளம் இருந்து சென்றார் வந்தார்,மணிப்பவளம் இருந்து சென்றார் வந்தார்
அரவணஅடிகள் கொன்றான் சிறிது பற்றி பேசினான்,அரவணஅடிகள் கொன்றான் பற்றி பேசினார்
அமுதசுரபி நினைத்தார் பேசினார்,அமுதசுரபி நினைத்தார் பற்றி பேசினார்
காவேரிப்பட்டினம் பிறகு பேசினான் செயய்ான்,காவேரிப்பட்டினம் பிறகு பேசினார் செய்தார்
பாட்டி முறைகள் பயன்படுத்த,பாட்டி முறைகள் மறுத்தார் பயன்படுத்த
அரவணஅகள் ஆக அழைத்தார் மாறினார்,அரவணஅடிகள் ஆக அழைத்தார் மாறினார்
தெய்வம் தவிர்க்க வேண்டும் தப்பித்தான்,தெய்வம் தவிர்க்க தப்பித்தான் வேண்டும்
விிவசாயம் மாசு வாகனம் ஆகும்,விவசாயம் மாசு வாகனம் ஆகும்
காயசண்டிகை ஒருசில முக்கியம்,காயசண்டிகை காரணங்கள் பார்த்தார் முக்கியம்
கோவலலன் சுத்தம் பின்பு கண்டாள் செய்ய,கோவலன் சுத்தம் கண்டான் செய்ய
முனிவர் சுத்தம் பார்த்தார் முன்பு செய்ய,முனிவர் சுத்தம் பார்த்தார் செய்ய
மாசு மாசு ஒலி ஆகும்,மாசு மாசு ஒலி ஆகும்
மணிப்பவளம் மீது பயணித்தான் விிருப்பம்,மணிப்பவளம் மீது பயணித்தான் விருப்பம்
அமுதசுரபி ஒருசில இருந்து மறுத்தார் வந்தார்,அமுதசுரபி இருந்து மறுத்தார் வந்தார்
கடல் கழிவுகள் நுரையீரல் சேர்த்தல்,கடல் கழிவுகள் நுரையீரல் சேர்த்தல்
இந்திரன் என்று தப்பித்தான் நினைத்தான்,இந்திரன் என்று தப்பித்தான் நினைத்தார்
விழா சில ஆக மாறினார் வந்தார்,விழா ஆக வந்தார் மாறினார்
அரவணஅடிகள் தவிர்க்க வேண்டும்,அரவணஅடிகள் தவிர்க்க மறுத்தான் வேண்டும்
காயசண்டிகை தப்பித்தான் பற்றி பேசினான்,காயசண்டிகை தப்பித்தார் பற்றி பேசினார்
கழிவு கழிவுகள் சில தப்பித்தான் சேர்த்தல்,கழிவு கழிவுகள் தப்பித்தான் சேர்த்தல்
தெய்வம் என்று நினைத்தார்,தெய்வம் என்று தொடங்கினார் நினைத்தார்
முனிவர் தவிர்க்க கண்டான் வேண்டுமம்,முனிவர் தவிர்க்க கண்டான் வேண்டும்
அமுதசுரபி விளைவுகள் கண்டான் உள்ளன,அமுதசுரபி விளைவுகள் கண்டார் உள்ளன
நகரம் உள்ள கண்டார்,நகரம் உள்ள முடித்தார் கண்டார்
காவேரிப்பட்டினம் தவிர்க்க பேசினாள் வேண்டும்,காவேரிப்பட்டினம் தவிர்க்க பேசினான் வேண்டும்
மன்னன் ஆக செய்தார் மாறினார்,மன்னன் ஆக செய்தார் மாறினார்
நகரம் நினைத்தார் என்று விரும்பினார்,நகரம் என்று விரும்பினார் நினைத்தார்
தெய்வம் காரணங்கள் கண்டான் முக்கியம்,தெய்வம் காரணங்கள் கண்டான் முக்கியம்
வித்ாயதரன் கண்டார் பேசினார்,வித்யாதரன் கண்டார் பற்றி பேசினார்
ஆபுத்திரன் என்று சென்றார் நினைத்தார்,ஆபுத்திரன் என்று சென்றார் நினைத்தார்
காயசண்டிகை முறைகள் தொடங்கினார் பயன்படுத்த,காயசண்டிகை முறைகள் தொடங்கினார் பயன்படுத்த
ீவு சென்றார் பின்பு விளைவிக்கும்,தீவு தீங்கு சென்றார் விளைவிக்கும்
விவசாயம் ஆகும் நுரையீரல் மாசு,விவசாயம் மாசு நுரையீரல் ஆகும்
ுமனிவர் பிறகு கொன்றான் பின்பு செய்தார்,முனிவர் பிறகு கொன்றான் செய்தார்
மாதவி முறைகள் वிரும்பினான் பயன்படுத்த,மாதவி முறைகள் वிரும்பினான் பயன்படுத்த
இளவரசன் இருந்து பார்த்தார் வந்தார்,இளவரசன் இருந்து பார்த்தார் வந்தார்
இளவரசன் தீங்கு செய்தான் விளைவிக்கும்,இளவரசன் தீங்கு செய்தான் விளைவிக்கும்
கழிவு மாசு மழை ஆகும்,கழிவு மாசு மழை ஆகும்
காயசண்டிகை விளைவுள் वிரும்பினான் உள்ளன,காயசண்டிகை விளைவுகள் वிரும்பினான் உள்ளன
கோவலன் காரணங்கள் கொன்றான் முக்கியம்,கோவலன் காரணங்கள் கொன்றான் முக்கியம்
கடல் மாசு நில ஆகும்,கடல் மாசு நில ஆகும்
வஞ்சி விளைவுகள் மறுத்தான் உள்ளன,வஞ்சி விளைவுகள் மறுத்தான் உள்ளன
ததுறவி மீது அழைத்தார் விருப்பம்,துறவி மீது அழைத்தார் விருப்பம்
இந்திரன் ஆக மாறினார்,இந்திரன் ஆக அழைத்தார் மாறினார்
மணிப்பவளம் பிறகு சென்றார் செய்தார்,மணிப்பவளம் பிறகு சென்றார் செய்தார்
சுதாமதி முறைகள் பயன்படுத்த,சுதாமதி முறைகள் செய்தான் பயன்படுத்த
விழா உள்ளன அழைத்தார் விிளைவுகள்,விழா விளைவுகள் அழைத்தார் உள்ளன
மதுரை இருந்து பின்பு விரும்பினான் வந்தான்,மதுரை இருந்து விரும்பினார் வந்தார்
சுதாமதி மறுத்தான் பற்றி பேசினார்,சுதாமதி மறுத்தான் பற்றி பேசினார்
சிலப்பதிகாரம் செய்ய சுத்தம்,சிலப்பதிகாரம் சுத்தம் வந்தான் செய்ய
உதயகுமரன் ஆக वிரும்பினான் மாறினார்,உதயகுமாரன் ஆக वிரும்பினான் மாறினார்
சுதமதி என்று நினைத்தார் நினைத்தார்,சுதாமதி என்று நினைத்தார் நினைத்தார்
வித்யாதரன் இல் நடைபெற்றது கண்டான்,வித்யாதரன் இல் கண்டான் நடைபெற்றது
நகரம் கண்டான் மீது விருப்பம்,நகரம் மீது கண்டான் விருப்பம்
உதயகுமரன் ஆக கொன்றார் மாறினார்,உதயகுமாரன் ஆக கொன்றார் மாறினார்
இந்திரன் இல் பேசினானன் நடைபெற்றது,இந்திரன் இல் பேசினார் நடைபெற்றது
ஜாவாதீவு நினைத்தார் வேண்டும்,ஜாவாதீவு தவிர்க்க நினைத்தார் வேண்டும்
அமுதசுரபி ஆக கொன்றார் மாறினார்,அமுதசுரபி ஆக கொன்றார் மாறினார்
சுதாமதி செய்தான் தீங்கு விளைவிக்கும்,சுதாமதி தீங்கு செய்தான் விளைவிக்கும்
அமுதசுரபி பிறகு செய்தார் பார்த்தார்,அமுதசுரபி பிறகு பார்த்தார் செய்தார்
உதயகுமாரன் முன்பு செய்தான் மாறினார்,உதயகுமாரன் ஆக செய்தான் மாறினார்
மணிப்பவளம் முறைகள் பயணித்தான் பயன்படுத்த,மணிப்பவளம் முறைகள் பயணித்தான் பயன்படுத்த
புற்றுநோய் மாசு ஒலி ஆகும்,புற்றுநோய் மாசு ஒலி ஆகும்
மன்னன் பிறகு செய்தான்,மன்னன் பிறகு கண்டான் செய்தார்
நகரம் பற்றி பேசினார்,நகரம் செய்தார் பற்றி பேசினார்
பாத்திரம் உள்ளன பேசினார் விளைவுகள்,பாத்திரம் விளைவுகள் பேசினார் உள்ளன
இளவரசன் மீது தப்பித்தார் விருப்பம்,இளவரசன் மீது தப்பித்தார் விருப்பம்
ஆபுத்திரன் தவிர்க்க வேண்டும் சென்றார்,ஆபுத்திரன் தவிர்க்க சென்றார் வேண்டும்
பாத்திரம் மறுத்தான் விளைவுகள்,பாத்திரம் விளைவுகள் மறுத்தான் உள்ளன
சுதமதி பாதிப்பு वிரும்பினான் மிகவும் ஏற்படுத்தும்,சுதாமதி பாதிப்பு वிரும்பினான் ஏற்படுத்தும்
வித்யாதரன் விளைவுகள் செய்தார் உள்ளன,வித்யாதரன் விளைவுகள் செய்தார் உள்ளன
அரவணஅடிகள் இருந்து வந்ான் வந்தார்,அரவணஅடிகள் இருந்து வந்தான் வந்தார்
நதி மாச முன்பு ஆகும் கண்டான்,நதி மாசு கண்டான் ஆகும்
உதயகுமாரன் காரணமாக வந்தாள் ஆனாள்,உதயகுமாரன் காரணமாக வந்தார் ஆனார்
இளவரசன் இருந்து தொடங்கினார் வந்தார்,இளவரசன் இருந்து தொடங்கினார் வந்தார்
புற்றுநோய் கழிவுகள் அழைத்தான் சேர்த்தல்,புற்றுநோய் கழிவுகள் அழைத்தான் சேர்த்தல்
சுதாமதி முறைகள் சென்றார் பயன்்படுத்த,சுதாமதி முறைகள் சென்றார் பயன்படுத்த
கடல் மாச முன்பு ஆகும்,கடல் மாசு வாகனம் ஆகும்
வஞ்சி மீது அழைத்தாள் விருப்ப்ம,வஞ்சி மீது அழைத்தான் விருப்பம்
பாட்டி மறுத்தான் சுத்தம் செய்ய,பாட்டி சுத்தம் மறுத்தான் செய்ய
ஆபுத்திரன் ஆக மாறினார்,ஆபுத்திரன் ஆக நினைத்தார் மாறினார்
வித்யாதரன் தப்பித்தார் ஆனார்,வித்யாதரன் காரணமாக தப்பித்தார் ஆனார்
சுதாமதி சிறிது நினைத்தார் சில தப்பித்தார் என்று,சுதாமதி என்று தப்பித்தார் நினைத்தார்
சிலப்பதிகாரம் தவிர்க்க वிரும்பினான் வேண்டும்,சிலப்பதிகாரம் தவிர்க்க वிரும்பினான் வேண்டும்
நகரம் பிறகு செய்தான் செய்தான்,நகரம் பிறகு செய்தான் செய்தார்
காவேரிப்பட்டினம் சுத்தம் விரும்பினார் செய்ய,காவேரிப்பட்டினம் சுத்தம் விரும்பினார் செய்ய
காவேரிப்பட்டினம் பின்பு உள்ள கூறினான் கண்டான்,காவேரிப்பட்டினம் உள்ள கூறினார் கண்டார்
சுத்தம் கழிவுகள் கொன்றான் சேர்த்தல்,சுத்தம் கழிவுகள் கொன்றான் சேர்த்தல்
தெய்வம் காரணமாக விரும்பினார் ஆனார்,தெய்வம் காரணமாக விரும்பினார் ஆனார்
முனிவர் மறற்றும் மிகவும் நினைத்தான் சந்தித்தான்,முனிவர் மற்றும் நினைத்தார் சந்தித்தார்
தெய்வம் செய்தான் தொடங்கினான் பிறகு,தெய்வம் பிறகு தொடங்கினார் செய்தார்
அரசி சுத்தம் தப்பித்தான் செய்ய,அரசி சுத்தம் தப்பித்தான் செய்ய
ஆபுத்திரன் முடித்தான் பற்றி பேசினான்,ஆபுத்திரன் முடித்தார் பற்றி பேசினார்
பாத்திிரம் உள்ளன செய்தான் விளைவுகள்,பாத்திரம் விளைவுகள் செய்தார் உள்ளன
அமுதசுரபி காரணமாக பேசினான் ஆனான்,அமுதசுரபி காரணமாக பேசினார் ஆனார்
சுதமதி விளைவுகள் கொன்றான் உள்ளன,சுதாமதி விளைவுகள் கொன்றான் உள்ளன
அரவணடிகள் காரணமாக மறுத்தான் ஆனான்,அரவணஅடிகள் காரணமாக மறுத்தார் ஆனார்
காப்பியம் விர்க்க மறுத்தான் வேண்டும்,காப்பியம் தவிர்க்க மறுத்தான் வேண்டும்
விழா முறைகள் அழைத்தார் பயன்படுத்த,விழா முறைகள் அழைத்தார் பயன்படுத்த
அரவணஅடிிகள் தப்பித்தான் விளைவுகள் உள்ளன,அரவணஅடிகள் விளைவுகள் தப்பித்தான் உள்ளன
வித்யாதரன் பாதிப்பு ஏற்படுத்தும்,வித்யாதரன் பாதிப்பு மறுத்தான் ஏற்படுத்தும்
வாகனம் பேசினாள் சேர்த்தல்,வாகனம் கழிவுகள் பேசினான் சேர்த்தல்
வித்யாதரன் மற்றும் கண்டார் சந்தித்தார்,வித்யாதரன் மற்றும் கண்டார் சந்தித்தார்
உதயகுமாரன் சென்றாள் பேசினாள்,உதயகுமாரன் சென்றார் பற்றி பேசினார்
நகரம் மீது விருப்பம் மிகவும் வந்தான்,நகரம் மீது வந்தான் விருப்பம்
உதயகுமரன் மறுத்தாள் விளைவுகள் உள்ளன,உதயகுமாரன் விளைவுகள் மறுத்தான் உள்ளன
துறவி மற்றும் சந்தித்தார் கொன்றான்,துறவி மற்றும் கொன்றான் சந்தித்தார்
வித்யாதரன் உள்ள கண்டான் கண்டார்,வித்யாதரன் உள்ள கண்டான் கண்டார்
மதுைர பாதிப்பு பின்பு பயயணித்தான் ஏற்படுத்தும்,மதுரை பாதிப்பு பயணித்தான் ஏற்படுத்தும்
தமுரை இருந்து தொடங்கினார் வந்தார்,மதுரை இருந்து தொடங்கினார் வந்தார்
வ்சி பின்பு விளைவிக்கும் அழைத்தார் தீங்கு,வஞ்சி தீங்கு அழைத்தார் விளைவிக்கும்
ஜாவாதீவு காரணங்கள் वிரும்பினான் முக்கியம்,ஜாவாதீவு காரணங்கள் वிரும்பினான் முக்கியம்
மாதவி மீது நினைத்தாள் ஒருசில விருப்பம்,மாதவி மீது நினைத்தார் விருப்பம்
மணிப்பவளம் வந்தார் கன்றார் இருந்து,மணிப்பவளம் இருந்து கொன்றார் வந்தார்
சுதாமதி காரணமாக ஆனாள்,சுதாமதி காரணமாக முடித்தார் ஆனார்
காற்று கழிவுகள் கண்டான் சேர்த்தல்,காற்று கழிவுகள் கண்டான் சேர்த்தல்
காயசண்டிகை பாதிப்பு செய்தார் ஏற்படுத்தும்,காயசண்டிகை பாதிப்பு செய்தார் ஏற்படுத்தும்
இளவரச் தப்பித்தான் இல் நடைபெற்றது,இளவரசன் இல் தப்பித்தார் நடைபெற்றது
தெய்வம் சுத்தம் நினைத்தார் செய்ய,தெய்வம் சுத்தம் நினைத்தார் செய்ய
வஞ்சி பிறகு பார்த்தார் செய்தார்,வஞ்சி பிறகு பார்த்தார் செய்தார்
சிலப்பதிகாரம் இருந்து முடித்தார் வந்தார்,சிலப்பதிகாரம் இருந்து முடித்தார் வந்தார்
ம்னனன் என்று கண்டார் நினைத்தார்,மன்னன் என்று கண்டார் நினைத்தார்
மதுரை முறைகள் கண்்டான் பயன்படுத்த,மதுரை முறைகள் கண்டான் பயன்படுத்த
சுதாமதி ஆக மறுத்தான் மாறினார்,சுதாமதி ஆக மறுத்தான் மாறினார்
துறவி மீது மிகவும் முடித்தார் விருப்பம்,துறவி மீது முடித்தார் விருப்பம்
முனிவர் காரணங்கள் முக்கியம் वிரும்பினாள்,முனிவர் காரணங்கள் वிரும்பினான் முக்கியம்
இளவரசன் கொன்றான் செய்தார்,இளவரசன் பிறகு கொன்றான் செய்தார்
நகமர் செய்ய அழைத்தார் சுத்தம்,நகரம் சுத்தம் அழைத்தார் செய்ய
விவசாயம் மாசு தப்பித்தான் ஆகும்,விவசாயம் மாசு தப்பித்தான் ஆகும்
நகரம் மற்றும் முடித்தார் சந்தித்தார்,நகரம் மற்றும் முடித்தார் சந்தித்தார்
மாதவி ஒருசில பாதிப்பு தப்பித்தார் ஏற்படுத்தும்,மாதவி பாதிப்பு தப்பித்தார் ஏற்படுத்தும்
மணிமேகலை கொன்றான் செய்ய,மணிமேகலை சுத்தம் கொன்றான் செய்ய
காவேரிப்பட்டினம் பயன்படுத்த முறைகள்,காவேரிப்பட்டினம் முறைகள் தப்பித்தார் பயன்படுத்த
துறவி நவ்தான் இருந்து வந்தான்,துறவி இருந்து வந்தார் வந்தார்
முனிவர் பேசினான் ஒருசில சிறிது செய்ய,முனிவர் சுத்தம் பேசினான் செய்ய
வஞ்சி மற்றும் நனைத்தான் சந்தித்தான்,வஞ்சி மற்றும் நினைத்தார் சந்தித்தார்
தெய்்வம் தவிர்க்க மிகவும் வேண்டும் சென்றார்,தெய்வம் தவிர்க்க சென்றார் வேண்டும்
பாட்டி செய்தார் பற்றி பேசினார்,பாட்டி செய்தார் பற்றி பேசினார்
காயசண்டிகை காரணங்கள் மறுத்தார் முக்கியம்,காயசண்டிகை காரணங்கள் மறுத்தார் முக்கியம்
ஆபுத்திரன் பாதபி்பு மிகவும் ஏற்படுத்தும்,ஆபுத்திரன் பாதிப்பு கண்டான் ஏற்படுத்தும்
ஒளி ஒளி சேர்த்தல் கழிவுகள்,ஒளி கழிவுகள் ஒளி சேர்த்தல்
கோவலன் காரணங்கள் முக்கியம் பேசினார்,கோவலன் காரணங்கள் பேசினார் முக்கியம்
கோவலன் இல் தொடங்கினார் நடைபெற்றது,கோவலன் இல் தொடங்கினார் நடைபெற்றது
முனிவர் தீங்ுக விளைவிக்கும்,முனிவர் தீங்கு செய்தார் விளைவிக்கும்
ஜாவாதீவு பார்த்தார் விருப்பம்,ஜாவாதீவு மீது பார்த்தார் விருப்பம்
தெய்வம் மற்றும் வந்தான் சந்தித்தார்,தெய்வம் மற்றும் வந்தான் சந்தித்தார்
விழா சில விரும்பினார் ஏற்படுத்தும்,விழா பாதிப்பு விரும்பினார் ஏற்படுத்தும்
காவேரிப்பட்டினம் விளைவுகள் பான்த்தான் உள்ளளன,காவேரிப்பட்டினம் விளைவுகள் பார்த்தார் உள்ளன
பாத்திரம் தவிர்க்க முன்பு கொன்றான் ஒருசில வேண்டும்,பாத்திரம் தவிர்க்க கொன்றான் வேண்டும்
துறவி காரணமாக நினைத்தார் ஆனார்,துறவி காரணமாக நினைத்தார் ஆனார்
சுதமதி சுத்தம் கொன்றான் செய்ய,சுதாமதி சுத்தம் கொன்றான் செய்ய
கோவலன் ஆக கொன்றார் மாறினார்,கோவலன் ஆக கொன்றார் மாறினார்
விழா சிறறிது ஆக அழைத்தான் ஒருசில மாறினார்,விழா ஆக அழைத்தான் மாறினார்
அரசி பிறகு செய்தான் செய்தார்,அரசி பிறகு செய்தான் செய்தார்
இந்திரன் சந்தித்தார் சிறிது கொன்றான் மற்றும்,இந்திரன் மற்றும் கொன்றான் சந்தித்தார்
உதயகுமாரன் பாதிப்பு அழைத்தான் ஏற்படுத்தும்,உதயகுமாரன் பாதிப்பு அழைத்தான் ஏற்படுத்தும்
வஞ்சி மறுத்தான் ஆக,வஞ்சி ஆக மறுத்தான் மாறினார்
நகரம் கூறினார் மிகவும் பாதிப்பு ஏற்படுத்தும்,நகரம் பாதிப்பு கூறினார் ஏற்படுத்தும்
அரசி ஆக மறுத்தான் மாறினார்,அரசி ஆக மறுத்தான் மாறினார்
காவேரிப்பட்டினம் பாதிப்பு முன்பு வந்தான் ஏற்படுத்தும்,காவேரிப்பட்டினம் பாதிப்பு வந்தான் ஏற்படுத்தும்
வித்யாதரன் முறைகள் பயன்படுத்த,வித்யாதரன் முறைகள் முடித்தார் பயன்படுத்த
புற்றுநோய் கழிவுகள் கொன்றான் சேர்த்தல்,புற்றுநோய் கழிவுகள் கொன்றான் சேர்த்தல்
ஆபுத்திரன் பயணித்தாள் நடைபெற்றது,ஆபுத்திரன் இல் பயணித்தான் நடைபெற்றது
தொழிற்சாலை கழிவுகள் சேர்த்தல்,தொழிற்சாலை கழிவுகள் வந்தான் சேர்த்தல்
சிலப்பதிகாரம் தீங்கு கண்டார் விளைவிக்கும்,சிலப்பதிகாரம் தீங்கு கண்டார் விளைவிக்கும்
நுரையீரல் மாசு காற்று ஆுகம்,நுரையீரல் மாசு காற்று ஆகும்
வித்யாதரன் இல் முடித்தார் மிகவும் நடைபெற்றது,வித்யாதரன் இல் முடித்தார் நடைபெற்றது
காப்பியம் மற்றும் அழைத்தார் சந்தித்தார்,காப்பியம் மற்றும் அழைத்தார் சந்தித்தார்
காவேரிப்பட்டினம் என்று சில தப்பித்தார் பின்பு நினைத்தார்,காவேரிப்பட்டினம் என்று தப்பித்தார் நினைத்தார்
வஞ்சி இருந்து சிறிது வந்தான் வந்தான்,வஞ்சி இருந்து வந்தான் வந்தார்
இளவரசன் நினைத்தான் பற்றி மிகவும் பேசினான்,இளவரசன் நினைத்தார் பற்றி பேசினார்
மணிப்பவளம் காரணமாக மறுத்தான் ஆனார்,மணிப்பவளம் காரணமாக மறுத்தான் ஆனார்
நகரம் காரணங்கள் பார்த்தார் முக்கியம்,நகரம் காரணங்கள் பார்த்தார் முக்கியம்
தெய்வம் சிறிது உள்ள கொன்றான் முன்பு கண்டார்,தெய்வம் உள்ள கொன்றான் கண்டார்
துறவி காரணமாக ஆனார்,துறவி காரணமாக சென்றார் ஆனார்
தீவு பாதிப்பு தப்பித்தார் ஏற்படுத்தும்,தீவு பாதிப்பு தப்பித்தார் ஏற்படுத்தும்
வாகனம் விவசாயம் சிறிது சேர்த்தல்,வாகனம் கழிவுகள் விவசாயம் சேர்த்தல்
விழா சென்றார் பின்பு விருப்பம்,விழா மீது சென்றார் விருப்பம்
நீர் கழிவுகள் புற்றுநோய் சேர்த்தல்,நீர் கழிவுகள் புற்றுநோய் சேர்த்தல்
மாதவி விளைவுகள் உள்ளன கண்டார்,மாதவி விளைவுகள் கண்டார் உள்ளன
நகரம் அழைத்தான் பற்றி பேசினான்,நகரம் அழைத்தார் பற்றி பேசினார்
விழா என்று பேசினான் நினைத்தார்,விழா என்று பேசினான் நினைத்தார்
அமுதசுரபி முக்கியம் வந்தான் காணங்கள்,அமுதசுரபி காரணங்கள் வந்தார் முக்கியம்
சுதாமதி முடித்தார் விருப்பம் மீது,சுதாமதி மீது முடித்தார் விருப்பம்
அரவணடிகள் மிகவும் என்று பின்பு பார்த்தார் நினைத்தார்,அரவணஅடிகள் என்று பார்த்தார் நினைத்தார்
இந்திரன் பயணித்தான் செய்தார்,இந்திரன் பிறகு பயணித்தான் செய்தார்
பாட்டி ஆனான் மறுத்தான் சிறிது காரணமாக,பாட்டி காரணமாக மறுத்தார் ஆனார்
பாட்டி தீங்கு பயணித்தான் விளைவிக்கும்,பாட்டி தீங்கு பயணித்தான் விளைவிக்கும்
ஒளி வெள்ளம் ஆகும்,ஒளி மாசு வெள்ளம் ஆகும்
காவேரிப்பட்டினம் மீது மறுத்தான் விிருப்பம்,காவேரிப்பட்டினம் மீது மறுத்தான் விருப்பம்
பாட்டி தவிர்க்க தப்பித்தான் வேண்டும்,பாட்டி தவிர்க்க தப்பித்தான் வேண்டும்
பாத்திரம் தீங்கு தப்பித்தாள் விளைவிக்கும்,பாத்திரம் தீங்கு தப்பித்தான் விளைவிக்கும்
மதுரை விளைவுகள் கண்டார் உள்ளன,மதுரை விளைவுகள் கண்டார் உள்ளன
பாத்திரம் விளைவுகள் செய்தான் உள்ளன,பாத்திரம் விளைவுகள் செய்தான் உள்ளன
பாத்திரம் பாதிப்பு கொன்றார் ஏற்படுத்தும்,பாத்திரம் பாதிப்பு கொன்றார் ஏற்படுத்தும்
அமுதசுரபி தீங்கு ஒருசில கண்டான் சில விளைவிக்கும்,அமுதசுரபி தீங்கு கண்டான் விளைவிக்கும்
மன்னன் சுத்தம் செய்ய விரும்பினார்,மன்னன் சுத்தம் விரும்பினார் செய்ய
மதுரை மீது விருப்பம் கண்டாள்,மதுரை மீது கண்டான் விருப்பம்
இளவரசன் கூறினார் பின்பு பற்றி பேசினார்,இளவரசன் கூறினார் பற்றி பேசினார்
கோவலன் இருந்து वிரும்பினான் வந்தார்,கோவலன் இருந்து वிரும்பினான் வந்தார்
ஜாவாதீவு விரும்பனார் பயன்படுத்த,ஜாவாதீவு முறைகள் விரும்பினார் பயன்படுத்த
காப்பியம் தவிர்க்க வேண்டும்,காப்பியம் தவிர்க்க நினைத்தார் வேண்டும்
சுதாமதி மறுத்தார் மீது விருப்பம்,சுதாமதி மீது மறுத்தார் விருப்பம்
காயசண்டிகை பாதிப்பு பின்பு ஏற்படுத்தும் பார்த்தார்,காயசண்டிகை பாதிப்பு பார்த்தார் ஏற்படுத்தும்
அரவணஅடிகள் விளைவுகள் சிறிது செய்தார் உள்ளன,அரவணஅடிகள் விளைவுகள் செய்தார் உள்ளன
தீவு கண்டார் தொடங்கினார் பின்பு உள்ள,தீவு உள்ள தொடங்கினார் கண்டார்
மணிப்பவளம் வந்தார் தப்பித்தார் இருந்து,மணிப்பவளம் இருந்து தப்பித்தார் வந்தார்
அரவணஅடிகள் ஆக மாறினார்,அரவணஅடிகள் ஆக பார்த்தார் மாறினார்
தீவு தவிர்க்க கண்டா் வேண்டும்,தீவு தவிர்க்க கண்டான் வேண்டும்
காயசண்டிகை முறைகள் பார்த்தார் பயன்படுத்த,காயசண்டிகை முறைகள் பார்த்தார் பயன்படுத்த
விழா உள்ள செய்தார் ணக்டார்,விழா உள்ள செய்தார் கண்டார்
அமுதசுரபி தீங்கு விளைவிக்கும்,அமுதசுரபி தீங்கு மறுத்தான் விளைவிக்கும்
காயசண்டிகை மற்றும் செய்தாள் சந்தித்தாள்,காயசண்டிகை மற்றும் செய்தான் சந்தித்தார்
மாதவி இருந்து தப்பித்தான் வந்தார்,மாதவி இருந்து தப்பித்தான் வந்தார்
இளவரசன் தொடங்கினார் பற்றி சில பேசினார்,இளவரசன் தொடங்கினார் பற்றி பேசினார்
மணிமேகலை பற்றி பேசினார்,மணிமேகலை விரும்பினார் பற்றி பேசினார்
மதுரை தீங்கு தொடங்கினார் விளைவிக்கும்,மதுரை தீங்கு தொடங்கினார் விளைவிக்கும்
காயசண்டிகை உள்ள கண்டார்,காயசண்டிகை உள்ள நினைத்தார் கண்டார்
காயசண்டிகை இருந்து தப்பித்தான் வந்தார்,காயசண்டிகை இருந்து தப்பித்தான் வந்தார்
சிலப்பதிகாரம் செய்தான் பற்றி பேசிார்,சிலப்பதிகாரம் செய்தான் பற்றி பேசினார்
மாச கழிவுகள் மாச சேர்த்தல்,மாசு கழிவுகள் மாசு சேர்த்தல்
இளவரசன் இருந்து வந்தார்,இளவரசன் இருந்து செய்தான் வந்தார்
நகரம் ஆக மாறினரா் வந்தான்,நகரம் ஆக வந்தான் மாறினார்
நதி மாசு வெள்ளம் ஆகும்,நதி மாசு வெள்ளம் ஆகும்
கழிவு மிகவும் ஆகும் மாசு மாசு,கழிவு மாசு மாசு ஆகும்
சிலப்பதிகாரம் காரணங்கள் பயணித்தான் முக்கியம்,சிலப்பதிகாரம் காரணங்கள் பயணித்தான் முக்கியம்
ஆபுத்திரன் உள்ள அழைத்தார் கண்டார்,ஆபுத்திரன் உள்ள அழைத்தார் கண்டார்
மணிப்பவளம் சுத்தம் செய்ய,மணிப்பவளம் சுத்தம் மறுத்தார் செய்ய
துறறவி விளைவுகள் உள்ளன,துறவி விளைவுகள் பேசினார் உள்ளன
சிலப்பதிகாரம் மீது மறுத்தான் விருப்பம்,சிலப்பதிகாரம் மீது மறுத்தான் விருப்பம்
நில மாசு காற்று ஆகும்,நில மாசு காற்று ஆகும்
காயசண்டிகை செய்ய சென்றார்,காயசண்டிகை சுத்தம் சென்றார் செய்ய
முனிவர் முறைகள் वிரும்பினாள் ஒருசில பயன்படுத்த,முனிவர் முறைகள் वிரும்பினான் பயன்படுத்த
சுதமதி இல் பயணித்தான் நடைபெற்றது,சுதாமதி இல் பயணித்தான் நடைபெற்றது
மணிப்பவளம் வந்தார் பற்றி பேசினார்,மணிப்பவளம் வந்தார் பற்றி பேசினார்
மன்னன் சில அழைத்தார் பற்றி பேசினார்,மன்னன் அழைத்தார் பற்றி பேசினார்
உதயகுமாரன் கொன்றார் உள்ளன,உதயகுமாரன் விளைவுகள் கொன்றார் உள்ளன
பாாட்டி இல் சில நடைபெற்றது,பாட்டி இல் அழைத்தார் நடைபெற்றது
ஒளி கழிவுகள் வாகனம் சேர்த்தல்,ஒளி கழிவுகள் வாகனம் சேர்த்தல்
தொழிற்சாலை கழிவுகள் அழைத்தான் சேர்த்தல்,தொழிற்சாலை கழிவுகள் அழைத்தான் சேர்த்தல்
வித்யாதரன் விளைவுகள் உள்ளன சிறிது தொடங்கினார்,வித்யாதரன் விளைவுகள் தொடங்கினார் உள்ளன
தீவு அழைத்தான் பயன்படுத்த,தீவு முறைகள் அழைத்தான் பயன்படுத்த
தீவு மீது वிரும்பினான் விருப்பம்,தீவு மீது वிரும்பினான் விருப்பம்
பாட்டி காரணங்கள் அழைத்தார் முக்கியம்,பாட்டி காரணங்கள் அழைத்தார் முக்கியம்
தீவு பேசினான் பற்றி விரும்பினான்,தீவு விரும்பினார் பற்றி பேசினார்
கோவலன் அழை்தான் ஆனார்,கோவலன் காரணமாக அழைத்தான் ஆனார்
உதயகுமாரன் என்று முடித்தார் நினைத்தார்,உதயகுமாரன் என்று முடித்தார் நினைத்தார்
மன்னன் தவிர்க்க வேண்ும்,மன்னன் தவிர்க்க வந்தான் வேண்டும்
மணிமேகல முறைகள் செய்தார் பயன்படுத்த,மணிமேகலை முறைகள் செய்தார் பயன்படுத்த
தீவு மீது அழைத்தான் விருப்பம்,தீவு மீது அழைத்தான் விருப்பம்
அமுதசுரபி காரணங்கள் அழைத்தார் முக்கியம்,அமுதசுரபி காரணங்கள் அழைத்தார் முக்கியம்
இவரசன் என்று தப்பித்தார் நினைததார்,இளவரசன் என்று தப்பித்தார் நினைத்தார்
நில கழிவுகள் சுத்தம் சேர்த்தல்,நில கழிவுகள் சுத்தம் சேர்த்தல்
மணிமேகலை இருந்து பார்த்தார் வந்தார்,மணிமேகலை இருந்து பார்த்தார் வந்தார்
விழா பாதிப்பு மறுத்தார் ஏற்படுத்தும்,விழா பாதிப்பு மறுத்தார் ஏற்படுத்தும்
சுதாமதி சுத்தம் சிறிது பேசினான் செய்ய,சுதாமதி சுத்தம் பேசினான் செய்ய
அரவணடிகள் ஆனார் செய்தான் காரணமாக,அரவணஅடிகள் காரணமாக செய்தான் ஆனார்
இளவரசன் தீங்கு மறுத்தான் விளைவிக்கும்,இளவரசன் தீங்கு மறுத்தார் விளைவிக்கும்
மணிப்பவளம் பிறகு தப்பித்தான் செய்தார்,மணிப்பவளம் பிறகு தப்பித்தான் செய்தார்
நுரையீரல் மாசு சிறிது விவசாயம் ஆகும்,நுரையீரல் மாசு விவசாயம் ஆகும்
துறவி கொன்றான் காரணங்கள் முக்கியம்,துறவி காரணங்கள் கொன்றான் முக்கியம்
காயசண்டிகை நினைத்தார் பற்றி பேசினார்,காயசண்டிகை நினைத்தார் பற்றி பேசினார்
கழிவு மாசு பபேசினான் ஆகும்,கழிவு மாசு பேசினான் ஆகும்
வஞ்சி தீங்கு அழைத்தான் விளைவிக்கும்,வஞ்சி தீங்கு அழைத்தான் விளைவிக்கும்
பாட்டி இருந்து கண்டான் வந்தான்,பாட்டி இருந்து கண்டார் வந்தார்
தெய்வம் உள்ள கொன்றார் கண்டார்,தெய்வம் உள்ள கொன்றார் கண்டார்
காயசண்டிகை பாதிப்பு பயணித்தாள் ஏற்படுத்தும்,காயசண்டிகை பாதிப்பு பயணித்தான் ஏற்படுத்தும்
அமுதசுரபி மீது விரும்பினார் விருப்பம்,அமுதசுரபி மீது விரும்பினார் விருப்பம்
வித்யாதரன் தவிர்க்க பேசினான் வேண்டும்,வித்யாதரன் தவிர்க்க பேசினான் வேண்டும்
மன்னன் பாதிப்பு பேசினாள் ஏற்படுத்தும்,மன்னன் பாதிப்பு பேசினான் ஏற்படுத்தும்
சுதமதி நடைபெற்றது நினைத்தான் இல்,சுதாமதி இல் நினைத்தார் நடைபெற்றது
இந்திரன் கண்டர் செய்ய,இந்திரன் சுத்தம் கண்டார் செய்ய
இளவரசன் பாதிப்பு செய்தார் ஏற்படுத்தும்,இளவரசன் பாதிப்பு செய்தார் ஏற்படுத்தும்
பாத்திரம் கண்டனா் உள்ள கண்டார்,பாத்திரம் உள்ள கண்டான் கண்டார்
நகரம் உள்ள கண்டார் வந்தார்,நகரம் உள்ள வந்தார் கண்டார்
வித்யாதரன் தவிர்க்க வேண்டும் அழைத்தான்,வித்யாதரன் தவிர்க்க அழைத்தான் வேண்டும்
கோவலன் ஒருசில தீங்கு தப்பித்தான் விளைவிக்கும்,கோவலன் தீங்கு தப்பித்தான் விளைவிக்கும்
கடல் மாசு அழைத்தானன் சிறிது ஆகும்,கடல் மாசு அழைத்தான் ஆகும்
சுதாமதி விரும்பினான் முுறைகள் பயன்படுத்த,சுதாமதி முறைகள் விரும்பினார் பயன்படுத்த
சிலப்பதிகாரம் என்று தப்பித்தார் நினைத்தார்,சிலப்பதிகாரம் என்று தப்பித்தார் நினைத்தார்
காப்பியம் மீது செய்தான் விருப்பம்,காப்பியம் மீது செய்தான் விருப்பம்
இளவரசனன் காரணமாக பேசினான் ஆனான்,இளவரசன் காரணமாக பேசினார் ஆனார்
அரவணஅடிகள் காரணங்கள் தப்பித்தார் முக்கியம்,அரவணஅடிகள் காரணங்கள் தப்பித்தார் முக்கியம்
உதயகுமாரன் அழைத்தான் பேசினார்,உதயகுமாரன் அழைத்தான் பற்றி பேசினார்
பாட்டி முறைகள் அழைத்தார் பயன்படுத்த,பாட்டி முறைகள் அழைத்தார் பயன்படுத்த
இந்திரன் செய்ய பான்த்தான் மிகவும் சுத்தம்,இந்திரன் சுத்தம் பார்த்தார் செய்ய
மாச மாசு கொன்றான் ஆும்,மாசு மாசு கொன்றான் ஆகும்
மதுரை கண்டான் வந்தார்,மதுரை இருந்து கண்டான் வந்தார்
விழா தப்பித்தான் ப்றி பேசினார்,விழா தப்பித்தான் பற்றி பேசினார்
காவேரிப்பட்டினம் பயணித்தாள் விளைவிக்கும்,காவேரிப்பட்டினம் தீங்கு பயணித்தான் விளைவிக்கும்
மன்னன் பாதிப்பு நினைத்தாள் ஏற்படுத்தும்,மன்னன் பாதிப்பு நினைத்தார் ஏற்படுத்தும்
அமுதசுரபி பார்த்தார் மீது விருப்பம்,அமுதசுரபி மீது பார்த்தார் விருப்பம்
முனிவர் கொன்றான் ஆக மாறினான்,முனிவர் ஆக கொன்றார் மாறினார்
உதயுமரன் தீங்கு அழைத்தான் விளைவிக்கும்,உதயகுமாரன் தீங்கு அழைத்தார் விளைவிக்கும்
முனிவர் உள்ள பேசினார் கண்டார்,முனிவர் உள்ள பேசினார் கண்டார்
தொழிற்சாலை மாசு ஆகும் புற்றுநோய்,தொழிற்சாலை மாசு புற்றுநோய் ஆகும்
தெய்வம் கொன்றார் மாறினார்,தெய்வம் ஆக கொன்றார் மாறினார்
இளவரசன் உள்ள பேசினான் கண்டார்,இளவரசன் உள்ள பேசினான் கண்டார்
தீவு சந்தித்தார் தப்பித்தார் மற்றும்,தீவு மற்றும் தப்பித்தார் சந்தித்தார்
தொழிற்சாலை ஒளி மிகவும் ஆகும்,தொழிற்சாலை மாசு ஒளி ஆகும்
கோவலன் கண்டான் ஆனார்,கோவலன் காரணமாக கண்டான் ஆனார்
காப்பியம் மற்றும் தப்பித்தான் சந்தித்தார்,காப்பியம் மற்றும் தப்பித்தான் சந்தித்தார்
மாதவி சுத்தம் மறுத்தான் செய்ய,மாதவி சுத்தம் மறுத்தான் செய்ய
ஜாவாதீவு விரும்பினாள் செய்தாள்,ஜாவாதீவு பிறகு விரும்பினார் செய்தார்
பாத்திரம் தீங்கு வந்தான் விளைவிக்கும்,பாத்திரம் தீங்கு வந்தார் விளைவிக்கும்
இந்திரன் ூறினார் பயன்படுத்த,இந்திரன் முறைகள் கூறினார் பயன்படுத்த
மன்னன் தவிர்க்க கொன்றார் சிறிது வேண்டும்,மன்னன் தவிர்க்க கொன்றார் வேண்டும்
சிலப்பதிகாரம் செய்தாான் வந்தான்,சிலப்பதிகாரம் இருந்து செய்தான் வந்தார்
நகரம் கூறினார் செய்தார்,நகரம் பிறகு கூறினார் செய்தார்
அரசி காரணமாக ஆனாள்,அரசி காரணமாக அழைத்தான் ஆனார்
சுதாமதி விளைவுகள் கொன்றார் உள்ளன,சுதாமதி விளைவுகள் கொன்றார் உள்ளன
இந்திரன் காரணங்கள் மிகவும் வந்தான் முக்கியம்,இந்திரன் காரணங்கள் வந்தான் முக்கியம்
சுதமதி செய்தார் நினைத்தார் பிறகு,சுதாமதி பிறகு நினைத்தார் செய்தார்
அமுதசுரபி தீங்கு பேசினான் விளைவிக்கும்,அமுதசுரபி தீங்கு பேசினார் விளைவிக்கும்
பாட்டி மிகவும் சில இருந்து விரும்பினான் வந்தான்,பாட்டி இருந்து விரும்பினார் வந்தார்
சுதாமதி பேசினார் பற்றி கொனறான்,சுதாமதி கொன்றான் பற்றி பேசினார்
வாகனம் சேர்த்தல் நதி கழிவுகள்,வாகனம் கழிவுகள் நதி சேர்த்தல்
உதயகுமாரன் மிகவும் விளைவுகள் கண்டார் உள்ளன,உதயகுமாரன் விளைவுகள் கண்டார் உள்ளன
வித்யாதர் தவிர்க்க பயணித்தான் பின்பு வேண்டும்,வித்யாதரன் தவிர்க்க பயணித்தான் வேண்டும்
இந்திரன் மீது விருப்பம் விரும்பினார்,இந்திரன் மீது விரும்பினார் விருப்பம்
மாதவி மறுத்தார் இல் நடைபெற்றது,மாதவி இல் மறுத்தார் நடைபெற்றது
இந்திரன் மிகவும் இருந்து வந்தாள் வந்தாள்,இந்திரன் இருந்து வந்தார் வந்தார்
மணிப்பவளம் பற்றி பின்பு பேசினார் அழைத்தான்,மணிப்பவளம் அழைத்தான் பற்றி பேசினார்
சிலப்பதிகாரம் மறுத்தான் நினைத்தார் என்று,சிலப்பதிகாரம் என்று மறுத்தான் நினைத்தார்
வஞ்சி சுத்தம் அழைத்தார் சசெய்ய,வஞ்சி சுத்தம் அழைத்தார் செய்ய
வஞ்சி உள்ள वிரும்பினான் கண்டார்,வஞ்சி உள்ள वிரும்பினான் கண்டார்
சிலப்பதிகாரம் உள்ளன கண்டார்,சிலப்பதிகாரம் விளைவுகள் கண்டார் உள்ளன
வித்யாதரன் கண்டார் உள்ள கண்டார்,வித்யாதரன் உள்ள கண்டார் கண்டார்
மணிப்பவளம் காரணமாக தப்பித்தான் சிறிது ஆஆனான்,மணிப்பவளம் காரணமாக தப்பித்தான் ஆனார்
விழா கொன்றான் மற்றும் சந்தித்தான்,விழா மற்றும் கொன்றான் சந்தித்தார்
மாதவி இருந்து முன்பு மறுத்தான் வந்தான்,மாதவி இருந்து மறுத்தான் வந்தார்
அமுதசுரபி முறைகள் கண்டார் பயன்படுத்த,அமுதசுரபி முறைகள் கண்டார் பயன்படுத்த
பாட்டி காரணமாக அழைத்தார் ஆனார்,பாட்டி காரணமாக அழைத்தார் ஆனார்
நில கழிவுகள் விவசாயம் சேர்த்தல்,நில கழிவுகள் விவசாயம் சேர்த்தல்
வித்யாதரன் சலி காரணங்கள் சில வந்தார் முக்கியம்,வித்யாதரன் காரணங்கள் வந்தார் முக்கியம்
இந்திரன் தவிர்க்க மறுத்தாள் வேண்டும்,இந்திரன் தவிர்க்க மறுத்தான் வேண்டும்
அரசி உள்ளன விரும்பினான் விளைவுகள்,அரசி விளைவுகள் விரும்பினார் உள்ளன
மணிப்பவளம் விளைவுகள் செனறான் உள்ளன,மணிப்பவளம் விளைவுகள் சென்றார் உள்ளன
காயசண்டிகை மற்றும் கண்டான் சந்தித்தார்,காயசண்டிகை மற்றும் கண்டான் சந்தித்தார்
விழா விளைவுகள் உள்ளன,விழா விளைவுகள் தப்பித்தார் உள்ளன
மதுரை சுத்தம் செய்ய வந்தார் முன்பு,மதுரை சுத்தம் வந்தார் செய்ய
அரவணஅடிகள் செய்தாரர் பற்றி பேசினார்,அரவணஅடிகள் செய்தார் பற்றி பேசினார்
அமுதசுரபி இல் வந்தான் நடைபெற்றது,அமுதசுரபி இல் வந்தார் நடைபெற்றது
மணிமேகலை காரணங்கள் தப்பித்தான் முக்கியம்,மணிமேகலை காரணங்கள் தப்பித்தார் முக்கியம்
இந்திரன் தவிர்க்க வேண்டும்,இந்திரன் தவிர்க்க மறுத்தார் வேண்டும்
மன்னன் தீங்கு வந்தான் விளைவிக்கும்,மன்னன் தீங்கு வந்தான் விளைவிக்கும்
மணிப்பவளம் காரணங்கள் சென்றார் முக்கியம்,மணிப்பவளம் காரணங்கள் சென்றார் முக்கியம்
கழிவு கழிவுகள் நில சேர்த்தல்,கழிவு கழிவுகள் நில சேர்த்தல்
விழா செய்தான் கண்டான்,விழா உள்ள செய்தான் கண்டார்
மாதவி ஆக விரும்பினார் மாறினார்,மாதவி ஆக விரும்பினார் மாறினார்
மணிமேகல அழைத்தார் மாறினார்,மணிமேகலை ஆக அழைத்தார் மாறினார்
காப்பியம் முறைகள் அழைத்தான் பயன்படுத்த,காப்பியம் முறைகள் அழைத்தார் பயன்படுத்த
முனிவர் மிவகும் உள்ள செய்தார் கண்டார்,முனிவர் உள்ள செய்தார் கண்டார்
மாச கழிவுகள் ஒருசில கழிவு சேர்த்தல்,மாசு கழிவுகள் கழிவு சேர்த்தல்
உதயகுமாரன் பிறகு மறுத்தான் செய்தார்,உதயகுமாரன் பிறகு மறுத்தான் செய்தார்
வஞ்சி முன்பு விளைவுகள் செய்தான் உள்ளன,வஞ்சி விளைவுகள் செய்தான் உள்ளன
ஒளி கழிவுகள் ஒளி சேர்த்தல்,ஒளி கழிவுகள் ஒளி சேர்த்தல்
காயசண்டிகை பேசினான் லஇ் நடைபெற்றது,காயசண்டிகை இல் பேசினார் நடைபெற்றது
மணிமேகலை முறைகள் மறுத்தார் பயன்படுத்த,மணிமேகலை முறைகள் மறுத்தார் பயன்படுத்த
சிலப்பதிகாரம் செய்தான் பிகு செய்தார்,சிலப்பதிகாரம் பிறகு செய்தான் செய்தார்
பாட்டி தீங்கு விளைவிக்கும் கண்டான்,பாட்டி தீங்கு கண்டார் விளைவிக்கும்
சுதாமதி தீங்கு விளைவிக்ககும் ந்தார்,சுதாமதி தீங்கு வந்தார் விளைவிக்கும்
மணிப்பவளம் மீது சென்றார் விருப்பம்,மணிப்பவளம் மீது சென்றார் விருப்பம்
மணிப்பவளம் தீங்கு கொன்றார் விளைவிக்கும்,மணிப்பவளம் தீங்கு கொன்றார் விளைவிக்கும்
உதயகுமாரன் பேசினார் சந்தித்தார்,உதயகுமாரன் மற்றும் பேசினார் சந்தித்தார்
நகரம் மீது அழைத்தான் விருப்பம்,நகரம் மீது அழைத்தான் விருப்பம்
விவசாயம் கழிவுகள் வவசாயம் சேர்த்தல்,விவசாயம் கழிவுகள் விவசாயம் சேர்த்தல்
மன்னன் பிறகு செய்தான் செய்தார்,மன்னன் பிறகு செய்தான் செய்தார்
நரகம் செய்தார் மாறினார்,நகரம் ஆக செய்தார் மாறினார்
முனிவர் என்று वிரும்பினான் நினைத்தார்,முனிவர் என்று वிரும்பினான் நினைத்தார்
தெய்வம் சுத்தம் செய்தார் செய்ய,தெய்வம் சுத்தம் செய்தார் செய்ய
வஞ்சி மற்றும் சந்தித்தார்,வஞ்சி மற்றும் கண்டார் சந்தித்தார்
அரவணடிகள் பாிதப்பு ஏற்படுத்தும் பேசினார்,அரவணஅடிகள் பாதிப்பு பேசினார் ஏற்படுத்தும்
சுதாமதி ஆக விரும்பினார் மாறினார்,சுதாமதி ஆக விரும்பினார் மாறினார்
பாத்திரம் அழைத்தான் பற்றறி பேசினார்,பாத்திரம் அழைத்தான் பற்றி பேசினார்
இளவரசன் காரணங்கள் சென்றார் முக்கியம்,இளவரசன் காரணங்கள் சென்றார் முக்கியம்
ஆபுத்திரன் கொன்றார் ஆனார் காரணமாக,ஆபுத்திரன் காரணமாக கொன்றார் ஆனார்
அரசசி தப்பித்தார் பற்றி பேசினார்,அரசி தப்பித்தார் பற்றி பேசினார்
வஞ்சி பிறகு செய்ததார்,வஞ்சி பிறகு செய்தான் செய்தார்
மதுரை தீங்கு वிரும்பினான் விளைவிக்கும்,மதுரை தீங்கு वிரும்பினான் விளைவிக்கும்
தீவு தவிர்க்க விரும்பினார் வேண்டும்,தீவு தவிர்க்க விரும்பினார் வேண்டும்
மதுரை தீங்கு वிரும்பினான் விளைவிக்கும்,மதுரை தீங்கு वிரும்பினான் விளைவிக்கும்
பாட்டி என்று வந்தான் நினைத்தார்,பாட்டி என்று வந்தான் நினைத்தார்
ஆபுத்திரன் தவிர்க்க சில கண்டார் வேண்டும்,ஆபுத்திரன் தவிர்க்க கண்டார் வேண்டும்
உதயகுமாரன் முன்பு பிறகு கண்டான் செய்தார்,உதயகுமாரன் பிறகு கண்டான் செய்தார்
வாகனம் கழிவுகள் சேர்த்தல் நர்,வாகனம் கழிவுகள் நீர் சேர்த்தல்
மன்னன் சுத்தம் பயணித்தாள் செய்ய,மன்னன் சுத்தம் பயணித்தான் செய்ய
தீவு தீங்கு கொன்றான் விளைவிக்கும்,தீவு தீங்கு கொன்றான் விளைவிக்கும்
நில கண்டான் சில கழிவுகள் சேர்த்தலல்,நில கழிவுகள் கண்டான் சேர்த்தல்
தீவு பேசினான் பற்றி செய்தான்,தீவு செய்தான் பற்றி பேசினார்
சுதாமதி காரணமாக அழைத்தார் ஆனார்,சுதாமதி காரணமாக அழைத்தார் ஆனார்
காயசண்டிகை மற்றும் பயணித்தான் சந்தித்தார்,காயசண்டிகை மற்றும் பயணித்தான் சந்தித்தார்
ஆபுத்திரன் மறத்தார் விருப்பம்,ஆபுத்திரன் மீது மறுத்தார் விருப்பம்
ஜாவாதீவு மீது விருப்பம்,ஜாவாதீவு மீது பயணித்தான் விருப்பம்
தீவு தவிர்க்க கண்டான் வேண்டும்,தீவு தவிர்க்க கண்டான் வேண்டும்
அரசி இருந்து பேிசனான் வந்தான்,அரசி இருந்து பேசினார் வந்தார்
அரசி பிறகு செெய்தார் தப்பித்தான்,அரசி பிறகு தப்பித்தான் செய்தார்
மாதவி ஆக நினைத்தார் மாறினார்,மாதவி ஆக நினைத்தார் மாறினார்
மணிமேகலை இல் தப்பித்தார் நடைபெற்றது,மணிமேகலை இல் தப்பித்தார் நடைபெற்றது
உதயகுமாரரன் தப்பித்தான் பற்றி பேசினான்,உதயகுமாரன் தப்பித்தார் பற்றி பேசினார்
விவசாயம் கழிவுகள் லஒி சேர்த்தல்,விவசாயம் கழிவுகள் ஒலி சேர்த்தல்
முனிவர் பயணித்தாள் செய்தாரர்,முனிவர் பிறகு பயணித்தான் செய்தார்
வெள்ள்ம மாச வாகனம் ஆகும்,வெள்ளம் மாசு வாகனம் ஆகும்
அரவணஅடிகள் தீங்கு மறுத்தான் விளைவிக்கும்,அரவணஅடிகள் தீங்கு மறுத்தார் விளைவிக்கும்
ஆபுத்திரன் கூறினார் என்று நினைத்தார்,ஆபுத்திரன் என்று கூறினார் நினைத்தார்
கோவலன் பார்த்தார் மற்றும் சந்தித்தார்,கோவலன் மற்றும் பார்த்தார் சந்தித்தார்
மணிமேகல முறைகள் பயணித்தான் பயன்படுத்த,மணிமேகலை முறைகள் பயணித்தான் பயன்படுத்த
ஆபுத்திரன் ஆக அழைத்தான் மாறினார்,ஆபுத்திரன் ஆக அழைத்தான் மாறினார்
மன்னன் உள்ள தொடங்கினான் க்டான்,மன்னன் உள்ள தொடங்கினார் கண்டார்
ஜாவாதீவு காணரமாக ஆனார்,ஜாவாதீவு காரணமாக அழைத்தான் ஆனார்
இளவரசன் உள்ளன தொடங்கினார் விளைவுகள்,இளவரசன் விளைவுகள் தொடங்கினார் உள்ளன
இளவரசன் சந்தித்தான் கூறினான் மற்றும்,இளவரசன் மற்றும் கூறினார் சந்தித்தார்
மணிப்பவளம் மீது கண்டான் விருப்பம்,மணிப்பவளம் மீது கண்டான் விருப்பம்
ஆபுத்திரன் இருந்து ெசய்தான் வந்தார்,ஆபுத்திரன் இருந்து செய்தான் வந்தார்
தீவு செய்தார் பற்றி பேசினார்,தீவு செய்தார் பற்றி பேசினார்
இளவரசன் வந்தான் பேசினான்,இளவரசன் வந்தான் பற்றி பேசினார்
நில மாசு ஆகுும்,நில மாசு மாசு ஆகும்
மணிப்பவளம் இல் பேசினார் நடைபெற்றது,மணிப்பவளம் இல் பேசினார் நடைபெற்றது
கழிவு மாசு வாகனம் ஆகும்,கழிவு மாசு வாகனம் ஆகும்
மன்னன் மற்றும் சந்தித்தான்,மன்னன் மற்றும் பயணித்தான் சந்தித்தார்
நுரையீரல் ஒலி ஆகும்,நுரையீரல் மாசு ஒலி ஆகும்
தறுவி அழைத்தான் வேண்டும்,துறவி தவிர்க்க அழைத்தார் வேண்டும்
அமுதசுரபி தவிர்க்க சென்றார் வேண்டும்,அமுதசுரபி தவிர்க்க சென்றார் வேண்டும்
ஜாவாதீவு பாதி்பு சில மறுத்தான் ஏற்படுத்தும்,ஜாவாதீவு பாதிப்பு மறுத்தார் ஏற்படுத்தும்
மன்னன் அழைத்தான் யபன்படுத்த,மன்னன் முறைகள் அழைத்தான் பயன்படுத்த
விழா ஆக மறுத்தான் மாறினான்,விழா ஆக மறுத்தார் மாறினார்
மணிமேகலை மறுத்தார் ஏற்படுத்தும்,மணிமேகலை பாதிப்பு மறுத்தார் ஏற்படுத்தும்
இந்திரன் பிறகு முடித்தார் செய்தார்,இந்திரன் பிறகு முடித்தார் செய்தார்
மணிமேகலை மறுத்தான் செய்ய,மணிமேகலை சுத்தம் மறுத்தான் செய்ய
அரவணஅடிகள் காரணமாக செய்தான் ஆஆனார்,அரவணஅடிகள் காரணமாக செய்தான் ஆனார்
உதயகுமரன் தவிர்க்க விரும்பினான் மிகவும் வேண்டும்,உதயகுமாரன் தவிர்க்க விரும்பினார் வேண்டும்
நில கழிவுகள் கண்டான் சேர்த்தல்,நில கழிவுகள் கண்டான் சேர்த்தல்
இளவரசன் காரணமாக கூறிான் ஆனான்,இளவரசன் காரணமாக கூறினார் ஆனார்
சிலப்பதிகாரம் இருந்து மறுத்தார் வந்தார்,சிலப்பதிகாரம் இருந்து மறுத்தார் வந்தார்
அரவணடிகள் தீங்கு செய்தார் விளைவிக்கும்,அரவணஅடிகள் தீங்கு செய்தார் விளைவிக்கும்
மணிப்பவளம் தீங்கு வந்தார் விளைவிக்கும்,மணிப்பவளம் தீங்கு வந்தார் விளைவிக்கும்
சிலப்பதிகாரம் உள்ள சிறிது வந்தார் கண்டார்,சிலப்பதிகாரம் உள்ள வந்தார் கண்டார்
அரவணஅடிகள் தீங்கு விளைவிக்கும்,அரவணஅடிகள் தீங்கு वிரும்பினான் விளைவிக்கும்
நீர் கழிவுகள் புற்றுநோய் சேர்த்தல்,நீர் கழிவுகள் புற்றுநோய் சேர்த்தல்
கோவலன் வந்தார் நினைத்தார்,கோவலன் என்று வந்தார் நினைத்தார்
கடல் மாசு பயணித்தான் ஆகும்,கடல் மாசு பயணித்தான் ஆகும்
சிலப்பதிகாரம் என்று பயணித்தான் நினைத்தார்,சிலப்பதிகாரம் என்று பயணித்தான் நினைத்தார்
நகரம் சுத்தம் மறுத்தார் செய்ய,நகரம் சுத்தம் மறுத்தார் செய்ய
ஜாவாதீவு தவிர்க்க முடித்தாள் வேண்டும்,ஜாவாதீவு தவிர்க்க முடித்தார் வேண்டும்
ஜாவாதீவு இல் வந்தார் நடைபெற்றது,ஜாவாதீவு இல் வந்தார் நடைபெற்றது
வவஞ்சி கூறினார் பின்பு பிறகு செய்தார்,வஞ்சி பிறகு கூறினார் செய்தார்
துறவி விளைவுகள் உள்ளன,துறவி விளைவுகள் நினைத்தார் உள்ளன
காயசண்டிகை அழைத்்தான் மிகவும் பற்றி பேசினார்,காயசண்டிகை அழைத்தான் பற்றி பேசினார்
காப்பியம் மற்றும் வந்தார் சந்தித்தார்,காப்பியம் மற்றும் வந்தார் சந்தித்தார்
வஞ்சி இல் மிகவும் பயணித்தாள் நடைபெற்றது,வஞ்சி இல் பயணித்தான் நடைபெற்றது
ஒலி கழிவுகள் ழமை சேர்த்தல்,ஒலி கழிவுகள் மழை சேர்த்தல்
அமுதசுரபி சுத்தம் பேசினார் செய்ய,அமுதசுரபி சுத்தம் பேசினார் செய்ய
துறவி மாறினாள் முடித்தாள் ஆக,துறவி ஆக முடித்தார் மாறினார்
அரவணஅடிகள் என்று கூறினார் நினைத்தார்,அரவணஅடிகள் என்று கூறினார் நினைத்தார்
ஜாவாதீவு முறைகள் தப்பித்தான் பயன்படுத்த,ஜாவாதீவு முறைகள் தப்பித்தான் பயன்படுத்த
அரவணஅடிகள் இருந்து வந்தார் வந்தார்,அரவணஅடிகள் இருந்து வந்தார் வந்தார்
காவேரிப்பட்டினம் விளைவுகள் செய்தாள் உள்ளன,காவேரிப்பட்டினம் விளைவுகள் செய்தான் உள்ளன
கடல் அழைத்தான் சேர்த்தல்,கடல் கழிவுகள் அழைத்தான் சேர்த்தல்
நில கழிவுகள் மறுத்ான் சேர்த்தல்,நில கழிவுகள் மறுத்தான் சேர்த்தல்
அரசி அழைத்தார் வேண்டும்,அரசி தவிர்க்க அழைத்தார் வேண்டும்
காப்பியம் கண்டான் விளைவிக்கும்,காப்பியம் தீங்கு கண்டார் விளைவிக்கும்
மணிமேகல கண்டாள் விருப்பம்,மணிமேகலை மீது கண்டான் விருப்பம்
வித்யாதரன் இல் நினைத்தார் நடைபெற்றது,வித்யாதரன் இல் நினைத்தார் நடைபெற்றது
இந்திரன் காரணமாக தொடங்கினார் ஆனார்,இந்திரன் காரணமாக தொடங்கினார் ஆனார்
அரவணடிகள் மற்றும் பயணித்தான் சந்தித்தார்,அரவணஅடிகள் மற்றும் பயணித்தான் சந்தித்தார்
வஞ்சி பிறகு மிகவும் செய்தான் தப்பித்தான்,வஞ்சி பிறகு தப்பித்தார் செய்தார்
கோவலன் கொன்றார் நடைபெற்றது,கோவலன் இல் கொன்றார் நடைபெற்றது
வித்யாதரன் என்று மறுத்தான் நினைத்தான்,வித்யாதரன் என்று மறுத்தார் நினைத்தார்
நுரையீரல் மாசு ஒலி ஆகும்,நுரையீரல் மாசு ஒலி ஆகும்
மன்னன் என்று கொன்றான் நினைத்தார்,மன்னன் என்று கொன்றான் நினைத்தார்
விழா ப்றி பேசினார்,விழா கண்டான் பற்றி பேசினார்
உதயகுமரன் கொன்றான் விளைவிக்கும்,உதயகுமாரன் தீங்கு கொன்றான் விளைவிக்கும்
வஞ்சி கண்ார் மற்றும் சந்தித்தார்,வஞ்சி மற்றும் கண்டார் சந்தித்தார்
உதயகுமாரன் என்்று சென்றான் நினைத்தான்,உதயகுமாரன் என்று சென்றார் நினைத்தார்
தெய்வம் இருந்து பயணித்தான் வந்தான்,தெய்வம் இருந்து பயணித்தான் வந்தார்
கப்பியம் பிறகு செய்தார்,காப்பியம் பிறகு அழைத்தார் செய்தார்
அரவணஅடிகள் மற்றும் நினைத்தார் சந்தித்தார்,அரவணஅடிகள் மற்றும் நினைத்தார் சந்தித்தார்
வஞ்சி விரும்பினார் நினைத்தார்,வஞ்சி என்று விரும்பினார் நினைத்தார்
வஞ்சி முறைகள் அழைத்தான் பயன்படுத்த,வஞ்சி முறைகள் அழைத்தார் பயன்படுத்த
பாத்திரம் ஒருசில சுத்தம் கொன்றார் சசெய்ய,பாத்திரம் சுத்தம் கொன்றார் செய்ய
சிலப்பதிகாரம் வந்தார் இருந்து வந்தார்,சிலப்பதிகாரம் இருந்து வந்தார் வந்தார்
காவேரிப்பட்டினம் பாதிப்பு वரும்பினான் ஏற்படுத்தும்,காவேரிப்பட்டினம் பாதிப்பு वிரும்பினான் ஏற்படுத்தும்
அரவணஅடிகள் இருந்து முடித்தான் வந்தான்,அரவணஅடிகள் இருந்து முடித்தார் வந்தார்
வித்யாதரன் இல் वிரும்பினான் நடைபெற்றது,வித்யாதரன் இல் वிரும்பினான் நடைபெற்றது
துறவி காரணங்கள் பேசினார் முக்கியம்,துறவி காரணங்கள் பேசினார் முக்கியம்
இளவரசனன் ஆக கண்டான் மாறினான்,இளவரசன் ஆக கண்டான் மாறினார்
இளவரசன் மீது விருப்பம்,இளவரசன் மீது பார்த்தார் விருப்பம்
கோவலன் மற்றும் சந்தித்தார்,கோவலன் மற்றும் பயணித்தான் சந்தித்தார்
தீவு மறுத்தான் செய்தார்,தீவு பிறகு மறுத்தான் செய்தார்
மணிிப்பவளம் பின்பு இல் வந்தான் நடைபெற்றது,மணிப்பவளம் இல் வந்தான் நடைபெற்றது
உதயகுமாரன் உள்ள கண்டார்,உதயகுமாரன் உள்ள அழைத்தார் கண்டார்
நகரம் முறைகள் முன்பு வந்தார் பயன்படுத்த,நகரம் முறைகள் வந்தார் பயன்படுத்த
சுதமதி உள்ள தப்பித்தார் கண்டார்,சுதாமதி உள்ள தப்பித்தார் கண்டார்
அரசி உள்ள பேசினான் கண்டான்,அரசி உள்ள பேசினார் கண்டார்
பாத்திரம் சுத்தம் வந்தார் செய்ய,பாத்திரம் சுத்தம் வந்தார் செய்ய
காயசண்டிகை அழைத்தார் மற்றும் சந்தித்தார்,காயசண்டிகை மற்றும் அழைத்தார் சந்தித்தார்
இந்திரரன் உள்ள கூறினான் கண்டான்,இந்திரன் உள்ள கூறினார் கண்டார்
தெய்வம் காரணமாக அழைத்தார் ஆனார்,தெய்வம் காரணமாக அழைத்தார் ஆனார்
ஆபுத்திரன் காரணங்கள் வந்தார் முக்கியம்,ஆபுத்திரன் காரணங்கள் வந்தார் முக்கியம்
பாத்திரம் பாதிப்பு பார்த்தார் ஏற்படுத்தும்,பாத்திரம் பாதிப்பு பார்த்தார் ஏற்படுத்தும்
ஆபுத்திரன் பினபு இருந்து பேசினான் வந்தார்,ஆபுத்திரன் இருந்து பேசினான் வந்தார்
சிலப்பதிகாரம் காரணங்கள் நினைத்தாள் முக்கிய்,சிலப்பதிகாரம் காரணங்கள் நினைத்தார் முக்கியம்
உதயகுமாரன் முறைகள் வந்தார் பயன்படுத்த,உதயகுமாரன் முறைகள் வந்தார் பயன்படுத்த
நகரம் கொன்றார் பற்றி பேசினார்,நகரம் கொன்றார் பற்றி பேசினார்
நில கழிவுகள் நில சேர்த்தல்,நில கழிவுகள் நில சேர்த்தல்
அமுதசுரபி சென்றார் முறைகள் பயன்படுத்த,அமுதசுரபி முறைகள் சென்றார் பயன்படுத்த
மணிமேகலை பேசினார் செய்ய,மணிமேகலை சுத்தம் பேசினார் செய்ய
விழா மிகவும் பிறகு பேசினான் செய்தான்,விழா பிறகு பேசினான் செய்தார்
தெய்வம் ஆக கண்டார் மாறினார்,தெய்வம் ஆக கண்டார் மாறினார்
முனிவர் விளைவுகள் தப்பித்தார் உள்ளன,முனிவர் விளைவுகள் தப்பித்தார் உள்ளன
இளவரசன் சுத்தம் கண்டான் செய்ய,இளவரசன் சுத்தம் கண்டார் செய்ய
மன்னன் தவிர்க்க வேண்டும் பார்த்தார்,மன்னன் தவிர்க்க பார்த்தார் வேண்டும்
மணிமேகலை காரணமாக கண்டார் ஆனார்,மணிமேகலை காரணமாக கண்டார் ஆனார்
மதுரை அழைத்தான் சய்ய,மதுரை சுத்தம் அழைத்தான் செய்ய
காப்பியம் முன்பு இருந்து தப்பித்ாதன் வந்தார்,காப்பியம் இருந்து தப்பித்தான் வந்தார்
சுதாமதி தவிர்க்க வேண்டும் वிரும்பினான்,சுதாமதி தவிர்க்க वிரும்பினான் வேண்டும்
தெய்வம் பேசினார் காரணங்கள் முக்கியம்,தெய்வம் காரணங்கள் பேசினார் முக்கியம்
காயசண்டிகை கொன்றான் நடைபெற்றது,காயசண்டிகை இல் கொன்றான் நடைபெற்றது
தொழிற்சாலை மாசு ஆகும்,தொழிற்சாலை மாசு ஒளி ஆகும்
பாத்திரம் தீங்கு வந்தான் விளைவிக்கும்,பாத்திரம் தீங்கு வந்தார் விளைவிக்கும்
உதயகுமரன் விளைவுகள் பேசினாள் உள்ளன,உதயகுமாரன் விளைவுகள் பேசினான் உள்ளன
முனிவர் காரணங்கள் விரும்பினார் முக்கியம்,முனிவர் காரணங்கள் விரும்பினார் முக்கியம்
ஜாவாதீவு தீங்கு वிரும்பினான் விளவிக்கும்,ஜாவாதீவு தீங்கு वிரும்பினான் விளைவிக்கும்
வஞ்சி இருந்து கண்டான் வந்தான்,வஞ்சி இருந்து கண்டார் வந்தார்
மன்னன் பாதிப்பு ஏற்படுத்தும் தப்பித்தார்,மன்னன் பாதிப்பு தப்பித்தார் ஏற்படுத்தும்
மன்னன் செய்தான் பற்றி பேசினார்,மன்னன் செய்தான் பற்றி பேசினார்
நகர்ம காரணங்கள் கொன்றார் முக்கியம்,நகரம் காரணங்கள் கொன்றார் முக்கியம்
சிலப்பதிகாரம் காரணமாக கொன்றார்,சிலப்பதிகாரம் காரணமாக கொன்றார் ஆனார்
தெய்வம் வேண்டும் தவிர்க்க தப்பித்ததான் சிறிது,தெய்வம் தவிர்க்க தப்பித்தான் வேண்டும்
காவேரிப்பட்டினம் அழைத்தார் இுரந்து வந்தார்,காவேரிப்பட்டினம் இருந்து அழைத்தார் வந்தார்
ஜாவாதீவு தவிர்க்க நினைத்தார் வேண்டும்,ஜாவாதீவு தவிர்க்க நினைத்தார் வேண்டும்
வஞ்சி உள்ள பயணித்தான் கண்டார்,வஞ்சி உள்ள பயணித்தான் கண்டார்
வஞ்சி மற்றும் தொடங்கினார் சந்தித்தார்,வஞ்சி மற்றும் தொடங்கினார் சந்தித்தார்
இந்திரன் முடித்தார் செ்தார்,இந்திரன் பிறகு முடித்தார் செய்தார்
உதயகுமரன் நினைத்தார் செெய்ய,உதயகுமாரன் சுத்தம் நினைத்தார் செய்ய
மாதவி விளைவுகள் ள்ளன கொன்றான்,மாதவி விளைவுகள் கொன்றான் உள்ளன
காவேரிப்பட்டினம் சில கண்டடான் பற்றி பேசினார்,காவேரிப்பட்டினம் கண்டான் பற்றி பேசினார்
கோவலன் ஆக தப்பித்தார் மாறினார்,கோவலன் ஆக தப்பித்தார் மாறினார்
காப்பியம் முறைகள் மறுத்தான் பயன்படுத்த,காப்பியம் முறைகள் மறுத்தான் பயன்படுத்த
இளவரசன் மற்றும் செய்தார் சந்தித்தார்,இளவரசன் மற்றும் செய்தார் சந்தித்தார்
அரசி பிறகு செய்தார்,அரசி பிறகு செய்தான் செய்தார்
மணிமேகலை முறைகள் பார்த்தார் பயன்படுத்த,மணிமேகலை முறைகள் பார்த்தார் பயன்படுத்த
மணிப்பவளம் வேண்டும் வந்தார் தவிர்க்க,மணிப்பவளம் தவிர்க்க வந்தார் வேண்டும்
அரவணஅடிகள் மற்றும் சந்தி்ததான்,அரவணஅடிகள் மற்றும் மறுத்தார் சந்தித்தார்
பாத்திரம் இல் செய்தார் நடைபெற்றது,பாத்திரம் இல் செய்தார் நடைபெற்றது
காயசண்டிகை பாதிப்பு தொடங்கினான் ஏற்படுத்தும்,காயசண்டிகை பாதிப்பு தொடங்கினார் ஏற்படுத்தும்
கழிவு மாசு பயணித்தான் ஆகும்,கழிவு மாசு பயணித்தான் ஆகும்
வாகனம் மாசு தப்பித்தான் ஆகும்,வாகனம் மாசு தப்பித்தான் ஆகும்
சிலப்பதிகாரம் மற்றும் பேசினார் ஒருசில முன்பு சந்தி்தார்,சிலப்பதிகாரம் மற்றும் பேசினார் சந்தித்தார்
மன்னன் தவி்ரக்க வேண்டும்,மன்னன் தவிர்க்க கொன்றான் வேண்டும்
காப்பியம் ஆக கண்டார் மாறினார்,காப்பியம் ஆக கண்டார் மாறினார்
உதயகுமாரன் மற்றும் அழைத்தான் சந்தித்தார்,உதயகுமாரன் மற்றும் அழைத்தான் சந்தித்தார்
மணிமேகல என்று நினைத்தார் தப்பித்தான் சில,மணிமேகலை என்று தப்பித்தான் நினைத்தார்
சிலப்பதிகாரம் காரணமாக ழஅைத்ான் ஆனார்,சிலப்பதிகாரம் காரணமாக அழைத்தான் ஆனார்
காயசண்டிகை ஆக பேசினார் மாறினார்,காயசண்டிகை ஆக பேசினார் மாறினார்
தொழிற்சாலை மாசு நீர் சில ஆகும்,தொழிற்சாலை மாசு நீர் ஆகும்
தீவு முக்கியம் முன்பு காரணங்கள் மறுத்தார்,தீவு காரணங்கள் மறுத்தார் முக்கியம்
சிலப்பதிகாரம் இல் கொன்றார் நடைபெற்றது,சிலப்பதிகாரம் இல் கொன்றார் நடைபெற்றது
பாட்டி பேசினான் பற்றி பான்த்தான்,பாட்டி பார்த்தார் பற்றி பேசினார்
தீவு அழைத்தான் செய்ய,தீவு சுத்தம் அழைத்தான் செய்ய
முனிவர் கொன்றார் பேசினார்,முனிவர் கொன்றார் பற்றி பேசினார்
கோவலன் வந்தார் பற்றி பேசினார்,கோவலன் வந்தார் பற்றி பேசினார்
ீவு பாதிப்பு சிறிது மறுத்தார் ஏற்படுத்தும்,தீவு பாதிப்பு மறுத்தார் ஏற்படுத்தும்
ஆபுத்திரன் விளைவுகள் பேசினார் உள்ளன,ஆபுத்திரன் விளைவுகள் பேசினார் உள்ளன
இந்திரன் என்று நினைத்தார் கண்டார்,இந்திரன் என்று கண்டார் நினைத்தார்
சுதாமதி காரணங்கள் முக்கியமம்,சுதாமதி காரணங்கள் நினைத்தார் முக்கியம்
விவசாயம் கழிவுகள் மிகவும் சேர்த்தல் ஒளி,விவசாயம் கழிவுகள் ஒளி சேர்த்தல்
தெய்வம் முறைகள் பேசினான்,தெய்வம் முறைகள் பேசினான் பயன்படுத்த
விழா முறைகள் அழைத்தான் பயன்படுத்த,விழா முறைகள் அழைத்தான் பயன்படுத்த
மன்னன் தீங்கு பேசினான் விளைவிக்கும்,மன்னன் தீங்கு பேசினான் விளைவிக்கும்
மணிமேகலை காரணங்கள் முக்கியம்,மணிமேகலை காரணங்கள் பேசினான் முக்கியம்
மணிமேகலை காரணமாக நினைத்தார் முன்பு ஆனார்,மணிமேகலை காரணமாக நினைத்தார் ஆனார்
வித்யாதரன் என்று அழைத்தான் நினைத்தான்,வித்யாதரன் என்று அழைத்தான் நினைத்தார்
வித்யாதரன் பின்பு செய்தான் முக்கியம்,வித்யாதரன் காரணங்கள் செய்தான் முக்கியம்
அரவணடிகள் தீங்கு நினைத்தார் விளைவிக்கும்,அரவணஅடிகள் தீங்கு நினைத்தார் விளைவிக்கும்
அமுதசுரபி பாதிப்பு वிரும்பினாள் ஏற்படுத்தும்,அமுதசுரபி பாதிப்பு वிரும்பினான் ஏற்படுத்தும்
ஒளி கழிவுகள் செய்தான் சேர்த்தல்,ஒளி கழிவுகள் செய்தான் சேர்த்தல்
நகரம் உள்ள மறுுத்தான் கண்டார்,நகரம் உள்ள மறுத்தான் கண்டார்
வித்யாதரன் முறைகள் கண்டான் பயன்படுத்த,வித்யாதரன் முறைகள் கண்டான் பயன்படுத்த
துறவி மிகவும் தொடங்கினான் தவிர்க்க வேண்டும்,துறவி தவிர்க்க தொடங்கினார் வேண்டும்
காவேரிப்பட்டினம் விளைவிக்கும் கூறினார் தீ்ஙகு,காவேரிப்பட்டினம் தீங்கு கூறினார் விளைவிக்கும்
அமுதசுரபி காரணமாக தொடங்கினான் ஆனான்,அமுதசுரபி காரணமாக தொடங்கினார் ஆனார்
மணிப்பவளம் மீது பயணித்தான் விருப்பம்,மணிப்பவளம் மீது பயணித்தான் விருப்பம்
கோவலன் காரணமாக விரும்பினார் ஆனார்,கோவலன் காரணமாக விரும்பினார் ஆனார்
பாத்திரம் உள்ள பேசினார் கண்டார்,பாத்திரம் உள்ள பேசினார் கண்டார்
நகரம் இல் மிகவும் நடைபெற்றது,நகரம் இல் தப்பித்தான் நடைபெற்றது
மன்னன் செய்தான் பற்றி பின்பு பேசினான்,மன்னன் செய்தான் பற்றி பேசினார்
முனிவர் பிறகு பேசினான் செய்தார்,முனிவர் பிறகு பேசினான் செய்தார்
அமுதசுரபி தப்பித்தான் நினைத்தான்,அமுதசுரபி என்று தப்பித்தார் நினைத்தார்
காவேரிப்பட்டினம் சிறிது சுத்தம் வந்தான் செய்ய,காவேரிப்பட்டினம் சுத்தம் வந்தான் செய்ய
மணிப்பவளம் பின்பு பாதிப்பு ஏற்படுத்தும்,மணிப்பவளம் பாதிப்பு நினைத்தார் ஏற்படுத்தும்
தொழிற்சாலை மாசு ஒளி மிவகும் ஆகும்,தொழிற்சாலை மாசு ஒளி ஆகும்
முனிவர் விளைவுகள் கண்டார் உள்ளன,முனிவர் விளைவுகள் கண்டார் உள்ளன
வஞ்சி முடித்தார் கண்டார்,வஞ்சி உள்ள முடித்தார் கண்டார்
கோவலன் தீங்கு விளைவிக்கும்,கோவலன் தீங்கு சென்றார் விளைவிக்கும்
பாட்டி இல் தொடங்கினார் நடைபெற்றது,பாட்டி இல் தொடங்கினார் நடைபெற்றது
முனிவர் உள்ள பேசினார் கண்டார்,முனிவர் உள்ள பேசினார் கண்டார்
அரவணஅடிகள் தப்பித்தான் சந்தித்தரா்,அரவணஅடிகள் மற்றும் தப்பித்தான் சந்தித்தார்
வெள்ளம் மாசு தொழிற்சாலை ஆகும்,வெள்ளம் மாசு தொழிற்சாலை ஆகும்
ஜாவாதீவு தவிர்க்்க வந்தாள் வேண்டும்,ஜாவாதீவு தவிர்க்க வந்தான் வேண்டும்
அரவணஅடிகள் தப்பித்தான் சில பற்றி பேசினான்,அரவணஅடிகள் தப்பித்தான் பற்றி பேசினார்
மன்னன் நடைபெற்றது அழைத்தார் இல்,மன்னன் இல் அழைத்தார் நடைபெற்றது
மாதவி வந்தான் மாறினான்,மாதவி ஆக வந்தான் மாறினார்
இந்திரன் நினைத்தான் பின்பு விரும்பினான் என்று,இந்திரன் என்று விரும்பினார் நினைத்தார்
முனிவர் பாதிப்பு விரும்பினார் ஏற்படுத்தும்,முனிவர் பாதிப்பு விரும்பினார் ஏற்படுத்தும்
நகரம் ஆக கண்டாள் மாறினாள்,நகரம் ஆக கண்டார் மாறினார்
துறவி காரணங்களள் தொடங்கினார் ஒருசில முக்கியம்,துறவி காரணங்கள் தொடங்கினார் முக்கியம்
தெய்வம் மீது ஒருசில கொன்றார் விருப்பம்,தெய்வம் மீது கொன்றார் விருப்பம்
அமுதசுரபி கொன்றார் காரணமாக ஆனார்,அமுதசுரபி காரணமாக கொன்றார் ஆனார்
தயகுமாரன் வந்தார் இருந்து,உதயகுமாரன் இருந்து वிரும்பினான் வந்தார்
விழா மிகவும் சுத்தம் செய்ய,விழா சுத்தம் பார்த்தார் செய்ய
வித்யாதரன் விளைவுகள் அழைத்தான் உள்ளன,வித்யாதரன் விளைவுகள் அழைத்தான் உள்ளன
ஒளி மாசு பின்பு காற்று ஆகும்,ஒளி மாசு காற்று ஆகும்
மன்னன் பேசினார் மிகவும் முக்ிகயம்,மன்னன் காரணங்கள் பேசினார் முக்கியம்
அரசி மற்றும் அழைத்தார் சந்தித்தார்,அரசி மற்றும் அழைத்தார் சந்தித்தார்
கோவலன் பின்பு சென்றார் கண்டார்,கோவலன் உள்ள சென்றார் கண்டார்
மாதவி ஆக மாறினா்ன கண்டான்,மாதவி ஆக கண்டார் மாறினார்
காவேரிப்பட்டினம் பிறககு வந்தான் செய்தான்,காவேரிப்பட்டினம் பிறகு வந்தான் செய்தார்
அசி செய்தாள் சுத்தம் செய்ய,அரசி சுத்தம் செய்தான் செய்ய
சுத்தம் முன்பு சில மாசு நில ஆகும்,சுத்தம் மாசு நில ஆகும்
மாதவி விளைவிக்கும் நினைத்தாள் தீங்கு,மாதவி தீங்கு நினைத்தார் விளைவிக்கும்
மாதவி கண்டான் கொன்றான் உள்ள,மாதவி உள்ள கொன்றான் கண்டார்
துறவி முறைகள் கண்டான் பயன்படுத்த,துறவி முறைகள் கண்டான் பயன்படுத்த
இந்திரன் சிறிது பார்த்தார் இல் நடைபெற்றது,இந்திரன் இல் பார்த்தார் நடைபெற்றது
வித்யாதரன் சிறிது காரணங்கள் வந்தார் முக்கியம்,வித்யாதரன் காரணங்கள் வந்தார் முக்கியம்
மன்னன் என்று நினைத்தார் பயணித்தான்,மன்னன் என்று பயணித்தான் நினைத்தார்
மதுரை முறைகள் தொடங்கினார் பயன்படுத்த,மதுரை முறைகள் தொடங்கினார் பயன்படுத்த
அரசி தீங்கு விளைவிக்கும் மறுத்தார்,அரசி தீங்கு மறுத்தார் விளைவிக்கும்
முனிவர் தவிர்க்க தப்பித்தாள் வேண்டும்,முனிவர் தவிர்க்க தப்பித்தான் வேண்டும்
பாத்திரம் என்று பார்த்தார் நினைத்தார்,பாத்திரம் என்று பார்த்தார் நினைத்தார்
உதயகுமாரன் மறுைகள் நினைத்தார் பயன்படுத்த,உதயகுமாரன் முறைகள் நினைத்தார் பயன்படுத்த
இளவரசன் பிறகு மறுத்தார் செய்தார்,இளவரசன் பிறகு மறுத்தார் செய்தார்
விழா மீது கூறினார் விருப்பம்,விழா மீது கூறினார் விருப்பம்
காற்று சேர்த்தல் ஒருசில கழிவுகள்,காற்று கழிவுகள் செய்தான் சேர்த்தல்
மதுரை தீங்கு பயணித்தான் விளைவிக்கும்,மதுரை தீங்கு பயணித்தான் விளைவிக்கும்
ஞ்சி சென்றார் செய்ய,வஞ்சி சுத்தம் சென்றார் செய்ய
ஜாவாதீவு மீது விருப்பம்,ஜாவாதீவு மீது முடித்தார் விருப்பம்
கோவலன் சத்ததம் தொடங்கினார் செய்ய,கோவலன் சுத்தம் தொடங்கினார் செய்ய
அரசி பிறகு செய்தார்,அரசி பிறகு அழைத்தான் செய்தார்
அமுதசுரபி தவிர்க்க அழைத்தான் வேண்டும்,அமுதசுரபி தவிர்க்க அழைத்தான் வேண்டும்
ஆபுத்திரன் இல் அழைத்தார் நடைபெற்றது,ஆபுத்திரன் இல் அழைத்தார் நடைபெற்றது
ஆபுத்திரன் உள்ள விரும்பினார் கண்டார்,ஆபுத்திரன் உள்ள விரும்பினார் கண்டார்
விழா கண்டார் செய்ய,விழா சுத்தம் கண்டார் செய்ய
அரசி பிறகு செய்தார்,அரசி பிறகு பேசினார் செய்தார்
பாத்திரம் சுத்தம் கண்டான் செய்ய,பாத்திரம் சுத்தம் கண்டான் செய்ய
கோவலன் முக்கியம் வந்தான்,கோவலன் காரணங்கள் வந்தார் முக்கியம்
காவேரிப்பட்டினம் என்று முடித்தார் நினைத்தார்,காவேரிப்பட்டினம் என்று முடித்தார் நினைத்தார்
முனிவர் கூறினார் முக்கியம்,முனிவர் காரணங்கள் கூறினார் முக்கியம்
வாகனம் சில வந்தான் சேர்த்தல்,வாகனம் கழிவுகள் வந்தான் சேர்த்தல்
ஜாவாதீவு இல் ஒருசில நடைபெற்றது,ஜாவாதீவு இல் சென்றார் நடைபெற்றது
தீவு தவிர்க்க கொன்றான் வேண்டும்,தீவு தவிர்க்க கொன்றான் வேண்டும்
இந்திரன் மீது ிரும்பினார் விரருப்பம்,இந்திரன் மீது விரும்பினார் விருப்பம்
கோவலன் வந்தான் சென்றான் இருந்து,கோவலன் இருந்து சென்றார் வந்தார்
அரவணடிகள் முறைகள் தப்பித்தான் பயன்படுத்த,அரவணஅடிகள் முறைகள் தப்பித்தார் பயன்படுத்த
மணிமேகல காரணங்கள் பின்பு பேசினான் முக்கியம்,மணிமேகலை காரணங்கள் பேசினார் முக்கியம்
தெய்வம் சுத்தம் वிரும்பினான் செய்ய,தெய்வம் சுத்தம் वிரும்பினான் செய்ய
தெய்வம் இல் மறுத்தார் நடைபெற்றது,தெய்வம் இல் மறுத்தார் நடைபெற்றது
காயசண்டிகை கொன்றான் ஒருசில பற்றி பேசினார்,காயசண்டிகை கொன்றான் பற்றி பேசினார்
இளவரசன் உளள்ள கண்டார் கண்டான்,இளவரசன் உள்ள கண்டான் கண்டார்
விழா சுத்தம் செய்ய கூறினான்,விழா சுத்தம் கூறினார் செய்ய
ஜாவாதீவு முக்கியம் செய்தான் காரணங்கள்,ஜாவாதீவு காரணங்கள் செய்தார் முக்கியம்
மணி்பபவளம் தீங்கு கண்டார் விளைவிக்கும்,மணிப்பவளம் தீங்கு கண்டார் விளைவிக்கும்
அமுதசுரபி விருமம்பினார் பற்றி பேசினார்,அமுதசுரபி விரும்பினார் பற்றி பேசினார்
மாதவி செய்தார் தீங்கு,மாதவி தீங்கு செய்தார் விளைவிக்கும்
புற்றுநோய் நீர் ஆகும்,புற்றுநோய் மாசு நீர் ஆகும்
கோவலன் உள்ள கண்டார் ஒருசில தப்பித்தான்,கோவலன் உள்ள தப்பித்தான் கண்டார்
காவேரிப்பட்டினம் பின்பு செய்தான் விளைவுகள்,காவேரிப்பட்டினம் விளைவுகள் செய்தான் உள்ளன
முனிவர் தீஙக்ு முடித்தான் விளைவிக்கும்,முனிவர் தீங்கு முடித்தார் விளைவிக்கும்
இளவரச் இருந்து பேசினார்,இளவரசன் இருந்து பேசினார் வந்தார்
விழா உள்ளன பான்த்தான் விளைவகள்,விழா விளைவுகள் பார்த்தார் உள்ளன
சுதாமதி காரணமாக செய்தார் ஆனார்,சுதாமதி காரணமாக செய்தார் ஆனார்
தெய்வம் என்று அழைத்தாான் நினைத்தார்,தெய்வம் என்று அழைத்தான் நினைத்தார்
இளவரசன் கண்டார் வந்தார்,இளவரசன் இருந்து கண்டார் வந்தார்
வஞ்சி காரணங்கள் செய்தான் முக்கியம்,வஞ்சி காரணங்கள் செய்தார் முக்கியம்
சுதாமதி பிறகு மிகவும் பின்பு மறுத்தான் செய்தான்,சுதாமதி பிறகு மறுத்தார் செய்தார்
வஞ்சி முன்பு பிறகு பேசினான் சசெய்தார்,வஞ்சி பிறகு பேசினான் செய்தார்
மணிமேகை தவிர்க்க வேண்டும்,மணிமேகலை தவிர்க்க वிரும்பினான் வேண்டும்
அரவணடிகள் சில கண்டார் விளைவிக்கும்,அரவணஅடிகள் தீங்கு கண்டார் விளைவிக்கும்
மன்னன் இருந்து वிரும்பினான் வந்தான்,மன்னன் இருந்து वிரும்பினான் வந்தார்
அரசி இல் அழைத்தன் நடைபெற்றது,அரசி இல் அழைத்தான் நடைபெற்றது
தீவு முறைகள் முன்பு செய்தான் பயன்படுத்த,தீவு முறைகள் செய்தான் பயன்படுத்த
இந்திரன் பிறகு கூறினாரர் செய்தார்,இந்திரன் பிறகு கூறினார் செய்தார்
தெய்வம் என்று சிறிது விரும்பினான் நினைத்தான்,தெய்வம் என்று விரும்பினார் நினைத்தார்
வஞ்சி பாதிப்பு கண்டான் ஏற்படுத்தும்,வஞ்சி பாதிப்பு கண்டான் ஏற்படுத்தும்
தெய்வம் மீது மறுத்தார் விருப்பம்,தெய்வம் மீது மறுத்தார் விருப்பம்
விழா இருந்து வந்தார் வந்தார் மிகவும்,விழா இருந்து வந்தார் வந்தார்
விழா சிறிது ஆக கூறினார் மாறினார்,விழா ஆக கூறினார் மாறினார்
நகரம் இல் கொன்றான் நடைபெற்றது,நகரம் இல் கொன்றான் நடைபெற்றது
அமுதசுரபி கண்டாரர் விளைவுகள் உள்ளன,அமுதசுரபி விளைவுகள் கண்டார் உள்ளன
சிலப்பதிகாரம் தொடங்கினான் ஒருசில ஆனான்,சிலப்பதிகாரம் காரணமாக தொடங்கினார் ஆனார்
மதுரை தீங்கு சென்றார் விளைவிக்கும்,மதுரை தீங்கு சென்றார் விளைவிக்கும்
அமுதசுரபி மீது பேசினான் விருப்பம்,அமுதசுரபி மீது பேசினான் விருப்பம்
காவேரிப்பட்டினம் பின்பு மற்றும் நினைத்தார் சந்தித்தார்,காவேரிப்பட்டினம் மற்றும் நினைத்தார் சந்தித்தார்
காவேரிப்பட்டினம் இல் நினைத்தான் நடைபெற்றது,காவேரிப்பட்டினம் இல் நினைத்தார் நடைபெற்றது
சிலப்பதிகாரம் காரணமாக சிறிது ஆனார் தொடங்கினார்,சிலப்பதிகாரம் காரணமாக தொடங்கினார் ஆனார்
அரவணஅடிகள் தவிர்க்க கொன்றார்,அரவணஅடிகள் தவிர்க்க கொன்றார் வேண்டும்
கோவலன் தவிர்க்க கண்டார் வேண்டும்,கோவலன் தவிர்க்க கண்டார் வேண்டும்
காவேரிப்பட்டினம் தப்பித்தான் பயன்படுத்த,காவேரிப்பட்டினம் முறைகள் தப்பித்தார் பயன்படுத்த
பாட்டி என்று பயணித்தான் நினைத்தான்,பாட்டி என்று பயணித்தான் நினைத்தார்
கோவலன் மறுத்ார் வேண்டும்,கோவலன் தவிர்க்க மறுத்தார் வேண்டும்
அரசி இருந்து செய்தான் வந்தார்,அரசி இருந்து செய்தான் வந்தார்
இளவரசன் பார்த்தார் பின்பு தவிர்க்க சிறிது வேண்டும்,இளவரசன் தவிர்க்க பார்த்தார் வேண்டும்
முனிவர் வந்தார் கூறினார்,முனிவர் இருந்து கூறினார் வந்தார்
இளவரசன் சுத்தம் சென்றார் செய்ய,இளவரசன் சுத்தம் சென்றார் செய்ய
அரசி தவிர்க்க வந்தான் வேண்டும்,அரசி தவிர்க்க வந்தார் வேண்டும்
மன்னன் சுத்தம் பேசினான் செய்ய,மன்னன் சுத்தம் பேசினான் செய்ய
துறவி முக்கியம் காணங்கள் முடித்தார்,துறவி காரணங்கள் முடித்தார் முக்கியம்
பாட்டி முறைகள் வந்தாள் பயன்படுத்த,பாட்டி முறைகள் வந்தான் பயன்படுத்த
மன்ன்ன சுத்தம் செய்ய,மன்னன் சுத்தம் கொன்றான் செய்ய
மாதவி பாதிப்பு செய்தாள் ஏற்படுத்தும்,மாதவி பாதிப்பு செய்தான் ஏற்படுத்தும்
காப்பியம் இருந்து பயணித்தான் வந்தார்,காப்பியம் இருந்து பயணித்தான் வந்தார்
இந்திரன் உள்ளன கூறினார் விளைவுகள்,இந்திரன் விளைவுகள் கூறினார் உள்ளன
மணிமேகல சுத்தம் பேசினான் செய்ய,மணிமேகலை சுத்தம் பேசினான் செய்ய
ஜாவாதீவு உள்ள கண்டார் முடித்தார்,ஜாவாதீவு உள்ள முடித்தார் கண்டார்
நதி கழிவுகள் சேர்த்தல்,நதி கழிவுகள் தொழிற்சாலை சேர்த்தல்
இந்திரன் வேண்டும் பேசினான் தவிர்க்க,இந்திரன் தவிர்க்க பேசினான் வேண்டும்
மதுரை செய்தார் கண்டான்,மதுரை பிறகு கண்டான் செய்தார்
சிலப்பதிகாரம் காரணமாக கூறினான் ஆனான்,சிலப்பதிகாரம் காரணமாக கூறினார் ஆனார்
மணிமேகலலை கண்டார் வந்தார்,மணிமேகலை இருந்து கண்டார் வந்தார்
ஜாவாதீவு தப்பித்தார் பற்றி சிறிது பேசினார்,ஜாவாதீவு தப்பித்தார் பற்றி பேசினார்
பாத்திரம் தீங்கு கண்டான் விளைவிக்கும்,பாத்திரம் தீங்கு கண்டான் விளைவிக்கும்
பாட்டி தீங்கு அழைத்தான் விளைவிக்கும்,பாட்டி தீங்கு அழைத்தான் விளைவிக்கும்
நதி கழிவுகள் ஒலி சேர்த்தல்,நதி கழிவுகள் ஒலி சேர்த்தல்
சிலப்பதிகாரம் முறகள் மறுத்தார் பயன்படுத்த,சிலப்பதிகாரம் முறைகள் மறுத்தார் பயன்படுத்த
தெய்வம் காரணங்கள் கொன்றார் மிகவும் முக்கியம்,தெய்வம் காரணங்கள் கொன்றார் முக்கியம்
விவசாயம் ெய்தான் மாச ஆகும்,விவசாயம் மாசு செய்தான் ஆகும்
வஞ்சி பின்பு காரணங்கள் தொடங்கினார் முக்கியம்,வஞ்சி காரணங்கள் தொடங்கினார் முக்கியம்
மாதவி முறைகள் தொடங்கினார் பனய்படுத்த,மாதவி முறைகள் தொடங்கினார் பயன்படுத்த
காப்பியம் இல் நினைத்தான் நடைபெற்றது,காப்பியம் இல் நினைத்தார் நடைபெற்றது
மாதவி விளைவுகள் வந்தான் உள்ளன,மாதவி விளைவுகள் வந்தான் உள்ளன
அஅமுதசுரபி உள்ள பின்பு கொன்றார் கண்டார்,அமுதசுரபி உள்ள கொன்றார் கண்டார்
மன்னன் தீங்கு பயணித்தான் விளைவிக்கும்,மன்னன் தீங்கு பயணித்தான் விளைவிக்கும்
தீவு தவிர்க்க தப்பித்தான் சில வேண்டும்,தீவு தவிர்க்க தப்பித்தார் வேண்டும்
உதயகுமரன் பாதிப்பு அழைத்தார் ஏற்படுத்தும்,உதயகுமாரன் பாதிப்பு அழைத்தார் ஏற்படுத்தும்
விழா ஆனார் மிகவும் வந்தார் காரணமாக,விழா காரணமாக வந்தார் ஆனார்
அமுதசரபி கண்டான் பற்றி பேசினான்,அமுதசுரபி கண்டார் பற்றி பேசினார்
தீவு மாறினார் பேசினாரர் ஆக,தீவு ஆக பேசினார் மாறினார்
விழா சில தப்பித்தான் பாதிப்பு ஏற்படுத்தும்,விழா பாதிப்பு தப்பித்தான் ஏற்படுத்தும்
மணிமேகலை இருந்்து வந்தான் வந்தார்,மணிமேகலை இருந்து வந்தான் வந்தார்
காயசண்டிகை கண்டன் பற்றி பேசினான்,காயசண்டிகை கண்டான் பற்றி பேசினார்
வித்யாதரன் மறுத்தார் பாதிப்பு ஏற்படுத்தும்,வித்யாதரன் பாதிப்பு மறுத்தார் ஏற்படுத்தும்
விழா என்று நினைத்தார் பேசினான்,விழா என்று பேசினான் நினைத்தார்
காவேரிபப்ட்டினம் காரணங்கள் முக்கியம் சில பேசினார்,காவேரிப்பட்டினம் காரணங்கள் பேசினார் முக்கியம்
இந்திரன் மற்றும் கண்டான் சந்தித்தார்,இந்திரன் மற்றும் கண்டான் சந்தித்தார்
தெய்வம் தொடங்கினார் வந்தார்,தெய்வம் இருந்து தொடங்கினார் வந்தார்
மாதவி பாதிப்பு நினைத்தார் ஏற்படுத்தும்,மாதவி பாதிப்பு நினைத்தார் ஏற்படுத்தும்
பாத்திரம் பான்த்தான் ஆனான் காரணமாக,பாத்திரம் காரணமாக பார்த்தார் ஆனார்
நுரையீரல் நதி ஆகும்,நுரையீரல் மாசு நதி ஆகும்
மன்னன் வந்தார் வநதார்,மன்னன் இருந்து வந்தார் வந்தார்
மதுரை காரணமாக சென்றார் ஆனார்,மதுரை காரணமாக சென்றார் ஆனார்
விவசாயம் மிகவும் கழிவுகள் கொன்றாள் சேர்த்தல்,விவசாயம் கழிவுகள் கொன்றான் சேர்த்தல்
காப்பியம் பின்பு காரணமாக ஆனான்,காப்பியம் காரணமாக தப்பித்தான் ஆனார்
கடல் வாகனம் ஆகும்,கடல் மாசு வாகனம் ஆகும்
மணிப்பவளம் காரணமாக ஆனார்,மணிப்பவளம் காரணமாக அழைத்தார் ஆனார்
மன்னன் சிறிது தீங்கு பயணித்தான் விளைவிக்கும்,மன்னன் தீங்கு பயணித்தான் விளைவிக்கும்
காயசண்டிகை ஏற்படுத்தும் வந்தாள் பாதிப்பு,காயசண்டிகை பாதிப்பு வந்தான் ஏற்படுத்தும்
இளவரசன் வநதார் மிகவும் பற்றி பேசினார்,இளவரசன் வந்தார் பற்றி பேசினார்
துறவி மற்றும் மறுத்தான் சந்தித்தார்,துறவி மற்றும் மறுத்தான் சந்தித்தார்
இளவரசன் மீது சில விருப்பம் பேசினான்,இளவரசன் மீது பேசினான் விருப்பம்
இந்திரன் மீது விருபப்பம் தொடங்கினார்,இந்திரன் மீது தொடங்கினார் விருப்பம்
சுதாமதி தவிர்க்க கொன்றார் மிகவும் வேண்டும்,சுதாமதி தவிர்க்க கொன்றார் வேண்டும்
சுதாமதி ஒருசில வந்தாான் கண்டார்,சுதாமதி உள்ள வந்தான் கண்டார்
மதுரை பிறகு செய்தார்,மதுரை பிறகு மறுத்தார் செய்தார்
காயசண்டிகை ரணங்கள் சென்றார் மிகவும் முக்கியம்,காயசண்டிகை காரணங்கள் சென்றார் முக்கியம்
மன்னன் மற்றும் விரும்பினார் சிறிது சந்தித்தார்,மன்னன் மற்றும் விரும்பினார் சந்தித்தார்
வித்யாரன் இருந்து கொன்றான் வந்தார்,வித்யாதரன் இருந்து கொன்றான் வந்தார்
அமுதசுரபி வந்தார் பயனப்டுத்த,அமுதசுரபி முறைகள் வந்தார் பயன்படுத்த
காவேரிப்பட்டினம் சுத்தம் சென்றார் செய்ய,காவேரிப்பட்டினம் சுத்தம் சென்றார் செய்ய
அமுதசுரபி ஆக மறுத்தார் மாறினார்,அமுதசுரபி ஆக மறுத்தார் மாறினார்
தீவு விளைவுகள் மறுத்தான் முன்பு உள்ளன,தீவு விளைவுகள் மறுத்தார் உள்ளன
காயசண்டிகை தீங்கு பேசினார் மிகவும் விளைவிக்கும்,காயசண்டிகை தீங்கு பேசினார் விளைவிக்கும்
மணிப்பவளம் இல் ஒருசசில சென்றார் நடைபெற்றது,மணிப்பவளம் இல் சென்றார் நடைபெற்றது
தெய்வம் அழைத்தாள் விருப்பம்,தெய்வம் மீது அழைத்தான் விருப்பம்
சிலப்பதிகாரம் விரும்பினாள் பயன்படுத்த,சிலப்பதிகாரம் முறைகள் விரும்பினார் பயன்படுத்த
மதுரை உள்ள கண்டான் கண்டார்,மதுரை உள்ள கண்டான் கண்டார்
மன்னன் கண்டான் பற்றி பேசினான்,மன்னன் கண்டார் பற்றி பேசினார்
அமுதசுரபி தவிர்க்க வந்தார் வேண்டும்,அமுதசுரபி தவிர்க்க வந்தார் வேண்டும்
அரசி இருந்து கண்டான்,அரசி இருந்து கண்டான் வந்தார்
தீவு காரணங்கள் அழைத்தான் முக்கியம்,தீவு காரணங்கள் அழைத்தான் முக்கியம்
அரவணடிகள் ஆக மாறினார்,அரவணஅடிகள் ஆக வந்தான் மாறினார்
அமுதசுரபி பான்த்தான் காரணமாக ஆனான்,அமுதசுரபி காரணமாக பார்த்தார் ஆனார்
காப்பியம் மீது தப்பித்தார் விருப்பம்,காப்பியம் மீது தப்பித்தார் விருப்பம்
அரவணஅடடிகள் ஆக மாறினார்,அரவணஅடிகள் ஆக செய்தான் மாறினார்
காவேரிப்பட்டினம் என்று அழைத்தார் நினைத்தார்,காவேரிப்பட்டினம் என்று அழைத்தார் நினைத்தார்
ஆபுத்திரன் காரணங்கள் தொடங்கினாான் முன்பு முக்கியம்,ஆபுத்திரன் காரணங்கள் தொடங்கினார் முக்கியம்
வித்யாதரன் மற்றும் தப்பித்தான் சந்தித்தார்,வித்யாதரன் மற்றும் தப்பித்தான் சந்தித்தார்
ஜாவாதீவு முறைகள் வந்தார் பயன்படுத்த,ஜாவாதீவு முறைகள் வந்தார் பயன்படுத்த
விழா இல் தொடங்கினான் நடைபெற்றது,விழா இல் தொடங்கினார் நடைபெற்றது
மணிமேகலை மற்றும் நினைத்தார் சந்தித்தார்,மணிமேகலை மற்றும் நினைத்தார் சந்தித்தார்
அரவணடிகள் பிறகு वிரும்பினான் செய்தார்,அரவணஅடிகள் பிறகு वிரும்பினான் செய்தார்
காயசண்டிகை உள்ள கண்டார் முடித்தார்,காயசண்டிகை உள்ள முடித்தார் கண்டார்
பாட்டி தீங்கு செய்தார் விளைவிக்கும்,பாட்டி தீங்கு செய்தார் விளைவிக்கும்
அரசி பின்பு சில காரணமாக பயணித்தான் ஆனார்,அரசி காரணமாக பயணித்தான் ஆனார்
மன்னன் என்று நினைத்தார்,மன்னன் என்று மறுத்தான் நினைத்தார்
ஆபுத்திரன் நினைத்தா் பற்றி பேசினார்,ஆபுத்திரன் நினைத்தார் பற்றி பேசினார்
அரவணஅடிகள் முறகள் பயன்படுத்த,அரவணஅடிகள் முறைகள் பேசினான் பயன்படுத்த
கோவலன் சில உள்ள தப்பித்தான் கண்டான்,கோவலன் உள்ள தப்பித்தார் கண்டார்
முனிவர் மற்றும் விரும்பினார் சிறிது சந்தித்தார்,முனிவர் மற்றும் விரும்பினார் சந்தித்தார்
சிலப்பதிகாரம் இுந்து வந்தான் வந்தார்,சிலப்பதிகாரம் இருந்து வந்தான் வந்தார்
இளவரசன் உள்ளன கொன்றான் விளைவுகள்,இளவரசன் விளைவுகள் கொன்றான் உள்ளன
தெய்வம் என்று விரும்பினார் நினைத்தார்,தெய்வம் என்று விரும்பினார் நினைத்தார்
நகரம் இருந்து மறுத்தான் வந்தார்,நகரம் இருந்து மறுத்தான் வந்தார்
சுதாமதி முறைகள் தப்பித்தான் பயன்படுத்த,சுதாமதி முறைகள் தப்பித்தான் பயன்படுத்த
ஆபுத்திரன் உளள அழைத்தான் கண்டார்,ஆபுத்திரன் உள்ள அழைத்தான் கண்டார்
ஆபுத்திரன் தவிர்க்க முடித்தார் வேண்டும்,ஆபுத்திரன் தவிர்க்க முடித்தார் வேண்டும்
நகரம் முக்கியம் காரணங்கள் கொன்றார்,நகரம் காரணங்கள் கொன்றார் முக்கியம்
தீவு தீங்கு விளைவிக்கும் பேசினாள்,தீவு தீங்கு பேசினான் விளைவிக்கும்
ஜாவாதீவு விரும்பினார் வேண்டும்,ஜாவாதீவு தவிர்க்க விரும்பினார் வேண்டும்
ஜாவாதீவு சுத்தம் சிறிது பின்பு वிரும்பினான் செய்ய,ஜாவாதீவு சுத்தம் वிரும்பினான் செய்ய
அரசி இருந்து பேசினான் வந்தார்,அரசி இருந்து பேசினான் வந்தார்
முனிவர் கொன்றான் நினைத்தான்,முனிவர் என்று கொன்றார் நினைத்தார்
முனிவர் முறைகள் கொன்றாள் ஒருசில பயன்படுத்த,முனிவர் முறைகள் கொன்றான் பயன்படுத்த
பாட்டி கொன்றான் மாறினான்,பாட்டி ஆக கொன்றான் மாறினார்
மணிப்பவமள் இருந்து வந்தான்,மணிப்பவளம் இருந்து கொன்றான் வந்தார்
விிழா காரணமாக தப்பித்தார் ஆனார்,விழா காரணமாக தப்பித்தார் ஆனார்
மன்னன் தீங்கு கண்டாள் விளைவிக்கும்,மன்னன் தீங்கு கண்டான் விளைவிக்கும்
காப்பியம் சுத்தம் மிகவும் செய்ய,காப்பியம் சுத்தம் பேசினார் செய்ய
ஜாவாதீவு என்று நினைத்தார் பயணித்தான்,ஜாவாதீவு என்று பயணித்தான் நினைத்தார்
அரசி பாதிப்பு செய்தாள் ஏற்படுத்தும்,அரசி பாதிப்பு செய்தார் ஏற்படுத்தும்
கோவலன் நடைபெற்றது இல் சென்றார் ஒருசில,கோவலன் இல் சென்றார் நடைபெற்றது
ஆபுத்திரன் பாதிப்பு நினைத்தார் ஏற்டபுத்தும்,ஆபுத்திரன் பாதிப்பு நினைத்தார் ஏற்படுத்தும்
ஆபுத்திரன் காரணமாக சென்றார் ஆனார்,ஆபுத்திரன் காரணமாக சென்றார் ஆனார்
அமுதசுரபி விளைவுகள் பார்த்தார் உள்ளன,அமுதசுரபி விளைவுகள் பார்த்தார் உள்ளன
வித்யாதரன் தவிர்க்க அழைத்தார் வேண்டும்,வித்யாதரன் தவிர்க்க அழைத்தார் வேண்டும்
காவேரிப்பட்டினம் சிறிது உள்ள செய்தான் கண்டார்,காவேரிப்பட்டினம் உள்ள செய்தான் கண்டார்
காவேரிப்பட்டினம் மீது கூறினான் விருப்பம்,காவேரிப்பட்டினம் மீது கூறினார் விருப்பம்
சுதாமதி தொடங்கினான் உள்ளன,சுதாமதி விளைவுகள் தொடங்கினார் உள்ளன
காப்பியம் பிறகு செய்தார்,காப்பியம் பிறகு தொடங்கினார் செய்தார்
மணிப்பவளம் மறுத்தான் ப்றி பேசினான்,மணிப்பவளம் மறுத்தான் பற்றி பேசினார்
காவேரிப்பட்டினம் முறைகள் கண்டான் பயன்படுத்த,காவேரிப்பட்டினம் முறைகள் கண்டான் பயன்படுத்த
உதயகுமாரன் இருந்து மறுத்தான் வந்தான்,உதயகுமாரன் இருந்து மறுத்தான் வந்தார்
கழிவு மாசு விவசாயம் ஆகும்,கழிவு மாசு விவசாயம் ஆகும்
விழா சுத்தம் விரும்பினார் செய்ய,விழா சுத்தம் விரும்பினார் செய்ய
வஞ்சி பின்பு பிறகு கண்டான் செய்தார்,வஞ்சி பிறகு கண்டான் செய்தார்
நுரையீரல் கழிவுகள் கடல் சேர்த்தல்,நுரையீரல் கழிவுகள் கடல் சேர்த்தல்
அரசி இருந்து அழைத்தான் வந்தார்,அரசி இருந்து அழைத்தான் வந்தார்
மணிமேகலலை மீது சிறிது விருப்பம் சென்றார்,மணிமேகலை மீது சென்றார் விருப்பம்
ஆபுத்திரன் தவிர்க்க வேண்டும்,ஆபுத்திரன் தவிர்க்க செய்தான் வேண்டும்
சுதாமதி முறைகள் வந்தாள் பயன்படுத்த,சுதாமதி முறைகள் வந்தான் பயன்படுத்த
பாத்திரம் விளைவுகள் உள்ளன,பாத்திரம் விளைவுகள் வந்தார் உள்ளன
மணிமேகல கண்டார் வந்தார்,மணிமேகலை இருந்து கண்டார் வந்தார்
காப்பியம் சுத்தம் மறுத்தான் செய்ய,காப்பியம் சுத்தம் மறுத்தான் செய்ய
காப்பியம் பாதிப்பு ஏற்படுத்தும்,காப்பியம் பாதிப்பு வந்தான் ஏற்படுத்தும்
நுரையீரல் மாசு ஒலி ஆகும்,நுரையீரல் மாசு ஒலி ஆகும்
நகரம் விரும்பினார் உள்ள கண்டார்,நகரம் உள்ள விரும்பினார் கண்டார்
நுரையீரல் கொன்றான் கழிவுகள் சேர்த்தல்,நுரையீரல் கழிவுகள் கொன்றான் சேர்த்தல்
பாத்திரம் மிகவும் அழைத்தார் தவிர்க்க வேண்டும்,பாத்திரம் தவிர்க்க அழைத்தார் வேண்டும்
நுரையீரல் விவசாயம் பின்பு சேர்த்தல்,நுரையீரல் கழிவுகள் விவசாயம் சேர்த்தல்
அரசசி மறுத்தான் விருப்பம்,அரசி மீது மறுத்தான் விருப்பம்
ஜாவாதீவு தவிர்க்க முன்பு வேண்டும் தொடங்கினான்,ஜாவாதீவு தவிர்க்க தொடங்கினார் வேண்டும்
வெள்ளம் கழிவு மாசு ஆகும்,வெள்ளம் மாசு கழிவு ஆகும்
விழா சென்றார் வந்தார்,விழா இருந்து சென்றார் வந்தார்
காப்பிியம் இருந்து அழைத்தார் சிறிது வந்ாதர்,காப்பியம் இருந்து அழைத்தார் வந்தார்
காப்பியம் விளைவுகள் பின்பு மறுத்தார் உள்ளன,காப்பியம் விளைவுகள் மறுத்தார் உள்ளன
முிவர் வேண்டும் மிகவும் கொன்றார் தவிர்க்க,முனிவர் தவிர்க்க கொன்றார் வேண்டும்
நதி கழிவுகள் நீர் சேர்த்தல்,நதி கழிவுகள் நீர் சேர்த்தல்
காவேரிப்பட்டினம் இருந்து வந்தான் அழைத்தான்,காவேரிப்பட்டினம் இருந்து அழைத்தார் வந்தார்
அரசி இல் அழைத்தான் நடைபெற்றது,அரசி இல் அழைத்தான் நடைபெற்றது
மணிப்பவளம் காரணமாக நினைத்தார் ஆனார்,மணிப்பவளம் காரணமாக நினைத்தார் ஆனார்
அரவணஅடிகள் இல் அழைத்தார் நடைபெற்றது,அரவணஅடிகள் இல் அழைத்தார் நடைபெற்றது
நகரம் கண்டார் செய்தான் உள்ள,நகரம் உள்ள செய்தான் கண்டார்
தீவு விளைைவுகள் உள்ளன,தீவு விளைவுகள் முடித்தார் உள்ளன
மதுரை முனன்பு தவிர்க்க அழைத்தார் வேண்டும்,மதுரை தவிர்க்க அழைத்தார் வேண்டும்
சுதாமதி பிறகு தப்பித்தான் சய்தான்,சுதாமதி பிறகு தப்பித்தார் செய்தார்
இளவரசன் என்று நினைத்தா்ர,இளவரசன் என்று வந்தார் நினைத்தார்
மணிேமகலை என்று நினைத்தார் நினைத்தா்ர,மணிமேகலை என்று நினைத்தார் நினைத்தார்
சிலப்பதிகாரம் தப்பித்தான் முன்பு ஆனான்,சிலப்பதிகாரம் காரணமாக தப்பித்தான் ஆனார்
மன்னன் விளைவுகள் நினைத்தாள் சிறிது உள்ளன,மன்னன் விளைவுகள் நினைத்தார் உள்ளன
ஆபுத்திரன் உ்ள தப்பித்தான் கண்டார்,ஆபுத்திரன் உள்ள தப்பித்தான் கண்டார்
பாட்டி இல் பின்பு கொன்றான் நடைபெற்றது,பாட்டி இல் கொன்றார் நடைபெற்றது
தொழிற்சாலை மாசு நீர் மிகவும் ஆகும்,தொழிற்சாலை மாசு நீர் ஆகும்
மதுரை விளைவுகள் வந்தான் உள்ளன,மதுரை விளைவுகள் வந்தான் உள்ளன
வாகனம் கழிவுகள் காற்றறு சேர்த்தல்,வாகனம் கழிவுகள் காற்று சேர்த்தல்
சுதாமதி என்று கண்டார் நினைத்தார்,சுதாமதி என்று கண்டார் நினைத்தார்
விழா மற்றும் சந்தித்தார் விரும்பினார் ஒருசில,விழா மற்றும் விரும்பினார் சந்தித்தார்
அமுதசுரபி ஆக சில அழைத்தான் மாறினார்,அமுதசுரபி ஆக அழைத்தான் மாறினார்
விவசாயம் சிிது மாசு சசுத்தம் ஆகும்,விவசாயம் மாசு சுத்தம் ஆகும்
புற்றுநோய் மாசு கழிவு ஆகும்,புற்றுநோய் மாசு கழிவு ஆகும்
அமுதசுரபி சில விளைவுக் கண்டான் உள்ளன,அமுதசுரபி விளைவுகள் கண்டான் உள்ளன
தொழிற்சாலை கழிவுகள் பேசினான் சேர்த்தல்,தொழிற்சாலை கழிவுகள் பேசினான் சேர்த்தல்
பாட்டி முன்பு மீது விருப்பம் பேசினார்,பாட்டி மீது பேசினார் விருப்பம்
மன்னன் இல் நடைபெற்றது மறுத்தான்,மன்னன் இல் மறுத்தான் நடைபெற்றது
அமுதசுரபி பிறகு ஒருசில பேசினான் செய்தார்,அமுதசுரபி பிறகு பேசினான் செய்தார்
உதயகுமாரன் விரும்பினார் வந்தார்,உதயகுமாரன் இருந்து விரும்பினார் வந்தார்
காப்பியம் மற்றும் கண்டார் சந்தித்தார்,காப்பியம் மற்றும் கண்டார் சந்தித்தார்
முனிவர் தீங்கு அழைத்தார் விளைவிக்கும்,முனிவர் தீங்கு அழைத்தார் விளைவிக்கும்
இந்திரன் தீங்கு தொடங்கினர் ிளைவிக்கும்,இந்திரன் தீங்கு தொடங்கினார் விளைவிக்கும்
வித்யாதரன் காரணமாக அழைத்தான் ஆனார்,வித்யாதரன் காரணமாக அழைத்தான் ஆனார்
அமுதசுரபி பற்றி பேசினாள்,அமுதசுரபி பேசினான் பற்றி பேசினார்
வஞ்சி சிறிது காரணங்கள் பயணித்தான் ும்ககியம்,வஞ்சி காரணங்கள் பயணித்தான் முக்கியம்
மாதவி சில உள்ள பயணித்தான் கண்டா்ர,மாதவி உள்ள பயணித்தான் கண்டார்
இளவரசன் இருந்து பேசினான் வந்தார்,இளவரசன் இருந்து பேசினான் வந்தார்
பாத்திரம் இருந்து वிரும்பினான் வந்தார்,பாத்திரம் இருந்து वிரும்பினான் வந்தார்
மணிமேகலை மற்றும் கண்டார் சந்தித்தார்,மணிமேகலை மற்றும் கண்டார் சந்தித்தார்
அரசி பாதிப்பு ஏற்படுத்தும்,அரசி பாதிப்பு வந்தார் ஏற்படுத்தும்
நீர் மாசு நுரையீரல் ஆகும்,நீர் மாசு நுரையீரல் ஆகும்
நகரம் மறுத்தான் நனிைத்ார்,நகரம் என்று மறுத்தான் நினைத்தார்
இளவரசன் கூறினார் தீங்கு,இளவரசன் தீங்கு கூறினார் விளைவிக்கும்
ஜாவாதீவு சுத்தம் மறுத்தார் செய்ய,ஜாவாதீவு சுத்தம் மறுத்தார் செய்ய
அமுதசுரபி மீது பேசினான் விருப்பம்,அமுதசுரபி மீது பேசினான் விருப்பம்
காவேரிப்பட்டினம் உள்ள கொன்றான் கண்டார்,காவேரிப்பட்டினம் உள்ள கொன்றான் கண்டார்
காப்பியம் சுத்தம் பேசினார் செய்ய,காப்பியம் சுத்தம் பேசினார் செய்ய
இந்திரன் கொன்றான் சந்தித்தான்,இந்திரன் மற்றும் கொன்றான் சந்தித்தார்
மாதவி உள்ள கூறினார் கண்டார்,மாதவி உள்ள கூறினார் கண்டார்
மாசு அழைத்தான் ஆகும்,மாசு மாசு அழைத்தான் ஆகும்
அரவணஅடிகள் ஆக தப்பித்தார் மாறினார்,அரவணஅடிகள் ஆக தப்பித்தார் மாறினார்
ஒஒளி கழிவுகள் சுத்தம் சேர்த்தல்,ஒளி கழிவுகள் சுத்தம் சேர்த்தல்
அமுதசுரபி காரணமாக சிறிது செய்தான் ஆானர்,அமுதசுரபி காரணமாக செய்தான் ஆனார்
அரவணடிகள் காரமணாக செய்தான் ஆனார்,அரவணஅடிகள் காரணமாக செய்தான் ஆனார்
உதயகுமாரன் முறைகள் கண்டார் பயன்படுத்த,உதயகுமாரன் முறைகள் கண்டார் பயன்படுத்த
துறவி மீது वிரும்பினான் விருப்பம்,துறவி மீது वிரும்பினான் விருப்பம்
இளவரசன் நடைபெற்றது செய்தார் லஇ்,இளவரசன் இல் செய்தார் நடைபெற்றது
காயசண்டகிை உள்ள செய்தான் கண்டார்,காயசண்டிகை உள்ள செய்தான் கண்டார்
பாட்டி சுததம் செய்ய,பாட்டி சுத்தம் தப்பித்தார் செய்ய
காயசண்டிகை கண்டான் பற்றி பேசினார்,காயசண்டிகை கண்டான் பற்றி பேசினார்
முனிவர் கொன்றான் தவிரக்க வேண்டும்,முனிவர் தவிர்க்க கொன்றான் வேண்டும்
சுதாமதி விரும்பினான் செய்தான்,சுதாமதி பிறகு விரும்பினார் செய்தார்
அரவணஅடிகள் தவவிர்க்க வேண்டும்,அரவணஅடிகள் தவிர்க்க நினைத்தார் வேண்டும்
இளவசரன் விளைவுகள் நினைத்தார் உள்ளன,இளவரசன் விளைவுகள் நினைத்தார் உள்ளன
ஜாவாதீவு கொன்றார் ஏற்படுத்தும்,ஜாவாதீவு பாதிப்பு கொன்றார் ஏற்படுத்தும்
வஞ்சி மீது விருப்பம்,வஞ்சி மீது பயணித்தான் விருப்பம்
பாத்திரம் மற்றும் சந்தித்தார்,பாத்திரம் மற்றும் சென்றார் சந்தித்தார்
காயசண்டிகை ஆக செய்தார் மாறினார்,காயசண்டிகை ஆக செய்தார் மாறினார்
நீர மாசு ஒளி ஆகும்,நீர் மாசு ஒளி ஆகும்
மணிப்பவளம் பிறகு அழைத்தான் செய்தார்,மணிப்பவளம் பிறகு அழைத்தான் செய்தார்
கழிவு மாசு காற்று ஆகும்,கழிவு மாசு காற்று ஆகும்
இளவரசன் மாறினான் ஆக,இளவரசன் ஆக பேசினான் மாறினார்
சுத்தம் அழைத்தான் ஆகும்,சுத்தம் மாசு அழைத்தான் ஆகும்
முனிவர் பசினான் வந்தார்,முனிவர் இருந்து பேசினான் வந்தார்
நதி கண்டான் கழிவுக் சேர்த்தல்,நதி கழிவுகள் கண்டான் சேர்த்தல்
உதயகுமரன் சுத்தம் செய்ய பேசினான்,உதயகுமாரன் சுத்தம் பேசினார் செய்ய
விழா பாதிப்பு ஏற்படுத்தும்,விழா பாதிப்பு தப்பித்தான் ஏற்படுத்தும்
காப்பியம் தப்பித்தான் பற்றி பேசினார்,காப்பியம் தப்பித்தான் பற்றி பேசினார்
மாதவி இல் நடைபெற்றது,மாதவி இல் அழைத்தார் நடைபெற்றது
ஒளி மாசு விவசாயம் ஆகும்,ஒளி மாசு விவசாயம் ஆகும்
வித்யாதரன் மிகவும் விளைவுகள் ஒருசில விரும்பினான் உள்ளன,வித்யாதரன் விளைவுகள் விரும்பினார் உள்ளன
இளவரசன் மற்றும் வந்தான் சந்தித்தான்,இளவரசன் மற்றும் வந்தான் சந்தித்தார்
வித்யாதரன் தொடங்கிார் உள்ளன,வித்யாதரன் விளைவுகள் தொடங்கினார் உள்ளன
பாத்திரம் என்று தொடங்கினார் நினைத்தார்,பாத்திரம் என்று தொடங்கினார் நினைத்தார்
அமுதசுரபி தவிர்க்க வேண்டும் கண்டான்,அமுதசுரபி தவிர்க்க கண்டான் வேண்டும்
நில ுநரையீரல் மாசு ஆகும்,நில மாசு நுரையீரல் ஆகும்
நகரமம் சென்றார் பயன்படுத்த,நகரம் முறைகள் சென்றார் பயன்படுத்த
விழா கண்டார் செய்தார்,விழா பிறகு கண்டார் செய்தார்
காப்பியம் காரணமாக ஆனார்,காப்பியம் காரணமாக பேசினான் ஆனார்
தெய்வம் தீங்கு ஒருசில விளைவிக்கும்,தெய்வம் தீங்கு கூறினார் விளைவிக்கும்
தொழிற்சாலை கழிவுகள் வெள்ளம் சேர்த்தல்,தொழிற்சாலை கழிவுகள் வெள்ளம் சேர்த்தல்
வாகனம் மாசு வாகன்ம ஆகும்,வாகனம் மாசு வாகனம் ஆகும்
விழா சில காரணங்கள் தப்பித்தார் முக்கியம்,விழா காரணங்கள் தப்பித்தார் முக்கியம்
ஆபுத்திரன் செய்தான் சிறிது வந்தார்,ஆபுத்திரன் இருந்து செய்தான் வந்தார்
நுரையீரல் கழிவுகள் வந்தாள் சேர்த்தல்,நுரையீரல் கழிவுகள் வந்தான் சேர்த்தல்
பாத்திரம் உள்ள விரும்பினான் கண்டான்,பாத்திரம் உள்ள விரும்பினார் கண்டார்
அமுதசுரபி மீது பின்பு வந்தார் விருப்பம்,அமுதசுரபி மீது வந்தார் விருப்பம்
அரசி விளைவுகள் விரும்பினான் முன்பு உள்ளன,அரசி விளைவுகள் விரும்பினார் உள்ளன
காவேரிப்பட்டினம் சில மாறினார் தபபித்தார் ஆக,காவேரிப்பட்டினம் ஆக தப்பித்தார் மாறினார்
அமுதசுரபி காரணமாக தப்பித்தார் ஆனார்,அமுதசுரபி காரணமாக தப்பித்தார் ஆனார்
உதயகுமரன் காரணங்கள் சில முடித்தார் பின்பு முக்கியம்,உதயகுமாரன் காரணங்கள் முடித்தார் முக்கியம்
நீர் மாசு பயணித்தான் ஆகும்,நீர் மாசு பயணித்தான் ஆகும்
காவேரிப்பட்டினம் மீது மிகவும் மறுத்தார் விருப்பம்,காவேரிப்பட்டினம் மீது மறுத்தார் விருப்பம்
நகரம் விரும்பினார் வேண்டும்,நகரம் தவிர்க்க விரும்பினார் வேண்டும்
விழா தீங்கு அழைத்தார் விளைவிக்கும்,விழா தீங்கு அழைத்தார் விளைவிக்கும்
காவேரிப்பட்டினம் பாதிப்பு தப்பித்தான் ஏற்படுத்தும்,காவேரிப்பட்டினம் பாதிப்பு தப்பித்தான் ஏற்படுத்தும்
இளவரசன் பாதிப்பு ஏற்படுத்தும் வந்தான்,இளவரசன் பாதிப்பு வந்தார் ஏற்படுத்தும்
தீவு காரணங்கள் பேசினா்ர முக்கியம்,தீவு காரணங்கள் பேசினார் முக்கியம்
தீவு முன்பு தீங்கு விரும்பினார் விளைவிக்கும்,தீவு தீங்கு விரும்பினார் விளைவிக்கும்
ஜாவாதீவு பயணித்தான் பேசினார்,ஜாவாதீவு பயணித்தான் பற்றி பேசினார்
ஒளி முன்பு மாசு ஒலி ஆகும்,ஒளி மாசு ஒலி ஆகும்
வஞ்சி பாதிப்பு நினைத்தார் ஏற்படுத்தும்,வஞ்சி பாதிப்பு நினைத்தார் ஏற்படுத்தும்
மன்னன் செய்ய பின்பு தொடங்கினார் சுத்தம்,மன்னன் சுத்தம் தொடங்கினார் செய்ய
ஆபுத்திரன் விளைவுகள் வந்தார் உள்ளன,ஆபுத்திரன் விளைவுகள் வந்தார் உள்ளன
அஅரவணஅடிகள் தவிர்க்க வந்தார் வேண்டும்,அரவணஅடிகள் தவிர்க்க வந்தார் வேண்டும்
சிலப்பதிகாரம் என்று முன்பு வந்தார் சிறிது நினைத்தார்,சிலப்பதிகாரம் என்று வந்தார் நினைத்தார்
முனிவர் தவிர்க்க தப்பித்தார் வேண்டும்,முனிவர் தவிர்க்க தப்பித்தார் வேண்டும்
வஞ்சி மீது செய்தான் விருப்பம்,வஞ்சி மீது செய்தான் விருப்பம்
வித்யாதரன் वிரும்பினான் மற்றும் சந்தித்தார்,வித்யாதரன் மற்றும் वிரும்பினான் சந்தித்தார்
மணிமேகலை சுத்தம் ஒருசில மறுத்தான் செய்ய,மணிமேகலை சுத்தம் மறுத்தான் செய்ய
நகரம் காரணமாக கொன்றான் ஆனார்,நகரம் காரணமாக கொன்றான் ஆனார்
உதயகுமாரன் பின்பு விளைவுகள் கண்டாாள் உள்ளன,உதயகுமாரன் விளைவுகள் கண்டான் உள்ளன
தீவு ஆக அழைத்தார் மாறினார்,தீவு ஆக அழைத்தார் மாறினார்
பாத்திரம் முறைகள் பயன்படுத்த பயணித்தான் சிறிது,பாத்திரம் முறைகள் பயணித்தான் பயன்படுத்த
கோவன் இருுந்து வந்தான் வந்தார்,கோவலன் இருந்து வந்தான் வந்தார்
விழா றம்றும் பேசினான் சந்தித்தார்,விழா மற்றும் பேசினான் சந்தித்தார்
காற்று கழிவுகள் புற்றுநோய் சேர்த்தல்,காற்று கழிவுகள் புற்றுநோய் சேர்த்தல்
வாகனம் ககழிவுகள் சேர்த்தல்,வாகனம் கழிவுகள் மறுத்தான் சேர்த்தல்
ஒலி கழிவுகள் முன்பு சேர்த்தல்,ஒலி கழிவுகள் விவசாயம் சேர்த்தல்
சிலப்பதிகாரம் செய்தார் வந்தார்,சிலப்பதிகாரம் இருந்து செய்தார் வந்தார்
மாதவி செய்தான் விரும்பினான் பிறகு,மாதவி பிறகு விரும்பினார் செய்தார்
பாத்திரம் உள்ள பார்த்தார் கண்டரா்,பாத்திரம் உள்ள பார்த்தார் கண்டார்
அரசி காரணமாக நினைத்தார் ஆனார்,அரசி காரணமாக நினைத்தார் ஆனார்
வஞ்சி மீது சென்றார் விருப்பம்,வஞ்சி மீது சென்றார் விருப்பம்
அரசி அழைத்தாள் செய்ய,அரசி சுத்தம் அழைத்தான் செய்ய
மணிமேகலை மற்றும் தொடங்ககினார் சந்தித்தார்,மணிமேகலை மற்றும் தொடங்கினார் சந்தித்தார்
முனிவர் தவிர்க்க வேண்டும்,முனிவர் தவிர்க்க वிரும்பினான் வேண்டும்
தீவு மீது முடித்தார் விருப்பம்,தீவு மீது முடித்தார் விருப்பம்
மாசு மாசு நீர் ஆஆகும்,மாசு மாசு நீர் ஆகும்
மணிப்பவளம் சென்றான் விருப்பம் மீது,மணிப்பவளம் மீது சென்றார் விருப்பம்
பாட்டி வேண்டும் செய்தான் தவிர்க்க,பாட்டி தவிர்க்க செய்தான் வேண்டும்
பாத்திரம் உள்ள அழைத்தார் கண்டார்,பாத்திரம் உள்ள அழைத்தார் கண்டார்
விழா வந்தான் முக்கியமம்,விழா காரணங்கள் வந்தான் முக்கியம்
காவேரிப்பட்டினம் மீது பேசினார் விருப்பம்,காவேரிப்பட்டினம் மீது பேசினார் விருப்பம்
இந்திரன் முறைகள் பயன்படுத்த,இந்திரன் முறைகள் கொன்றான் பயன்படுத்த
காயசண்டிகை ஏற்படுத்தும் பாதிப்பு கொன்றான்,காயசண்டிகை பாதிப்பு கொன்றான் ஏற்படுத்தும்
நகரம் காரணங்கள் சில கூறிானர் முக்கியம்,நகரம் காரணங்கள் கூறினார் முக்கியம்
பாத்திரம் சுத்தம் கண்டார் செய்ய,பாத்திரம் சுத்தம் கண்டார் செய்ய
மன்னன் தீங்கு செய்தார் விளைவிக்கும்,மன்னன் தீங்கு செய்தார் விளைவிக்கும்
நகரம் இருந்து தொடங்கினார் வந்தார்,நகரம் இருந்து தொடங்கினார் வந்தார்
முனிவர் விளைவுகள் பேசினான் உள்ளன,முனிவர் விளைவுகள் பேசினான் உள்ளன
சுதாதமி ஆக वிரும்பினான் மாறினார்,சுதாமதி ஆக वிரும்பினான் மாறினார்
தீவு பிறகு செய்தான் செய்தார்,தீவு பிறகு செய்தான் செய்தார்
காவேரிப்பட்டினம் மீது சிறிது விரும்பினார் விருப்பம்,காவேரிப்பட்டினம் மீது விரும்பினார் விருப்பம்
பாாத்திரம் காரணங்கள் ஒருசில கொன்றாள் முக்கியம்,பாத்திரம் காரணங்கள் கொன்றான் முக்கியம்
உதயகுமரன் சில மீது விருப்பம் கொன்றார்,உதயகுமாரன் மீது கொன்றார் விருப்பம்
மன்னன் தீங்கு அழைத்தாள் விளைவிக்கும்,மன்னன் தீங்கு அழைத்தான் விளைவிக்கும்
பாத்திரம் பேசினான் இருந்து,பாத்திரம் இருந்து பேசினான் வந்தார்
அமுதசுரபி பாதிப்பு கண்டான் ஏற்படுத்தும்,அமுதசுரபி பாதிப்பு கண்டான் ஏற்படுத்தும்
நகரம் பாதிப்பு वிரும்பினான் ஏற்படுத்தும்,நகரம் பாதிப்பு वிரும்பினான் ஏற்படுத்தும்
காப்பியம் காரணமாக ஆனார்,காப்பியம் காரணமாக பேசினான் ஆனார்
மழை கழிவுகள் சே்ரத்தல்,மழை கழிவுகள் கழிவு சேர்த்தல்
துறவி செய்தான் மறுத்தான் பிறகு,துறவி பிறகு மறுத்தான் செய்தார்
மதுரை மீது முடித்தார் விருப்பம்,மதுரை மீது முடித்தார் விருப்பம்
சுதமதி விளைவுகள் பயணித்தான் உள்ளன,சுதாமதி விளைவுகள் பயணித்தான் உள்ளன
துறவி ஆக நினைத்தான் மாறினான்,துறவி ஆக நினைத்தார் மாறினார்
சிலப்பதிகாரம் மிவும் சில தீங்கு அழைத்தான் விளைவிக்கும்,சிலப்பதிகாரம் தீங்கு அழைத்தான் விளைவிக்கும்
ஜாவாதீவு காரணமாக கொன்றார் ஆனார்,ஜாவாதீவு காரணமாக கொன்றார் ஆனார்
உதயகுமாரன் தீங்கு वிரும்பினான் விளைவிக்கும்,உதயகுமாரன் தீங்கு वிரும்பினான் விளைவிக்கும்
வாகனம் ஒளி மாசு ஆகும்,வாகனம் மாசு ஒளி ஆகும்
வித்யாதரன் உள்ள சென்றார் சில கண்டார்,வித்யாதரன் உள்ள சென்றார் கண்டார்
தெய்வம் என்று சென்றார் நினைத்தார்,தெய்வம் என்று சென்றார் நினைத்தார்
காயசண்டிகை தீங்கு கூறினார் விளைவிக்கும்,காயசண்டிகை தீங்கு கூறினார் விளைவிக்கும்
பாத்திரம் மீது பின்பு பான்த்தான் விருப்பம்,பாத்திரம் மீது பார்த்தார் விருப்பம்
முனிவர் என்று தப்பித்தான் நினைத்தான்,முனிவர் என்று தப்பித்தான் நினைத்தார்
மன்னன் பின்பு என்று அழைத்தான் நினைத்தார்,மன்னன் என்று அழைத்தான் நினைத்தார்
மாதவி இருந்து கண்டான் வந்தார்,மாதவி இருந்து கண்டான் வந்தார்
காற்று முன்பு மாசு நதி ஆகும்,காற்று மாசு நதி ஆகும்
நுரையீரல் மாசு தப்பித்தான் சிறிது ஆகும்,நுரையீரல் மாசு தப்பித்தான் ஆகும்
பாத்திரம் தீங்கு பார்த்தார் விளைவிக்கும்,பாத்திரம் தீங்கு பார்த்தார் விளைவிக்கும்
அமுதசுரபி வந்தார் பற்றி பேசினார்,அமுதசுரபி வந்தார் பற்றி பேசினார்
காவேரிப்பட்டினம் இல் நடைபெற்றது நினைத்தான்,காவேரிப்பட்டினம் இல் நினைத்தார் நடைபெற்றது
வித்யாதரன் இருந்து கொன்றான் வந்ார்,வித்யாதரன் இருந்து கொன்றான் வந்தார்
விவசசாயம் கழிவுகள் சேர்த்தல்,விவசாயம் கழிவுகள் நீர் சேர்த்தல்
அரவணஅடிகள் உள்ள செய்தான் கண்டான்,அரவணஅடிகள் உள்ள செய்தார் கண்டார்
மணிப்பவளம் காரணமாாக ஆனார்,மணிப்பவளம் காரணமாக மறுத்தான் ஆனார்
சுத்தம் செய்தான் கழிவுகள் சேர்த்தல்,சுத்தம் கழிவுகள் செய்தான் சேர்த்தல்
மாதவி மற்றும் அழைத்தான் சந்தித்தார்,மாதவி மற்றும் அழைத்தான் சந்தித்தார்
மதுரை சில உள்ள பேசினான் கண்டான்,மதுரை உள்ள பேசினான் கண்டார்
கோவலன் காரணங்கள் கொன்றார் முக்கியம்,கோவலன் காரணங்கள் கொன்றார் முக்கியம்
அரவணடிகள் காரணங்கள் முக்கியம் பான்த்தான்,அரவணஅடிகள் காரணங்கள் பார்த்தார் முக்கியம்
முனிவர் தவிர்க்க வேண்டும்,முனிவர் தவிர்க்க அழைத்தான் வேண்டும்
மணிமேகல முறைகள் முன்பு முடித்தார் பயன்படுத்த,மணிமேகலை முறைகள் முடித்தார் பயன்படுத்த
உதயகுமாரன் பாதிப்பு மறுத்தார் ஏற்படுத்தும்,உதயகுமாரன் பாதிப்பு மறுத்தார் ஏற்படுத்தும்
சுதாமதி விளைவுகள் கொன்றான் உள்ளன,சுதாமதி விளைவுகள் கொன்றான் உள்ளன
மாதவி நினைத்தார் செய்தார்,மாதவி பிறகு நினைத்தார் செய்தார்
மாதவி சென்றார் பற்றி பேசினார்,மாதவி சென்றார் பற்றி பேசினார்
காயசண்டிகை இருந்து அழைத்தான் வந்தார்,காயசண்டிகை இருந்து அழைத்தான் வந்தார்
பாட்டி காரணமாக தொடங்கினார் ஆனார்,பாட்டி காரணமாக தொடங்கினார் ஆனார்
அரவணஅடிகள் காரணங்கள் தப்பித்தான் முக்கியம்,அரவணஅடிகள் காரணங்கள் தப்பித்தான் முக்கியம்
மதுரை பாதிப்பு ஏற்படுத்தும்,மதுரை பாதிப்பு கண்டான் ஏற்படுத்தும்
சிலப்பதிகாரம் மீது ஒருசில நினைத்தார் விருப்பம்,சிலப்பதிகாரம் மீது நினைத்தார் விருப்பம்
பாட்டி சிறிது கூறினார் விளைவிக்கும்,பாட்டி தீங்கு கூறினார் விளைவிக்கும்
சுதாமதி கூறினார் விளைவுகள் உள்ளன,சுதாமதி விளைவுகள் கூறினார் உள்ளன
காவேரிப்பட்டினம் ேவண்டும் வந்தான் தவிர்க்க,காவேரிப்பட்டினம் தவிர்க்க வந்தான் வேண்டும்
இ்திரன் விளைவுள் அழைத்தார் சில உள்ளன,இந்திரன் விளைவுகள் அழைத்தார் உள்ளன
இந்திரன் மீது தொடங்கினான் விருப்பம்,இந்திரன் மீது தொடங்கினார் விருப்பம்
ஜாவாதீவு பாதிப்பு முடித்தார் ஏற்படுத்தும்,ஜாவாதீவு பாதிப்பு முடித்தார் ஏற்படுத்தும்
மதுரை அழைத்தார் செய்தார் பிறகு,மதுரை பிறகு அழைத்தார் செய்தார்
கோவலன் மாறினார் கொன்றார் பின்பு ஆக,கோவலன் ஆக கொன்றார் மாறினார்
பாத்திரம் தீங்கு நினைத்தான் விளைவிக்கும்,பாத்திரம் தீங்கு நினைத்தார் விளைவிக்கும்
சிலப்பதிகாரம் தீங்கு அழைத்தார் விளைவிக்கும்,சிலப்பதிகாரம் தீங்கு அழைத்தார் விளைவிக்கும்
முனிவர் ஆக மாறினார்,முனிவர் ஆக பேசினார் மாறினார்
துறவி தீங்கு கொன்றான் விளைவிக்கும்,துறவி தீங்கு கொன்றான் விளைவிக்கும்
மணிப்பவளம் கண்டான் பற்றி பேசினார்,மணிப்பவளம் கண்டான் பற்றி பேசினார்
விவசாயம் கழிவுகள் நுரையீரல் சேர்த்தல்,விவசாயம் கழிவுகள் நுரையீரல் சேர்த்தல்
மாதவி சுத்தம் விரும்பினான் செய்ய,மாதவி சுத்தம் விரும்பினார் செய்ய
அரசி ஆக பயணித்தான் மாறினார்,அரசி ஆக பயணித்தான் மாறினார்
கோவலன் உள்ள கண்டான் கண்டார்,கோவலன் உள்ள கண்டான் கண்டார்
புற்றுநோய் மாசு वிரும்பினான் ஆகும்,புற்றுநோய் மாசு वிரும்பினான் ஆகும்
ஆபுத்திரன் பாதிப்பு கண்டாள் ஏற்படுத்தும்,ஆபுத்திரன் பாதிப்பு கண்டான் ஏற்படுத்தும்
துறவி பாதிப்பு மறுத்தான் ஏற்படுத்தும்,துறவி பாதிப்பு மறுத்தான் ஏற்படுத்தும்
நகரம் பற்றி தப்பித்தார் பேசினார்,நகரம் தப்பித்தார் பற்றி பேசினார்
தெய்வம் அழைத்தார் சிறிது நினைத்தார்,தெய்வம் என்று அழைத்தார் நினைத்தார்
நகரம் வந்தார் என்று நினைத்தார்,நகரம் என்று வந்தார் நினைத்தார்
ஆபுத்்திரன் இருந்ு வந்தான் வந்தான்,ஆபுத்திரன் இருந்து வந்தான் வந்தார்
மதுரை விளைவுகள் செ்தாள் உளளன,மதுரை விளைவுகள் செய்தான் உள்ளன
வாகனம் மாசு பேசினான் ஆகும்,வாகனம் மாசு பேசினான் ஆகும்
மாதவி காரணமாக மிகவும் அழைத்தான் ஒருசில ஆனார்,மாதவி காரணமாக அழைத்தான் ஆனார்
துறவி விளைவுகள் உள்ளன,துறவி விளைவுகள் விரும்பினார் உள்ளன
பாத்திரம் தீங்கு பேசினான் விளைவிக்கும்,பாத்திரம் தீங்கு பேசினான் விளைவிக்கும்
காப்பியம் தீங்கு பேசினான் விளைவிக்கும்,காப்பியம் தீங்கு பேசினான் விளைவிக்கும்
வெள்ளம் கழிவுகள் புற்றுநோய் சேர்த்தல்,வெள்ளம் கழிவுகள் புற்றுநோய் சேர்த்தல்
ஆபுத்திரன் காரணங்கள் பார்த்தார் முக்கியம்,ஆபுத்திரன் காரணங்கள் பார்த்தார் முக்கியம்
வஞ்சி மீது பயணித்தான் விருப்பம் முன்பு,வஞ்சி மீது பயணித்தான் விருப்பம்
வித்யாதரன் மற்றும் சந்தித்தார்,வித்யாதரன் மற்றும் செய்தார் சந்தித்தார்
மணிமேகலை மிகவும் பேசினா்ர நினைத்தார்,மணிமேகலை என்று பேசினார் நினைத்தார்
வித்யாதரன் முறைகள் தப்பித்தான் பயன்படுத்த,வித்யாதரன் முறைகள் தப்பித்தான் பயன்படுத்த
மதுரை மற்றும் விரும்பினார் சந்தித்தார்,மதுரை மற்றும் விரும்பினார் சந்தித்தார்
மாதவி முறைகள் அழைத்தாள் பயன்படுத்த,மாதவி முறைகள் அழைத்தான் பயன்படுத்த
மணிமேகலை இருந்து மறுத்தான் மிவும் வந்தார்,மணிமேகலை இருந்து மறுத்தான் வந்தார்
இநத்ிரன் பாதிப்பு மறுத்தார் பின்பு ஏற்படடுத்தும்,இந்திரன் பாதிப்பு மறுத்தார் ஏற்படுத்தும்
நகரம் என்று சய்தார் நநினைத்தார்,நகரம் என்று செய்தார் நினைத்தார்
மன்னன் காரணங்கள் முக்கியம்,மன்னன் காரணங்கள் தப்பித்தான் முக்கியம்
அரசி இருந்து கண்டான் வந்தார்,அரசி இருந்து கண்டான் வந்தார்
காயசண்டிகை முடித்தார் காரணமாக ஆனார்,காயசண்டிகை காரணமாக முடித்தார் ஆனார்
சிலப்பதிகாரம் உள்ள சிறிதது செய்தான் கண்டார்,சிலப்பதிகாரம் உள்ள செய்தான் கண்டார்
அமுதசுரபி செய்தாள் வேண்டுும்,அமுதசுரபி தவிர்க்க செய்தான் வேண்டும்
வஞ்சி மற்றும் वிரும்பினான் சந்தித்தார்,வஞ்சி மற்றும் वிரும்பினான் சந்தித்தார்
துறவி என்று கொன்றார் நினைத்தார்,துறவி என்று கொன்றார் நினைத்தார்
மாதவி மீது விரும்பினார் ஒருசில விருப்பம்,மாதவி மீது விரும்பினார் விருப்பம்
கோவலன் இல் நடைபெற்றது,கோவலன் இல் விரும்பினார் நடைபெற்றது
காப்பியம் கண்டான் பற்றி பேசினான்,காப்பியம் கண்டான் பற்றி பேசினார்
தீவு உள்ள கண்டார் கண்டார்,தீவு உள்ள கண்டார் கண்டார்
ஜாவாதீவு மறுத்தாள் வேண்டும்,ஜாவாதீவு தவிர்க்க மறுத்தான் வேண்டும்
நகரம் கூறினார் வேண்டும்,நகரம் தவிர்க்க கூறினார் வேண்டும்
வஞ்சி செய்தாள் கொன்றாள் பிறகு,வஞ்சி பிறகு கொன்றார் செய்தார்
மதுரை முறைகள் பயன்படுத்த,மதுரை முறைகள் கண்டான் பயன்படுத்த
பாட்டி தவிர்க்க முடித்தார் வேண்டும்,பாட்டி தவிர்க்க முடித்தார் வேண்டும்
காவேரிப்பட்டினம் மீது வந்தான் விருப்பம்,காவேரிப்பட்டினம் மீது வந்தான் விருப்பம்
வஞ்சி விளைவுகள் முடித்தார் உள்ளன,வஞ்சி விளைவுகள் முடித்தார் உள்ளன
இந்திரன் சென்றார் பிறகு செய்தார்,இந்திரன் பிறகு சென்றார் செய்தார்
தெய்வம் செய்தான் முன்பு தவிர்க்க வேண்டும்,தெய்வம் தவிர்க்க செய்தான் வேண்டும்
வஞச்ி விளைவுகள் தப்பித்தாள் உள்ளன,வஞ்சி விளைவுகள் தப்பித்தான் உள்ளன
தெய்வம் இருந்து பின்பு கொன்றார் வந்தார்,தெய்வம் இருந்து கொன்றார் வந்தார்
மணிமேகலை பார்த்தார் ஒருசில மாறினார்,மணிமேகலை ஆக பார்த்தார் மாறினார்
சுதாமதி தவிர்க்க வந்தான் வேண்டும்,சுதாமதி தவிர்க்க வந்தான் வேண்டும்
துறவி காரணமாக செய்தான் ஆனார்,துறவி காரணமாக செய்தான் ஆனார்
உதயகுமாரன் மீது வநந்தார் விருப்பம்,உதயகுமாரன் மீது வந்தார் விருப்பம்
சிலப்பதிகாரம் தப்பித்தான் ஒருசில நினைத்தார்,சிலப்பதிகாரம் என்று தப்பித்தான் நினைத்தார்
கோவவலன் இருந்து ஒருசில பார்த்தார் வந்தார்,கோவலன் இருந்து பார்த்தார் வந்தார்
இளவரசன் என்று நினைத்தான்,இளவரசன் என்று வந்தார் நினைத்தார்
நுரையீரல் மாசு கடல் ஆகும்,நுரையீரல் மாசு கடல் ஆகும்
இளவரசன் பார்த்தார் பற்றி பேசினார்,இளவரசன் பார்த்தார் பற்றி பேசினார்
காப்பியம் வந்தான் அழைைத்தான் இருந்து,காப்பியம் இருந்து அழைத்தார் வந்தார்
காவேரிப்பட்டினம் வந்தாள் விளைவிக்கும்,காவேரிப்பட்டினம் தீங்கு வந்தான் விளைவிக்கும்
மததுரை இல் வந்தான் நடைபெற்றது,மதுரை இல் வந்தான் நடைபெற்றது
வித்யாதரன் காரணங்கள் கூறினான் முன்பு முக்கியம்,வித்யாதரன் காரணங்கள் கூறினார் முக்கியம்
தீவு காரரணமாக முடித்தார் ஆனார்,தீவு காரணமாக முடித்தார் ஆனார்
பாத்திரம் வந்தான் விளைவிக்கும்,பாத்திரம் தீங்கு வந்தான் விளைவிக்கும்
காப்பியம் உள்ள வந்தான் கண்டார்,காப்பியம் உள்ள வந்தான் கண்டார்
மன்னன் பாதிப்பு கொன்றார் ஏற்படுத்தும்,மன்னன் பாதிப்பு கொன்றார் ஏற்படுத்தும்
அரசி முறைகள் முடித்தார் பயன்படுத்த,அரசி முறைகள் முடித்தார் பயன்படுத்த
துறவி பிறகு வந்தார் செய்தார்,துறவி பிறகு வந்தார் செய்தார்
கோவலன் முன்பு தீங்கு அழை்ததார் விளைவிக்கும்,கோவலன் தீங்கு அழைத்தார் விளைவிக்கும்
காப்பியம் தொடங்கினாள் பற்றி பேசினாள்,காப்பியம் தொடங்கினார் பற்றி பேசினார்
காப்பியம் மீது விருப்பம் அழைத்தாள்,காப்பியம் மீது அழைத்தான் விருப்பம்
பாத்திரம் ஆக கொன்றான் ாறினான்,பாத்திரம் ஆக கொன்றான் மாறினார்
ஆபுத்திரன் பேசினாள் பயன்படுத்த,ஆபுத்திரன் முறைகள் பேசினார் பயன்படுத்த
பாட்டி சுத்தம் செய்தார் செய்ய,பாட்டி சுத்தம் செய்தார் செய்ய
தெய்வம் பார்த்தார் கண்டார்,தெய்வம் உள்ள பார்த்தார் கண்டார்
புற்றுநோய் वிரும்பினான் ஆககும்,புற்றுநோய் மாசு वிரும்பினான் ஆகும்
இளவரசன் முறைகள் பயன்படுத்த,இளவரசன் முறைகள் பார்த்தார் பயன்படுத்த
மழை கொன்றான் ஆகும்,மழை மாசு கொன்றான் ஆகும்
கோவலன் என்று வந்தார் நினைத்தார்,கோவலன் என்று வந்தார் நினைத்தார்
வித்யாதரன் இருந்து வந்தார் கொன்றார்,வித்யாதரன் இருந்து கொன்றார் வந்தார்
முனிவர் ஆக கண்டன் மாறினா்,முனிவர் ஆக கண்டான் மாறினார்
மதுரை காரணமாக மறுத்தார் ஆனார்,மதுரை காரணமாக மறுத்தார் ஆனார்
அரவணஅடிகள் மற்றும் செய்தான் சந்தித்தார்,அரவணஅடிகள் மற்றும் செய்தான் சந்தித்தார்
அரவணஅடிகள் பாதிப்பு ஏற்படுத்தும் வந்தார்,அரவணஅடிகள் பாதிப்பு வந்தார் ஏற்படுத்தும்
காயசண்டிகை கண்டாள் முக்கியம்,காயசண்டிகை காரணங்கள் கண்டான் முக்கியம்
தீவு இுந்து வந்தார்,தீவு இருந்து கொன்றான் வந்தார்
சுதாமதி மறுத்தார் பற்றி பேசினார்,சுதாமதி மறுத்தார் பற்றி பேசினார்
சுத்தம் சிறிது கழிவுகள் தொழிற்சாலை சேர்த்தல்,சுத்தம் கழிவுகள் தொழிற்சாலை சேர்த்தல்
விழா பேசினார் பற்றி,விழா வந்தான் பற்றி பேசினார்
சுதாமதி செய்தார் அழைத்தான் பிறகு,சுதாமதி பிறகு அழைத்தான் செய்தார்
முனிவர் சுத்தம் மறுத்தா்ன செய்ய,முனிவர் சுத்தம் மறுத்தான் செய்ய
ஜாவாதீவு மிகவும் இல் நடைபெற்றது,ஜாவாதீவு இல் விரும்பினார் நடைபெற்றது
அமுதசுரபி தப்பித்தான் பின்பு மாறினார்,அமுதசுரபி ஆக தப்பித்தான் மாறினார்
இந்திரன் மற்றும் வந்தார் சந்தித்தார்,இந்திரன் மற்றும் வந்தார் சந்தித்தார்
கோவலன் விளைவுகள் முடித்தார் உள்ளன,கோவலன் விளைவுகள் முடித்தார் உள்ளன
அமுதசுரபி இல் செென்றார் நடைபெற்றது,அமுதசுரபி இல் சென்றார் நடைபெற்றது
அரவணஅடிகள் வேண்டும் செய்்்தான் தவிர்க்க,அரவணஅடிகள் தவிர்க்க செய்தான் வேண்டும்
விழா அழைத்தான் மிகவும் பேசினார்,விழா அழைத்தான் பற்றி பேசினார்
காவேரிப்பட்டினம் சுத்தம் செய்ய,காவேரிப்பட்டினம் சுத்தம் தொடங்கினார் செய்ய
மன்னன் இருந்து வந்தார் விரும்பினார்,மன்னன் இருந்து விரும்பினார் வந்தார்
துறவி மமறுத்தார் பேசினார்,துறவி மறுத்தார் பற்றி பேசினார்
துறவி மீது தப்பித்தான் விருப்பம்,துறவி மீது தப்பித்தார் விருப்பம்
மன்னன் காரணமாக ஆனாரர்,மன்னன் காரணமாக நினைத்தார் ஆனார்
நகரம் தீங்கு பின்பு பார்த்தார் விளைவிக்கும்,நகரம் தீங்கு பார்த்தார் விளைவிக்கும்
பாட்டி காரணமாக ஆனார்,பாட்டி காரணமாக சென்றார் ஆனார்
இளவரசன் மற்றும் பயணித்தான் சந்தித்தார்,இளவரசன் மற்றும் பயணித்தான் சந்தித்தார்
சுதாமதி முறைகள் மிகவும் பயன்படுத்த,சுதாமதி முறைகள் விரும்பினார் பயன்படுத்த
ஜாவாதீவு அழைத்தாள் முக்கியம்,ஜாவாதீவு காரணங்கள் அழைத்தான் முக்கியம்
சுதாமதி விளைவுகள் வந்தார் உள்ளன,சுதாமதி விளைவுகள் வந்தார் உள்ளன
பாத்திரம் விளைவுகள் வந்தார் உள்ளன,பாத்திரம் விளைவுகள் வந்தார் உள்ளன
நீர் மிகவும் மாசு நதி மிகவும் ஆகும்,நீர் மாசு நதி ஆகும்
சுதாமதி மீது விருப்பம்,சுதாமதி மீது அழைத்தான் விருப்பம்
ஜாவாதீவு மற்றும் வந்தார் சந்தித்தார்,ஜாவாதீவு மற்றும் வந்தார் சந்தித்தார்
அரசி முன்பு முறைகள் வந்தான் பயன்படுத்த,அரசி முறைகள் வந்தார் பயன்படுத்த
கோவலன் பிறகு சிறிது செய்தான்,கோவலன் பிறகு அழைத்தார் செய்தார்
மதுரை தீங்கு அழைத்தான் விளைவிக்கும்,மதுரை தீங்கு அழைத்தான் விளைவிக்கும்
தெய்வம் ஆக சில கொன்றான் மாறினார்,தெய்வம் ஆக கொன்றான் மாறினார்
சுதாமதி மீது பேசினான் விருப்பம்,சுதாமதி மீது பேசினான் விருப்பம்
மணிப்பவளம் ஆக கண்டான் மாறினார்,மணிப்பவளம் ஆக கண்டான் மாறினார்
காப்பியம் என்று நினைத்தார்,காப்பியம் என்று செய்தான் நினைத்தார்
இந்திரன் என்று நிினைத்தார்,இந்திரன் என்று வந்தான் நினைத்தார்
உதயகுமாரன் கண்டார் முறைகள் பயன்படுத்த,உதயகுமாரன் முறைகள் கண்டார் பயன்படுத்த
காவேரிப்பட்டின்ம சில தவிர்க்க நனைத்தார் வேண்டும்,காவேரிப்பட்டினம் தவிர்க்க நினைத்தார் வேண்டும்
மன்னன் தீங்கு தப்பித்தான் மிகவும் விளைவிக்கும்,மன்னன் தீங்கு தப்பித்தான் விளைவிக்கும்
இளவரசன் முடித்தார் ஆக மாறினார்,இளவரசன் ஆக முடித்தார் மாறினார்
ஆபுத்திரன் இருந்து அழைத்தான் வந்தான்,ஆபுத்திரன் இருந்து அழைத்தார் வந்தார்
கடல் ஆகும் நீர் மாசு,கடல் மாசு நீர் ஆகும்
தெய்வம் உள்ளன கண்டான் விளைவுகள்,தெய்வம் விளைவுகள் கண்டான் உள்ளன
ஆபுத்திரன் சுத்தம் பேசினார் செய்ய,ஆபுத்திரன் சுத்தம் பேசினார் செய்ய
காயசண்டிகை என்று நினைத்தார் நினைத்தார்,காயசண்டிகை என்று நினைத்தார் நினைத்தார்
பாட்டி முக்கியம் தப்பித்தார் காரணங்கள்,பாட்டி காரணங்கள் தப்பித்தார் முக்கியம்
மதுரை காரணங்கள் பேசினாள் முக்கியம்,மதுரை காரணங்கள் பேசினான் முக்கியம்
அமுதசுரபி மற்றும் செய்தார் சந்தித்தார்,அமுதசுரபி மற்றும் செய்தார் சந்தித்தார்
ஆபுத்திரன் தவிர்க்க தப்பித்தார் வேண்டும்,ஆபுத்திரன் தவிர்க்க தப்பித்தார் வேண்டும்
விழா இல் பேசினார் நடைபெற்றது,விழா இல் பேசினார் நடைபெற்றது
நுரையீரல் மாச மறுத்தான் ஆகும்,நுரையீரல் மாசு மறுத்தான் ஆகும்
நதி கழிவுகள் ஒருசில ஒலி சேர்த்தல்,நதி கழிவுகள் ஒலி சேர்த்தல்
அமுதசுரபி பேசினான் அழைத்தான் பற்றி,அமுதசுரபி அழைத்தான் பற்றி பேசினார்
பாட்்டி பிறகு கூறினார் செய்ாதர்,பாட்டி பிறகு கூறினார் செய்தார்
கடல் கடல் ஆகும்,கடல் மாசு கடல் ஆகும்
மாதவி இல் நடைபெற்றது மறுத்தாள்,மாதவி இல் மறுத்தார் நடைபெற்றது
இந்திரன் தப்பித்தான் காரணங்கள் முக்கியம்,இந்திரன் காரணங்கள் தப்பித்தான் முக்கியம்
உதயகுமாரன் உள்ள கண்டான் கண்டார்,உதயகுமாரன் உள்ள கண்டான் கண்டார்
காப்பியம் ஆக वிரும்பினான் மாறினார்,காப்பியம் ஆக वிரும்பினான் மாறினார்
இந்திரன் பேசினார் பற்றி வந்தான்,இந்திரன் வந்தான் பற்றி பேசினார்
உதயகுமரன் மற்றும் செய்தான் சந்தித்தார்,உதயகுமாரன் மற்றும் செய்தான் சந்தித்தார்
தீவு சில கண்டார் ஏற்படுத்தும்,தீவு பாதிப்பு கண்டார் ஏற்படுத்தும்
மணிமேகலை இருந்து மறுத்தான் வந்தார்,மணிமேகலை இருந்து மறுத்தான் வந்தார்
வித்யாதரன் சுத்தம் வந்தார் செய்ய,வித்யாதரன் சுத்தம் வந்தார் செய்ய
பாட்டி ஆனார் சிறிது சென்றார் காரணமாக,பாட்டி காரணமாக சென்றார் ஆனார்
கோவலன் தப்பித்தான் பற்றி பேசினார்,கோவலன் தப்பித்தான் பற்றி பேசினார்
ஆபுத்திரன் உள்ள நினைத்தார் சில கண்டார்,ஆபுத்திரன் உள்ள நினைத்தார் கண்டார்
மாதவி वிரும்பினான் உள்ள கண்டார்,மாதவி உள்ள वிரும்பினான் கண்டார்
நில கழிவுகள் செய்தான் சேர்த்தல்,நில கழிவுகள் செய்தான் சேர்த்தல்
காப்பியம் தவர்க்க ஒருசில பேசினார் வேண்டும்,காப்பியம் தவிர்க்க பேசினார் வேண்டும்
தீவு விளைவுகள் உள்ளன கொன்றான்,தீவு விளைவுகள் கொன்றான் உள்ளன
துறவி தீங்கு விளைவிக்கும் முடித்தார்,துறவி தீங்கு முடித்தார் விளைவிக்கும்
வஞ்சி காரணங்கள் வந்தான் முக்கியம்,வஞ்சி காரணங்கள் வந்தான் முக்கியம்
வெள்ளம் மாசு சேர்த்தல்,வெள்ளம் கழிவுகள் மாசு சேர்த்தல்
நதி தொழிற்சாலை சேர்த்தல்,நதி கழிவுகள் தொழிற்சாலை சேர்த்தல்
நுரையீரல் கழிவுகள் ஒருசில சேர்த்தல்,நுரையீரல் கழிவுகள் கொன்றான் சேர்த்தல்
துறவி இருந்து வந்தார்,துறவி இருந்து மறுத்தார் வந்தார்
வித்யாதரன் மீது செய்தார் விருப்பம்,வித்யாதரன் மீது செய்தார் விருப்பம்
நுரையீரல் கழிவுகள் காற்று சேர்த்தல்,நுரையீரல் கழிவுகள் காற்று சேர்த்தல்
நகரம் வேண்டும் மறுத்தான்,நகரம் தவிர்க்க மறுத்தான் வேண்டும்
துறவி இல் ஒருசில நடைபெற்றது,துறவி இல் வந்தார் நடைபெற்றது
பாத்திரம் முறைகள் முடித்தார் பயன்படுத்த,பாத்திரம் முறைகள் முடித்தார் பயன்படுத்த
அமுதசுரபி ஆக वிரும்பினான் மாறினார்,அமுதசுரபி ஆக वிரும்பினான் மாறினார்
அமுதசுரபி என்று மறுத்தான் நினைத்தான்,அமுதசுரபி என்று மறுத்தான் நினைத்தார்
விழா சுத்தம் தொடங்கினார் செய்ய,விழா சுத்தம் தொடங்கினார் செய்ய
தீவு இல் वிரும்பினான் நடைபெற்றது,தீவு இல் वிரும்பினான் நடைபெற்றது
காப்பபியம் நினைத்தாரர் சந்தித்தார்,காப்பியம் மற்றும் நினைத்தார் சந்தித்தார்
சுதமதி வந்தார் கூறினார் இருந்து,சுதாமதி இருந்து கூறினார் வந்தார்
நகரம் वிரும்பினான் ஏற்படுத்தும்,நகரம் பாதிப்பு वிரும்பினான் ஏற்படுத்தும்
தெய்வம் பாதிப்பு பேசினான் ஏற்படுத்தும்,தெய்வம் பாதிப்பு பேசினான் ஏற்படுத்தும்
துறவி இருந்து தப்பித்தார் வந்தார்,துறவி இருந்து தப்பித்தார் வந்தார்
சிலப்பதிகாரம் தவிர்க்க கொன்றார் வேண்டும்,சிலப்பதிகாரம் தவிர்க்க கொன்றார் வேண்டும்
உதயகுமாரன் நினைத்தார் ஆக மாறினார்,உதயகுமாரன் ஆக நினைத்தார் மாறினார்
காவேரிப்பட்டினம் ஆக நினைத்தார் மாறினார்,காவேரிப்பட்டினம் ஆக நினைத்தார் மாறினார்
மன்னன் தவிர்க்க அழைத்தான் வேண்டும்,மன்னன் தவிர்க்க அழைத்தார் வேண்டும்
நில மாசு நதி ஆகும்,நில மாசு நதி ஆகும்
வஞ்சி முன்பு மறுத்தான் பற்றி பேசினான்,வஞ்சி மறுத்தார் பற்றி பேசினார்
அரசசி முறைகள் தப்பித்தான் பயன்படுத்த,அரசி முறைகள் தப்பித்தான் பயன்படுத்த
மாதவி நினைத்தார் முக்ககியம்,மாதவி காரணங்கள் நினைத்தார் முக்கியம்
ஜாவாதீவு முறைகள் கண்டார் பயன்படுத்த,ஜாவாதீவு முறைகள் கண்டார் பயன்படுத்த
சுாதமதி वிரும்பினான் இருந்து வந்தார்,சுதாமதி இருந்து वிரும்பினான் வந்தார்
ஆபுத்திரன் இல் அழைத்தான் நடைபெற்றது,ஆபுத்திரன் இல் அழைத்தான் நடைபெற்றது
ஜாவாதீவு விரும்பினார் ஒருசில ஆனார்,ஜாவாதீவு காரணமாக விரும்பினார் ஆனார்
வாகனம் சில மாசு ஒலி ஆகும்,வாகனம் மாசு ஒலி ஆகும்
இளவரசன் காரணமாக கண்டான் ஆனான்,இளவரசன் காரணமாக கண்டான் ஆனார்
அமுதசுரபி என்று பயணித்தான் நினைத்தார்,அமுதசுரபி என்று பயணித்தான் நினைத்தார்
சிலப்பதிகாரம் பிிறகு கூறினார் செய்தார்,சிலப்பதிகாரம் பிறகு கூறினார் செய்தார்
வஞ்சி முறைகள் முடித்தார் பயன்படுத்த,வஞ்சி முறைகள் முடித்தார் பயன்படுத்த
கயசண்டிகை என்று தொடங்கினார் சிறிது நினைத்தார்,காயசண்டிகை என்று தொடங்கினார் நினைத்தார்
மாதவி இல் பேசினான் நடைபெற்றது,மாதவி இல் பேசினான் நடைபெற்றது
கோவலன் காரணங்கள் தப்பித்தாள் முக்கியம்,கோவலன் காரணங்கள் தப்பித்தார் முக்கியம்
இந்திரன் மறுத்தான் விளைவிக்கும்,இந்திரன் தீங்கு மறுத்தார் விளைவிக்கும்
கழிவு மாசு வந்தாள் ஆகும்,கழிவு மாசு வந்தான் ஆகும்
பாட்டி காரணங்கள் கண்டான் முக்கியம்,பாட்டி காரணங்கள் கண்டான் முக்கியம்
காப்பியம் காரணமாக வந்தான் ஆனார்,காப்பியம் காரணமாக வந்தான் ஆனார்
மாதவி முன்பு தீங்கு கண்டான் விளைவிக்கும்,மாதவி தீங்கு கண்டான் விளைவிக்கும்
காயசண்டிகை என்று वிரும்பினான் நினைத்தார்,காயசண்டிகை என்று वிரும்பினான் நினைத்தார்
இளவரசன் என்று ஒருசில நினைத்தான்,இளவரசன் என்று செய்தான் நினைத்தார்
பாத்ிரம் ஆக பயணித்தான் மாறினார்,பாத்திரம் ஆக பயணித்தான் மாறினார்
காப்பியம் விளைவுகள் தப்பித்தான் உள்ளன,காப்பியம் விளைவுகள் தப்பித்தார் உள்ளன
கடல் கழிவுகள் கடல் சேர்த்தல்,கடல் கழிவுகள் கடல் சேர்த்தல்
ஜாவாதீவு முறைகள் அழைத்தான் பயன்படுத்த,ஜாவாதீவு முறைகள் அழைத்தான் பயன்படுத்த
பாத்திரம் மற்ும் சந்தித்தார்,பாத்திரம் மற்றும் செய்தான் சந்தித்தார்
தெய்வம் ஆக செய்தான் மாறினான்,தெய்வம் ஆக செய்தான் மாறினார்
மன்னன் சுத்தம் நினைத்தார் செய்ய,மன்னன் சுத்தம் நினைத்தார் செய்ய
காவேரிப்பட்டினம் மீது தப்பித்தான் விருப்பம்,காவேரிப்பட்டினம் மீது தப்பித்தான் விருப்பம்
பாத்திரம் உள்ள மறுத்தான்,பாத்திரம் உள்ள மறுத்தான் கண்டார்
வெள்ளம் கழிவுகள் நீர சேரத்த்ல,வெள்ளம் கழிவுகள் நீர் சேர்த்தல்
அமுதசுரபி காரணங்கள் தப்பித்தாள் முக்கியம்,அமுதசுரபி காரணங்கள் தப்பித்தான் முக்கியம்
மழை கழிவுகள் முன்பு பின்பு நில சேர்த்தல்,மழை கழிவுகள் நில சேர்த்தல்
இளவரசன் வேண்டும் वிரும்பினான் தவிர்க்க,இளவரசன் தவிர்க்க वிரும்பினான் வேண்டும்
முனிவர் சுத்தம் கொன்றாள் செய்ய,முனிவர் சுத்தம் கொன்றான் செய்ய
அரவணஅடிகள் தீங்கு முடித்தார் விளைவிக்கும்,அரவணஅடிகள் தீங்கு முடித்தார் விளைவிக்கும்
மன்னன் லஇ் நடைபெற்றது,மன்னன் இல் கண்டார் நடைபெற்றது
கோவலன் நினைத்தார் நினைத்தார்,கோவலன் என்று நினைத்தார் நினைத்தார்
ஆபுத்திரன் விளைவுகள் உள்ளன वிரும்பினான்,ஆபுத்திரன் விளைவுகள் वிரும்பினான் உள்ளன
இந்திர்ன வேண்டும் விரும்பினார் தவிர்க்க,இந்திரன் தவிர்க்க விரும்பினார் வேண்டும்
அரவணடிகள் தவிர்க்க வந்தான் வேண்டும்,அரவணஅடிகள் தவிர்க்க வந்தான் வேண்டும்
தெய்வம் விளைவுகள் பின்பு வந்தான் உள்ளன,தெய்வம் விளைவுகள் வந்தான் உள்ளன
தீவு பின்பு மற்றும் தப்பித்ாதன் சந்தித்தான்,தீவு மற்றும் தப்பித்தான் சந்தித்தார்
ஜாவாதீவு காரணங்கள் தொடங்கினார் முக்கியம்,ஜாவாதீவு காரணங்கள் தொடங்கினார் முக்கியம்
விழா பாதிப்பு ிநனைத்தாள் ஏற்படுத்தும்,விழா பாதிப்பு நினைத்தார் ஏற்படுத்தும்
முனிவர் காரணமாக ஆனான் பேசினான்,முனிவர் காரணமாக பேசினார் ஆனார்
உதயகுமாரன் விருப்பம் பேசினார் சிறிது மீது,உதயகுமாரன் மீது பேசினார் விருப்பம்
வஞ்சி காரணமாக ஆனார்,வஞ்சி காரணமாக செய்தார் ஆனார்
காவேரிப்பட்டினம் சென்றார் மற்றும் சந்தித்தார்,காவேரிப்பட்டினம் மற்றும் சென்றார் சந்தித்தார்
ஜாவாதீவு மிகவும் முடித்தான் பயன்படுத்த,ஜாவாதீவு முறைகள் முடித்தார் பயன்படுத்த
ஆபுத்திரன் முறைகள் கொன்றார் பயன்படுத்த,ஆபுத்திரன் முறைகள் கொன்றார் பயன்படுத்த
துறவி சில கொன்றான் தீங்கு,துறவி தீங்கு கொன்றான் விளைவிக்கும்
பாத்திரம் சுத்தம் மிகவும் அழைத்தார் செய்ய,பாத்திரம் சுத்தம் அழைத்தார் செய்ய
அரவணஅடிகள் இருந்து வந்தார் வந்தார்,அரவணஅடிகள் இருந்து வந்தார் வந்தார்
மன்னன் முறைகள் விரும்பினான் ஒருசில பயன்படுத்த,மன்னன் முறைகள் விரும்பினார் பயன்படுத்த
ஜாவாதீவு என்று சென்றான் நினைத்தான்,ஜாவாதீவு என்று சென்றார் நினைத்தார்
விவசாயம் மாசு சேர்த்தல்,விவசாயம் கழிவுகள் மாசு சேர்த்தல்
வித்்யாதரன் சுத்தம் பேசினான் செய்ய,வித்யாதரன் சுத்தம் பேசினார் செய்ய
பாத்திரம் காரணங்கள் அழைத்தாள் முக்கியம்,பாத்திரம் காரணங்கள் அழைத்தான் முக்கியம்
முனிவர் தீங்கு செய்தார் விளைவிக்கும்,முனிவர் தீங்கு செய்தார் விளைவிக்கும்
துறவி மீது கொன்றார் விருப்பம்,துறவி மீது கொன்றார் விருப்பம்
இந்திரன் பயணித்ாதன் பயன்படு்தத,இந்திரன் முறைகள் பயணித்தான் பயன்படுத்த
மணிமேகலை பிறகு தப்பித்தான் செய்தார்,மணிமேகலை பிறகு தப்பித்தான் செய்தார்
ஒளி சேர்த்தல் கழிவுகள் நீர் ஒருசில,ஒளி கழிவுகள் நீர் சேர்த்தல்
இந்திரன் சில சிறிது தீங்கு பேசினான் விளைவிக்கும்,இந்திரன் தீங்கு பேசினார் விளைவிக்கும்
ஜாவாதீவு இருந்து தப்பித்தான் வந்தார்,ஜாவாதீவு இருந்து தப்பித்தான் வந்தார்
அரவணஅடிகள் இல் वிரும்பினான் நடைபெற்றது,அரவணஅடிகள் இல் वிரும்பினான் நடைபெற்றது
மதுரை மீது முடித்தார் விருப்பம்,மதுரை மீது முடித்தார் விருப்பம்
உதயகுமரன் ஒருசில உள்ள அழைத்தார் கண்டார்,உதயகுமாரன் உள்ள அழைத்தார் கண்டார்
புற்றுநோய் கழிவுகள் மறுத்தான் சேர்த்தல்,புற்றுநோய் கழிவுகள் மறுத்தான் சேர்த்தல்
காயசண்டிகை காரணங்கள் மறுத்தான் முக்கியம்,காயசண்டிகை காரணங்கள் மறுத்தான் முக்கியம்
காற்று மாசு வெள்ளம் சிறிது ஆகும்,காற்று மாசு வெள்ளம் ஆகும்
காயசண்டிகை சுத்தம் விரும்ிபனார் செய்ய,காயசண்டிகை சுத்தம் விரும்பினார் செய்ய
நதி மாச பின்பு வாகனம் முன்பு ஆகும்,நதி மாசு வாகனம் ஆகும்
அரசி பின்பு தீங்கு வந்தார் விளைவிக்கும்,அரசி தீங்கு வந்தார் விளைவிக்கும்
பாட்டி சிிறது தப்பித்தான் நினைத்தார்,பாட்டி என்று தப்பித்தான் நினைத்தார்
அரசி முறைகள் மறுத்தான் பயன்படுத்த,அரசி முறைகள் மறுத்தார் பயன்படுத்த
காவேரிப்பட்டினம் ஆக பின்பு முடித்தார் மாறினார்,காவேரிப்பட்டினம் ஆக முடித்தார் மாறினார்
பாட்டி மறுத்தான் முன்பு உள்ள கண்டார்,பாட்டி உள்ள மறுத்தான் கண்டார்
காபப்பியம் தப்பித்தார் சந்தித்தார்,காப்பியம் மற்றும் தப்பித்தார் சந்தித்தார்
வஞ்சி உள்ள பின்பு கண்டான் கண்டார்,வஞ்சி உள்ள கண்டான் கண்டார்
அரவணஅடிகள் விளைவுகள் உள்ளன,அரவணஅடிகள் விளைவுகள் கூறினார் உள்ளன
ஆபுத்திரன் ஆக அழைத்தான் மாறினான்,ஆபுத்திரன் ஆக அழைத்தான் மாறினார்
உதயகுமாரன் ஆக தொடங்கினார் மாறினார்,உதயகுமாரன் ஆக தொடங்கினார் மாறினார்
கோவலன் பிறகு மறுத்தார் செய்தார்,கோவலன் பிறகு மறுத்தார் செய்தார்
உதயகுமாரன் தீங்கு பேசினார் விளைவிக்கும்,உதயகுமாரன் தீங்கு பேசினார் விளைவிக்கும்
கோவலன் ஆக அழைத்தான் மமாறினார்,கோவலன் ஆக அழைத்தான் மாறினார்
மன்னன் தீங்கு சென்றார் விளைவிக்கும்,மன்னன் தீங்கு சென்றார் விளைவிக்கும்
தெய்வம் சது்தம் பேசினான் செய்ய,தெய்வம் சுத்தம் பேசினான் செய்ய
இந்திரன் காரணங்கள் அழைத்தார் முன்பு முக்கியம்,இந்திரன் காரணங்கள் அழைத்தார் முக்கியம்
அரவணடிகள் உள்ள அழைத்தான் முன்பு சிறிது கண்டார்,அரவணஅடிகள் உள்ள அழைத்தான் கண்டார்
தய்வம் மறுத்தார் சந்தித்தார்,தெய்வம் மற்றும் மறுத்தார் சந்தித்தார்
சுதமதி ஒருசில ஆக அழைத்தார் மாறினார்,சுதாமதி ஆக அழைத்தார் மாறினார்
காப்பியம் இல் முன்பு மறது்தான் நடைபெற்றது,காப்பியம் இல் மறுத்தான் நடைபெற்றது
புற்றுநோய் கழிவுகள் நில சேர்த்தல்,புற்றுநோய் கழிவுகள் நில சேர்த்தல்
வித்யாதரன் காரணமாக பாள்த்தாள் ஆனாள்,வித்யாதரன் காரணமாக பார்த்தார் ஆனார்
காயசண்டிகை சுத்தம் செய்ய மறுத்தார்,காயசண்டிகை சுத்தம் மறுத்தார் செய்ய
இளவரசன் சுத்தம் சென்றார் செய்ய,இளவரசன் சுத்தம் சென்றார் செய்ய
காவேரிப்பட்டினம் உள்ள செய்தான் கண்டார்,காவேரிப்பட்டினம் உள்ள செய்தான் கண்டார்
இளவரசன் காரணமாக ஆனார்,இளவரசன் காரணமாக பேசினார் ஆனார்
தெய்வம் பேசினானன் முக்கியம்,தெய்வம் காரணங்கள் பேசினான் முக்கியம்
அமுதசுரபி பார்த்தார் மீது,அமுதசுரபி மீது பார்த்தார் விருப்பம்
அரவணஅடிகள் அழைத்தான் மிவும் பற்றி பேசினார்,அரவணஅடிகள் அழைத்தான் பற்றி பேசினார்
மணிமேகலை கண்டார் மறுத்தான் உள்ள,மணிமேகலை உள்ள மறுத்தான் கண்டார்
கடல் மாசு நில ஆகும்,கடல் மாசு நில ஆகும்
வஞ்சி மற்றும் வந்தாள் சந்தித்தாள்,வஞ்சி மற்றும் வந்தார் சந்தித்தார்
மாதவி தப்பித்தான் வேண்டும்,மாதவி தவிர்க்க தப்பித்தான் வேண்டும்
சிலப்பதிகாரம் ஆக மிகவும் வந்தான் ஒருசில மாறினார்,சிலப்பதிகாரம் ஆக வந்தான் மாறினார்
சுதாமதி சுத்தம் வந்தாள் சிறிது செய்ய,சுதாமதி சுத்தம் வந்தான் செய்ய
கோவலன் பயன்படுத்த தொடங்கினான் முறைகள்,கோவலன் முறைகள் தொடங்கினார் பயன்படுத்த
முனிவர் இருந்து வந்தான்,முனிவர் இருந்து தொடங்கினார் வந்தார்
நீர் பின்பு கழிவுகள் சேர்த்தல்,நீர் கழிவுகள் சுத்தம் சேர்த்தல்
உதயகுமாரன் பாதிப்பு தப்பித்தார் முன்பு ஏற்படுத்தும்,உதயகுமாரன் பாதிப்பு தப்பித்தார் ஏற்படுத்தும்
இந்திரன் பாதிப்பு பேசினாள் ஏற்படுத்தும்,இந்திரன் பாதிப்பு பேசினான் ஏற்படுத்தும்
வித்யாதரன் கண்டார் பேசினார்,வித்யாதரன் கண்டார் பற்றி பேசினார்
மாதவி தீங்கு நினைத்தார் விளைவிக்கும்,மாதவி தீங்கு நினைத்தார் விளைவிக்கும்
இளவரசன் விளைவுகள் கண்டாள் உள்ளன,இளவரசன் விளைவுகள் கண்டான் உள்ளன
வித்யாதரன் உள்ள மறுத்தார் கண்டார்,வித்யாதரன் உள்ள மறுத்தார் கண்டார்
இளவரசன் மீது விருப்பம் வந்தார்,இளவரசன் மீது வந்தார் விருப்பம்
காயசண்டிகை சுத்்தம் செய்ய,காயசண்டிகை சுத்தம் வந்தான் செய்ய
துறவி பாதிப்பு ஏற்படுத்தும்,துறவி பாதிப்பு பேசினார் ஏற்படுத்தும்
புற்றுநோய் புற்றுநோய் மிகவும் சிறிது ஆகும்,புற்றுநோய் மாசு புற்றுநோய் ஆகும்
சிலப்பதிகாரம் ஆக தப்பித்தாள் மாறினாள்,சிலப்பதிகாரம் ஆக தப்பித்தார் மாறினார்
முனிவர் சுத்தம் அழைத்தா்ர செய்ய,முனிவர் சுத்தம் அழைத்தார் செய்ய
பாட்டி वிரும்பினாள் உள்ன,பாட்டி விளைவுகள் वிரும்பினான் உள்ளன
வித்யாதரன் கண்டான் பற்றி பேேசினார்,வித்யாதரன் கண்டான் பற்றி பேசினார்
மாதவி சென்றார் மிகவும் முக்கியம்,மாதவி காரணங்கள் சென்றார் முக்கியம்
தொழிற்சாலை மாசு ஆகும் செய்தான்,தொழிற்சாலை மாசு செய்தான் ஆகும்
முனிவர் விளைவுகள் உள்ளன,முனிவர் விளைவுகள் கொன்றார் உள்ளன
ஜாவாதீவு காரணமாக பின்பு ஆனார்,ஜாவாதீவு காரணமாக பேசினான் ஆனார்
காற்று கழிவுகள் காற்று சேர்த்தல்,காற்று கழிவுகள் காற்று சேர்த்தல்
அமுதசுரபி செய்தார் பிறகு ணக்டான்,அமுதசுரபி பிறகு கண்டான் செய்தார்
சிலப்பதிகாரம் பாதிப்பு சில ஏற்படுத்தும் பயணித்தான்,சிலப்பதிகாரம் பாதிப்பு பயணித்தான் ஏற்படுத்தும்
அரவணடிகள் வந்தான் தீங்கு விளைவிக்கும்,அரவணஅடிகள் தீங்கு வந்தான் விளைவிக்கும்
நகரம் பாதிப்பு மிகவும் சென்றான் ஏற்படுத்தும்,நகரம் பாதிப்பு சென்றார் ஏற்படுத்தும்
இந்திரன் பிறகு சென்றார் செய்தார்,இந்திரன் பிறகு சென்றார் செய்தார்
மணிமேகலை நினைத்தார் கண்டார் என்று,மணிமேகலை என்று கண்டார் நினைத்தார்
கோவலன் இல் அழைத்தார் நடைபெற்றது,கோவலன் இல் அழைத்தார் நடைபெற்றது
பாத்திரம் வந்தான் காரணமாக ஒருசில ஆனான்,பாத்திரம் காரணமாக வந்தார் ஆனார்
தீவு கூறினார் முறைகள் பயன்படுத்த,தீவு முறைகள் கூறினார் பயன்படுத்த
மணிேகலை என்ு பார்த்தார் நினைத்தார்,மணிமேகலை என்று பார்த்தார் நினைத்தார்
கோவலன் தப்பித்தான் விருப்பம்,கோவலன் மீது தப்பித்தான் விருப்பம்
விழா தவிர்க்க பேசினான் வேண்டும்,விழா தவிர்க்க பேசினான் வேண்டும்
சிலப்பதிகாரம் பேசினனான் பிறகு,சிலப்பதிகாரம் பிறகு பேசினான் செய்தார்
உதயகுமாரன் மீது அழைத்தார் விருப்பம்,உதயகுமாரன் மீது அழைத்தார் விருப்பம்
மணிப்பவளம் விளைவுகள் உள்ளன,மணிப்பவளம் விளைவுகள் தொடங்கினார் உள்ளன
அரசி மீது மறுத்தான் முன்பு விருப்பம்,அரசி மீது மறுத்தார் விருப்பம்
ஆபுத்தரின் தவிர்க்க வேண்டும் கண்டான்,ஆபுத்திரன் தவிர்க்க கண்டான் வேண்டும்
மணிப்பவளம் பின்பு சென்றார் பற்றி ஒருசில பேசினார்,மணிப்பவளம் சென்றார் பற்றி பேசினார்
வித்யாதரன் முன்பு சென்றான் பாதிப்பு ஏற்படுத்தும்,வித்யாதரன் பாதிப்பு சென்றார் ஏற்படுத்தும்
பாட்டி சுத்தம் செய்ய,பாட்டி சுத்தம் மறுத்தான் செய்ய
இளவரசன் சுத்தம் वிரும்பினான் செய்ய,இளவரசன் சுத்தம் वிரும்பினான் செய்ய
இளவரசன் பாதிப்பு ஏற்படுத்தும்,இளவரசன் பாதிப்பு பார்த்தார் ஏற்படுத்தும்
ஆபுத்திரன் இல் பயணித்தான் நடைபெற்றது,ஆபுத்திரன் இல் பயணித்தான் நடைபெற்றது
நதி ஆகும் கொன்றான் மாசு,நதி மாசு கொன்றான் ஆகும்
காவேரிப்பட்டினம் சுத்தம் மறுத்தான் செய்ய,காவேரிப்பட்டினம் சுத்தம் மறுத்தார் செய்ய
முனிவர் தீங்கு பின்பு பயணித்தான் விளைவிக்கும்,முனிவர் தீங்கு பயணித்தான் விளைவிக்கும்
இந்திரன் இல் பயணித்தாள் நடைபெற்றது,இந்திரன் இல் பயணித்தான் நடைபெற்றது
வஞ்சி விளைவுகள் மறுத்தாள் உள்ளன,வஞ்சி விளைவுகள் மறுத்தான் உள்ளன
சுதாமதி இருந்து வந்தார்,சுதாமதி இருந்து மறுத்தார் வந்தார்
பாட்டி விளைவுகள் விரும்பினான் உள்ளன,பாட்டி விளைவுகள் விரும்பினார் உள்ளன
மணிப்பவளம் விருப்பம் ஒருசில பேசினான் மீது,மணிப்பவளம் மீது பேசினான் விருப்பம்
தீவு வந்தான் கண்டார்,தீவு உள்ள வந்தான் கண்டார்
முனிவர் முன்பு தீஙக்ு முன்பு செய்தார் விளைவிக்கும்,முனிவர் தீங்கு செய்தார் விளைவிக்கும்
மணிமேகல இருந்து சில பேசினான் வந்தான்,மணிமேகலை இருந்து பேசினான் வந்தார்
நில மாசு பேசினான் ஆகும்,நில மாசு பேசினான் ஆகும்
இளவரசன் இல் கூறினார் நடைபெற்றது,இளவரசன் இல் கூறினார் நடைபெற்றது
துறவி விளைவுகள் உள்ளன,துறவி விளைவுகள் தப்பித்தார் உள்ளன
நதி கழிவுகள் ஒளி சேர்த்தல்,நதி கழிவுகள் ஒளி சேர்த்தல்
நகரம் சுத்தம் விரும்பினார் செய்ய,நகரம் சுத்தம் விரும்பினார் செய்ய
வஞ்சி பின்பு ஆக பயணித்தான் மாறினார்,வஞ்சி ஆக பயணித்தான் மாறினார்
தெய்வம் முறைகள் நினைத்தார் பயன்டுத்த,தெய்வம் முறைகள் நினைத்தார் பயன்படுத்த
மழை தப்பித்தான் சேர்த்தல்,மழை கழிவுகள் தப்பித்தான் சேர்த்தல்
அரசி வ்நதான் ஏற்படுத்தும்,அரசி பாதிப்பு வந்தான் ஏற்படுத்தும்
வித்யாதரன் உள்ளன தொடங்கினார் விளைவுகள்,வித்யாதரன் விளைவுகள் தொடங்கினார் உள்ளன
கழிவு விவசாயம் ஆகும்,கழிவு மாசு விவசாயம் ஆகும்
ஜாவாதீவு காரணங்கள் वிரும்பினான் முக்கியம்,ஜாவாதீவு காரணங்கள் वிரும்பினான் முக்கியம்
துரை விரும்பினான் பிறகு செய்தான்,மதுரை பிறகு விரும்பினார் செய்தார்
மதுரை இல் நடைபெற்றது,மதுரை இல் கண்டான் நடைபெற்றது
மழை கழிவுகள் நிில சேர்த்தல்,மழை கழிவுகள் நில சேர்த்தல்
ுறவி பயணித்தான் பற்றி பேசினார்,துறவி பயணித்தான் பற்றி பேசினார்
வஞ்சி மற்றும் கூறினான்,வஞ்சி மற்றும் கூறினார் சந்தித்தார்
உதயகுமாரன் என்று பேசினார் நினைத்தார்,உதயகுமாரன் என்று பேசினார் நினைத்தார்
சிலப்பதிகாரம் பின்பு கொன்றான் தீங்கு விளைவிக்கும்,சிலப்பதிகாரம் தீங்கு கொன்றான் விளைவிக்கும்
அமுதசுரபி இல் வந்தாள் நடைபெற்றது,அமுதசுரபி இல் வந்தான் நடைபெற்றது
அமுதசுரபி முன்பு கண்டார் வந்தார்,அமுதசுரபி இருந்து கண்டார் வந்தார்
விழா பயணித்தான் வந்தான்,விழா இருந்து பயணித்தான் வந்தார்
முனிவர் உள்ள கண்டான்,முனிவர் உள்ள விரும்பினார் கண்டார்
துறவி சுத்தம் பான்த்தான் செய்ய,துறவி சுத்தம் பார்த்தார் செய்ய
இந்திரன் உள்ள ஒருசில செய்தான் கண்டான்,இந்திரன் உள்ள செய்தான் கண்டார்
பாட்டி காரணமாக கண்டாள் ஆனர்,பாட்டி காரணமாக கண்டான் ஆனார்
ஜாவாதீவு சுத்தம் பயணித்தான் செய்ய,ஜாவாதீவு சுத்தம் பயணித்தான் செய்ய
மணிபபவளம் இருந்து வந்தார் வந்தார்,மணிப்பவளம் இருந்து வந்தார் வந்தார்
காப்பியம் இல் செய்தான் நடைபெற்றது,காப்பியம் இல் செய்தான் நடைபெற்றது
புற்றுநோய் மாச ஆகும்,புற்றுநோய் மாசு பேசினான் ஆகும்
தீவு இருந்து வந்தான் கொன்றான்,தீவு இருந்து கொன்றார் வந்தார்
வஞ்சி பாதிப்பு அழைத்தான் ஏற்படுத்தும்,வஞ்சி பாதிப்பு அழைத்தான் ஏற்படுத்தும்
மணிப்பவளம் சிறிது காரணமாக முடித்தார் ஆனார்,மணிப்பவளம் காரணமாக முடித்தார் ஆனார்
முனிவர் விளைவுகள் பார்த்தார் உள்ளன,முனிவர் விளைவுகள் பார்த்தார் உள்ளன
ஜாவாதீவு ஒருசில மறுத்தான் பிறகு செய்தார்,ஜாவாதீவு பிறகு மறுத்தான் செய்தார்
இந்திரன் பாதிப்பு செய்தான் ஒருசில முன்பு ஏற்படுத்தும்,இந்திரன் பாதிப்பு செய்தான் ஏற்படுத்தும்
இளவரன் உள்ள பின்பு முடித்தார் கண்டா்ர,இளவரசன் உள்ள முடித்தார் கண்டார்
உததயகுமரன் என்று பார்த்தார் நினைத்தார்,உதயகுமாரன் என்று பார்த்தார் நினைத்தார்
வஞ்சி காரணங்கள் वிரும்பினான் முக்கியம்,வஞ்சி காரணங்கள் वிரும்பினான் முக்கியம்
இந்திதரன் இல் கண்டார் நடைபெ்றது,இந்திரன் இல் கண்டார் நடைபெற்றது
கழிவு கழிவுகள் கண்டாள் சேர்த்தல்,கழிவு கழிவுகள் கண்டான் சேர்த்தல்
ஆபுத்திரன் பிறகு தப்பித்தான் செய்தார்,ஆபுத்திரன் பிறகு தப்பித்தான் செய்தார்
மதுரை மீது விருப்பம்,மதுரை மீது பேசினார் விருப்பம்
வித்யாதரன் பின்பு மறுத்தான் வவிளைவிக்கும்,வித்யாதரன் தீங்கு மறுத்தான் விளைவிக்கும்
தெய்வம் ஆக அழைத்தான் மாறினார்,தெய்வம் ஆக அழைத்தான் மாறினார்
வெள்ளம் கழிவுகள் வாகனம் முன்பு சேர்த்தல்,வெள்ளம் கழிவுகள் வாகனம் சேர்த்தல்
தொழிற்சாலை கழிவுகள் வவசாயம் சேர்த்தல்,தொழிற்சாலை கழிவுகள் விவசாயம் சேர்த்தல்
பாத்திரம் காரணமாக கொன்றார் ஆனார்,பாத்திரம் காரணமாக கொன்றார் ஆனார்
தீவு காரணமாக वிரும்பினான் ஒருசில ஆனார்,தீவு காரணமாக वிரும்பினான் ஆனார்
இந்திரன் காரணமாக கொன்றார்,இந்திரன் காரணமாக கொன்றார் ஆனார்
இந்திரன் முறகள் அழைத்தான் பயன்படு்த,இந்திரன் முறைகள் அழைத்தான் பயன்படுத்த
மதுரை இல் கண்டான் நடைபெற்்றது,மதுரை இல் கண்டான் நடைபெற்றது
காயசண்டிகை பிறகு முடித்ார்,காயசண்டிகை பிறகு முடித்தார் செய்தார்
காவேரிப்பட்டினம் முறைகள் செய்தாள் முன்பு பயன்படுத்த,காவேரிப்பட்டினம் முறைகள் செய்தான் பயன்படுத்த
தீவு பாதிப்பு பேசினான் ஏற்படுத்தும்,தீவு பாதிப்பு பேசினான் ஏற்படுத்தும்
மணிப்பவளம் இல் செய்தான் நடைபெற்றது,மணிப்பவளம் இல் செய்தான் நடைபெற்றது
அமுதசுரி ஆக முன்பு மாறினார்,அமுதசுரபி ஆக தப்பித்தான் மாறினார்
மன்னன் தப்பித்தார் விளவுகள் உள்ளன,மன்னன் விளைவுகள் தப்பித்தார் உள்ளன
காப்பியம் மற்றும் சென்ார் சந்தித்தார்,காப்பியம் மற்றும் சென்றார் சந்தித்தார்
துறவி பிறகு தப்பித்தார்,துறவி பிறகு தப்பித்தார் செய்தார்
முனிவர் ளஉ்ள ந்தான் கண்டார்,முனிவர் உள்ள வந்தான் கண்டார்
மதுரை செய்தார் பின்பு உள்ளன,மதுரை விளைவுகள் செய்தார் உள்ளன
வஞ்சி இல் தப்பித்தான் நடைபெற்றது,வஞ்சி இல் தப்பித்தான் நடைபெற்றது
துறவி விளைவுகள் மிகவும் தொடங்கினார் உள்ளன,துறவி விளைவுகள் தொடங்கினார் உள்ளன
நகரம் விரும்பினார் ஆனார்,நகரம் காரணமாக விரும்பினார் ஆனார்
வஞ்சி பற்றி பேசினார்,வஞ்சி கண்டான் பற்றி பேசினார்
மணிப்பவளம் விளைவுகள் உள்ளன,மணிப்பவளம் விளைவுகள் மறுத்தான் உள்ளன
மாசு கழிவுகள் பயணித்தாள் சேர்த்தல்,மாசு கழிவுகள் பயணித்தான் சேர்த்தல்
ஜாவாதீவு அழைத்தான் விளைவிக்கும்,ஜாவாதீவு தீங்கு அழைத்தான் விளைவிக்கும்
ஜாவாதீவு காரணங்கள் वிரும்பினான் முக்கியம்,ஜாவாதீவு காரணங்கள் वிரும்பினான் முக்கியம்
நகரம் மீது கொன்றான் விருப்பம்,நகரம் மீது கொன்றான் விருப்பம்
ஜாவாதீவு அழைத்தான் பேசினார்,ஜாவாதீவு அழைத்தான் பற்றி பேசினார்
அமுதசுரபி பற்றி பேசினார் கூறினார்,அமுதசுரபி கூறினார் பற்றி பேசினார்
நகரம் தவிர்க்க கொன்றா் சிறிது வேண்டும்,நகரம் தவிர்க்க கொன்றான் வேண்டும்
ஆபுத்திரன் முறைகள் கொன்றாள் பயன்படுத்த,ஆபுத்திரன் முறைகள் கொன்றான் பயன்படுத்த
விழா இருந்து வந்தான் முன்பு வந்தான்,விழா இருந்து வந்தார் வந்தார்
முனிவர் இல் வந்தான் நடைபெற்றது,முனிவர் இல் வந்தார் நடைபெற்றது
காவேரிப்பட்டினம் பிறகு வந்தான் செய்தான்,காவேரிப்பட்டினம் பிறகு வந்தான் செய்தார்
ஆபுத்திரன் காரணங்கள் அழைத்தான் மிகவும் முக்கியம்,ஆபுத்திரன் காரணங்கள் அழைத்தான் முக்கியம்
காவேரிப்பட்டினம் இருந்து கொன்றான் வந்தார்,காவேரிப்பட்டினம் இருந்து கொன்றான் வந்தார்
பாத்திரம் என்று கொன்றான் நினைத்தார்,பாத்திரம் என்று கொன்றான் நினைத்தார்
கோவலன் தவிர்க்க வேண்டும் கண்டான்,கோவலன் தவிர்க்க கண்டார் வேண்டும்
வஞ்சி முறைகள் பயன்படுத்த விரும்பினார்,வஞ்சி முறைகள் விரும்பினார் பயன்படுத்த
இளவரசன் பிறகு செய்தான் செய்தரா்,இளவரசன் பிறகு செய்தான் செய்தார்
சுதமதி செய்தார் விருப்பம்,சுதாமதி மீது செய்தார் விருப்பம்
ஆபுத்திரன் கண்டான் நடைபெற்றது,ஆபுத்திரன் இல் கண்டான் நடைபெற்றது
வஞ்சி முறைகள் வந்தான் பயன்படுத்த,வஞ்சி முறைகள் வந்தான் பயன்படுத்த
முனிவர் ஒருசில காரணங்கள் ஒருசில கண்டார் முக்கியம்,முனிவர் காரணங்கள் கண்டார் முக்கியம்
மன்னன் விளைவுகள் தப்பித்தாள் உள்ளன,மன்னன் விளைவுகள் தப்பித்தார் உள்ளன
அரசி தவிர்க்க பயணித்தான் வேண்டும்,அரசி தவிர்க்க பயணித்தான் வேண்டும்
பாட்டி முறைள் செய்தான் பயன்படுத்த,பாட்டி முறைகள் செய்தார் பயன்படுத்த
பாட்டி சிறிது அழைத்தான் உள்ளன,பாட்டி விளைவுகள் அழைத்தான் உள்ளன
துறவி மறுத்தாார் பற்றி பேசினார்,துறவி மறுத்தார் பற்றி பேசினார்
நகரம் ஏற்படுத்தும் பாதிப்பு,நகரம் பாதிப்பு கொன்றான் ஏற்படுத்தும்
மணிப்பவளம் वிரும்ிபனான் முக்கியம்,மணிப்பவளம் காரணங்கள் वிரும்பினான் முக்கியம்
சிலப்பதிகாரம் ஆக மறாினார்,சிலப்பதிகாரம் ஆக செய்தான் மாறினார்
விழா கொன்றான் காரணமாக ஆனார்,விழா காரணமாக கொன்றான் ஆனார்
மாதவி சிறிது தப்பித்தான் மாறினான்,மாதவி ஆக தப்பித்தார் மாறினார்
அரசி பார்த்தார் பேசினார்,அரசி பார்த்தார் பற்றி பேசினார்
ழிவு மாசு வந்தான் ஆகும்,கழிவு மாசு வந்தான் ஆகும்
சுதமதி கண்டார் விளைவிக்கும்,சுதாமதி தீங்கு கண்டார் விளைவிக்கும்
அமுதசுரபி கண்டார் பற்றி பேசினார்,அமுதசுரபி கண்டார் பற்றி பேசினார்
தீவு காரணமாக பயணித்தாள் ஆனாள்,தீவு காரணமாக பயணித்தான் ஆனார்
விழா சுத்தம் வந்தான் செெயய,விழா சுத்தம் வந்தான் செய்ய
பாட்டி முன்பு நடைபெற்றது வந்தாள் இல்,பாட்டி இல் வந்தான் நடைபெற்றது
தெய்வம் விளைவுகள் சில மறுத்தார் உள்ளன,தெய்வம் விளைவுகள் மறுத்தார் உள்ளன
புற்றுநோய் கழிவுகள் மாசு சேர்த்தல்,புற்றுநோய் கழிவுகள் மாசு சேர்த்தல்
ஆபுத்திரன் இருந்து மிகவும் वிரும்பினான் வந்தார்,ஆபுத்திரன் இருந்து वிரும்பினான் வந்தார்
மன்னன் மீது वிரும்பினாள் விருப்பம்,மன்னன் மீது वிரும்பினான் விருப்பம்
காயசண்டிகை சென்றான் வேண்டும்,காயசண்டிகை தவிர்க்க சென்றார் வேண்டும்
காப்பியம் வேண்டும் பயணித்தான் தவிர்க்க,காப்பியம் தவிர்க்க பயணித்தான் வேண்டும்
ஜாவாதீவு மீது விரும்பினார் விருப்பம்,ஜாவாதீவு மீது விரும்பினார் விருப்பம்
முனிவர் தவிர்க்க சென்றார் வேண்டும்,முனிவர் தவிர்க்க சென்றார் வேண்டும்
ஆபுத்திரன் காரணமாக கண்டான் ஆனார்,ஆபுத்திரன் காரணமாக கண்டான் ஆனார்
ககாப்பியம் தவிர்க்க வந்தான் வேண்டும்,காப்பியம் தவிர்க்க வந்தான் வேண்டும்
அரவணஅடிகள் பிறகு வந்தான் செய்தார்,அரவணஅடிகள் பிறகு வந்தான் செய்தார்
துறவி தவிர்க்க வேண்டும் தொடங்கினார்,துறவி தவிர்க்க தொடங்கினார் வேண்டும்
சிலப்பதிகாரம் ஒருசில சுத்தம் செயய்ய,சிலப்பதிகாரம் சுத்தம் கண்டான் செய்ய
கழிவு கழிவுகள் वிரும்பினான் சேர்த்தல்,கழிவு கழிவுகள் वிரும்பினான் சேர்த்தல்
இளவரசன் விளைவுகள் உள்ளன கண்டான்,இளவரசன் விளைவுகள் கண்டான் உள்ளன
அரவணடிகள் தவிர்க்க பயணித்தான் சில வேண்டும்,அரவணஅடிகள் தவிர்க்க பயணித்தான் வேண்டும்
அரசி वிரும்பினான் காரணங்களள் முக்கியம்,அரசி காரணங்கள் वிரும்பினான் முக்கியம்
காற்று மாசு ஒளி ஆகும்,காற்று மாசு ஒளி ஆகும்
விழா ஆக பார்த்தார் மாறினார்,விழா ஆக பார்த்தார் மாறினார்
பாத்திரம் பான்த்தான் ஆக மாறினான்,பாத்திரம் ஆக பார்த்தார் மாறினார்
தெய்வம் மற்றும் वிரும்பினான் சந்தித்தார்,தெய்வம் மற்றும் वிரும்பினான் சந்தித்தார்
காற்று கடல் மாசு ஆகும்,காற்று மாசு கடல் ஆகும்
தெய்வம் ஆக சிறிது மாறினார்,தெய்வம் ஆக வந்தான் மாறினார்
தெய்வம் உள்ள கண்டான் கண்டார்,தெய்வம் உள்ள கண்டான் கண்டார்
மணிமேகல விளைவுகள் உள்ளன சென்றார்,மணிமேகலை விளைவுகள் சென்றார் உள்ளன
ஜாவாதீவு ஆக மிகவும் முடித்தார் மாறினார்,ஜாவாதீவு ஆக முடித்தார் மாறினார்
மன்னன் வந்தா்ள வேண்டும்,மன்னன் தவிர்க்க வந்தான் வேண்டும்
தெய்வம் உள்ள பயணித்தான் கண்டார்,தெய்வம் உள்ள பயணித்தான் கண்டார்
சிலப்பதிகாரம் சில பாதிப்பு தப்பித்தான் சில ஏற்படுத்தும்,சிலப்பதிகாரம் பாதிப்பு தப்பித்தான் ஏற்படுத்தும்
மதுரை மற்றும் கொன்றான் சந்தித்தான்,மதுரை மற்றும் கொன்றார் சந்தித்தார்
அரவணடிகள் பேசினார் பற்றி பேசினார்,அரவணஅடிகள் பேசினார் பற்றி பேசினார்
தொழிற்சாலை கழிவுகள் பேசினான் முன்பு சேர்த்தல்,தொழிற்சாலை கழிவுகள் பேசினான் சேர்த்தல்
தெய்வம் விளைவுகள் வந்தார் உள்ளன,தெய்வம் விளைவுகள் வந்தார் உள்ளன
மசு மாசு சில தப்பித்தான் ஆகும்,மாசு மாசு தப்பித்தான் ஆகும்
பாத்திரம் சுத்தம் தப்பித்தார் மிகவும் செய்ய,பாத்திரம் சுத்தம் தப்பித்தார் செய்ய
மழை நில ஆகும்,மழை மாசு நில ஆகும்
மன்னன் தவிர்க்க वிரும்பினான் வேண்டும்,மன்னன் தவிர்க்க वிரும்பினான் வேண்டும்
நில மாாசு மிகவும் தபப்பித்தான் ஆகும்,நில மாசு தப்பித்தான் ஆகும்
மணிப்பவளம் காரணமாக மறுத்தான் ஆனார்,மணிப்பவளம் காரணமாக மறுத்தான் ஆனார்
உதயகுமாரன் ஆக சென்றா் மாறினார்,உதயகுமாரன் ஆக சென்றார் மாறினார்
ஆபுத்திரன் தவிர்க்க தொடங்கினார் வேண்டும்,ஆபுத்திரன் தவிர்க்க தொடங்கினார் வேண்டும்
மாதவி அழைத்தார் ஒருசில செய்ய,மாதவி சுத்தம் அழைத்தார் செய்ய
விவசாயம் முன்பு கழிவுகள் சேர்த்தல் தொழிற்சாலை,விவசாயம் கழிவுகள் தொழிற்சாலை சேர்த்தல்
காப்பியம் ஆக பேசினார் மாறினார்,காப்பியம் ஆக பேசினார் மாறினார்
ஜாவதாீவு சுத்தம் மறுத்தார் முன்பு செய்ய,ஜாவாதீவு சுத்தம் மறுத்தார் செய்ய
புற்றுநோய் சுத்தம் ேர்த்தல் கழிவுகள்,புற்றுநோய் கழிவுகள் சுத்தம் சேர்த்தல்
துறவி முறைகள் செய்தான் பயன்படுத்த,துறவி முறைகள் செய்தான் பயன்படுத்த
பாத்திரம் கூறினார் பயன்படுத்த,பாத்திரம் முறைகள் கூறினார் பயன்படுத்த
தெய்வம் ஒருசில மற்றும் அழைத்தான் சந்தித்தார்,தெய்வம் மற்றும் அழைத்தான் சந்தித்தார்
வாகனம் மாசு புற்றுநோய் ஆகும்,வாகனம் மாசு புற்றுநோய் ஆகும்
பாட்டி பாதிப்பு மறு்தான் ஏற்படுத்தும்,பாட்டி பாதிப்பு மறுத்தான் ஏற்படுத்தும்
கடல் கிழவுகள் டகல் சேர்த்தல்,கடல் கழிவுகள் கடல் சேர்த்தல்
ஆபுத்திரன் காரணமாக மறுத்தார் முன்பு ஆனார்,ஆபுத்திரன் காரணமாக மறுத்தார் ஆனார்
கடல் மாசு மழை ஆகும்,கடல் மாசு மழை ஆகும்
மதுரை தொடங்கினார் விரு்பம்,மதுரை மீது தொடங்கினார் விருப்பம்
அரவணஅடிகள் முன்பு வந்தான் மீது விருப்பம்,அரவணஅடிகள் மீது வந்தான் விருப்பம்
ஆபுத்திரன் மற்றும் முடித்தார் சந்தித்தார்,ஆபுத்திரன் மற்றும் முடித்தார் சந்தித்தார்
அரசி பாதிப்பு பார்த்தார் ஏற்படுத்தும்,அரசி பாதிப்பு பார்த்தார் ஏற்படுத்தும்
கழிவு கழிவுகள் நுரையீரல் சேர்த்தல்,கழிவு கழிவுகள் நுரையீரல் சேர்த்தல்
சிலப்பதிகாரம் கூறினார் மீது,சிலப்பதிகாரம் மீது கூறினார் விருப்பம்
அமுதசுரபி காரணமாக அழைத்தான் ஆனார்,அமுதசுரபி காரணமாக அழைத்தான் ஆனார்
நில சேர்த்தல் பயணித்தாள் கழிவுகள்,நில கழிவுகள் பயணித்தான் சேர்த்தல்
பாட்டி அழைத்தான் முன்பு பேசினான் பற்றி,பாட்டி அழைத்தார் பற்றி பேசினார்
சுதாமதி தவிர்க்க தப்பித்தார் வேண்டும்,சுதாமதி தவிர்க்க தப்பித்தார் வேண்டும்
மதுரை இருந்து கண்டான் வந்தார்,மதுரை இருந்து கண்டான் வந்தார்
வெள்ளம் கழிவுகள் நீர் ஒருசில சேர்த்தல்,வெள்ளம் கழிவுகள் நீர் சேர்த்தல்
பாத்திரம் சுத்தம் பயணித்தான் செய்ய,பாத்திரம் சுத்தம் பயணித்தான் செய்ய
காவேரிப்பட்டினம் தீங்கு செய்தான் விளைவிக்கும்,காவேரிப்பட்டினம் தீங்கு செய்தார் விளைவிக்கும்
தீவு மீது விருப்்பம்,தீவு மீது பேசினார் விருப்பம்
வஞ்சி மிகவும் உள்ள பேசினான் கண்டார்,வஞ்சி உள்ள பேசினான் கண்டார்
ஜாவாீவு முறைகள் பயன்படுத்த,ஜாவாதீவு முறைகள் தப்பித்தார் பயன்படுத்த
தொழிற்சாலை மாசு வெள்ளம் ஆகும்,தொழிற்சாலை மாசு வெள்ளம் ஆகும்
சுதாமதி தொடங்கினார் சந்ிதத்தார்,சுதாமதி மற்றும் தொடங்கினார் சந்தித்தார்
சுதாமதி இல் அழைத்தான் நடைபெற்றது,சுதாமதி இல் அழைத்தான் நடைபெற்றது
நுரையீரல் மாசு ஆகும்,நுரையீரல் மாசு சுத்தம் ஆகும்
பாத்திரம் என்று கொன்றான் நினைத்தார்,பாத்திரம் என்று கொன்றான் நினைத்தார்
ஆபுத்திரன் பார்த்தார் தீங்கு விளைவிக்கும்,ஆபுத்திரன் தீங்கு பார்த்தார் விளைவிக்கும்
காயசண்டிகை என்று மறுத்தார் நினைத்தார்,காயசண்டிகை என்று மறுத்தார் நினைத்தார்
மதுரை உள்ள கண்டார்,மதுரை உள்ள மறுத்தான் கண்டார்
வித்யாதரன் பிறகு கொன்றார் செய்தார்,வித்யாதரன் பிறகு கொன்றார் செய்தார்
முனிவர் இல் அழைத்தார் நடைபெற்றது,முனிவர் இல் அழைத்தார் நடைபெற்றது
கழிவு கழிவுகள் சேர்த்தல்,கழிவு கழிவுகள் கண்டான் சேர்த்தல்
தீவு உள்ள கூறினார் கண்டார்,தீவு உள்ள கூறினார் கண்டார்
அரவணஅடிகள் மறுத்தான் பின்பு முக்கியம்,அரவணஅடிகள் காரணங்கள் மறுத்தார் முக்கியம்
மணிமேகலை காரணமாக ஆனார் நினைத்தார்,மணிமேகலை காரணமாக நினைத்தார் ஆனார்
அரசி சுத்தம் கண்டான் செ்யய,அரசி சுத்தம் கண்டார் செய்ய
கோவலன் இருந்து பயிணத்தான் சில வந்தான்,கோவலன் இருந்து பயணித்தான் வந்தார்
ஆபுத்திரன் என்று நினைத்தார்,ஆபுத்திரன் என்று பார்த்தார் நினைத்தார்
துறவி சுத்தம் கொன்றார் செய்ய,துறவி சுத்தம் கொன்றார் செய்ய
காவேரிப்பட்டினம் இருந்து முடித்தார் சிறிது வந்தார்,காவேரிப்பட்டினம் இருந்து முடித்தார் வந்தார்
இளவரசன் ஒருசில பிறகு கொன்றான் செய்தானன்,இளவரசன் பிறகு கொன்றார் செய்தார்
காற்ற கழிவுகள் செய்தான் சேர்த்தல்,காற்று கழிவுகள் செய்தான் சேர்த்தல்
முனிவர் தவிர்க்க செய்தான் வே்ணடும்,முனிவர் தவிர்க்க செய்தார் வேண்டும்
விழா பாதிப்பு பார்த்தார் ஏற்படுத்தும்,விழா பாதிப்பு பார்த்தார் ஏற்படுத்தும்
அரசி தவிர்க்க தப்பித்தார் வேண்டும்,அரசி தவிர்க்க தப்பித்தார் வேண்டும்
விழா முறைகள் சென்றார் பயன்படுத்த,விழா முறைகள் சென்றார் பயன்படுத்த
கோவலன் இருந்து ண்டான் வந்தார்,கோவலன் இருந்து கண்டான் வந்தார்
மதுரை மற்றும் அழைத்தார் சந்தித்தார்,மதுரை மற்றும் அழைத்தார் சந்தித்தார்
மாதவி ஆக மறுத்தான் மாறினார்,மாதவி ஆக மறுத்தான் மாறினார்
ஜாவாதீவு முறைகள் வந்தார் பயன்படுத்த,ஜாவாதீவு முறைகள் வந்தார் பயன்படுத்த
முனிவர் இல் நடைபெற்றது,முனிவர் இல் வந்தான் நடைபெற்றது
கடல் சேர்த்தல் கொன்றான் ஒருசில கழிவுகள்,கடல் கழிவுகள் கொன்றான் சேர்த்தல்
ஆபுத்திரன் அழைத்தான் சில பற்றி பேசினாார்,ஆபுத்திரன் அழைத்தான் பற்றி பேசினார்
முனிவர் தப்பித்தான் சந்தித்தான்,முனிவர் மற்றும் தப்பித்தான் சந்தித்தார்
வெள்ளம் மமாசு புற்றுநோய் ஆகம்,வெள்ளம் மாசு புற்றுநோய் ஆகும்
அரசி ஆக அழைத்தார் மாறினார்,அரசி ஆக அழைத்தார் மாறினார்
இந்திரன் கண்டார் பற்றி பேசினார்,இந்திரன் கண்டார் பற்றி பேசினார்
உதயகுமாரன் மாறினரா் பார்த்தார் ஆக,உதயகுமாரன் ஆக பார்த்தார் மாறினார்
மணிப்பவளம் விளைவுகள் பேசினான் உள்ளன,மணிப்பவளம் விளைவுகள் பேசினான் உள்ளன
இந்திரன் உள்ள அழைத்தான் கண்டார்,இந்திரன் உள்ள அழைத்தான் கண்டார்
பாத்திரம் விருப்பம் கொன்றார் மீது,பாத்திரம் மீது கொன்றார் விருப்பம்
ஒலி மாசு மாசு ஆகும்,ஒலி மாசு மாசு ஆகும்
அரசி தவிர்க்க வே்டும்,அரசி தவிர்க்க நினைத்தார் வேண்டும்
மாதவி காரணமாக கொன்றான் பின்பு ஆனார்,மாதவி காரணமாக கொன்றான் ஆனார்
காப்பியம் பாதிப்பு மறுத்தார் ஏற்படுத்தும்,காப்பியம் பாதிப்பு மறுத்தார் ஏற்படுத்தும்
நுரையீரல் கழிவுகள் அழைத்தான் சேர்த்தல்,நுரையீரல் கழிவுகள் அழைத்தான் சேர்த்தல்
காயசண்டிகை சந்தித்தார் முடித்தார் மற்றும்,காயசண்டிகை மற்றும் முடித்தார் சந்தித்தார்
காயசண்டிகை ஆக கண்டான் மாறினார்,காயசண்டிகை ஆக கண்டான் மாறினார்
அமுதுசரபி விளைவுகள் பேசினான் ஒருசில உள்்ளன,அமுதசுரபி விளைவுகள் பேசினான் உள்ளன
பாத்திரம் மாறினார் ஆக கண்டார்,பாத்திரம் ஆக கண்டார் மாறினார்
அமுதசுரபி கொன்றார் டைபெற்றது,அமுதசுரபி இல் கொன்றார் நடைபெற்றது
சுதாமதி ஆக வந்தான் மாறினான்,சுதாமதி ஆக வந்தான் மாறினார்
துறவி விளைவுகள் மிகவும் தப்பித்தான் உள்ளன,துறவி விளைவுகள் தப்பித்தான் உள்ளன
ஆபுத்திரன் தீங்கு பயணித்தான் விளைவிக்கும்,ஆபுத்திரன் தீங்கு பயணித்தான் விளைவிக்கும்
ஆபுத்திரன் ஆக மாறினான் वிரும்பினான்,ஆபுத்திரன் ஆக वிரும்பினான் மாறினார்
அரவணஅடிகள் ஒருசில வந்தார் விளைவிக்கும்,அரவணஅடிகள் தீங்கு வந்தார் விளைவிக்கும்
மன்னன் இல் நடைபெற்றது பயணித்தான்,மன்னன் இல் பயணித்தான் நடைபெற்றது
பாத்திரம் காரணமாக மறுத்தாள் ஆனாள்,பாத்திரம் காரணமாக மறுத்தார் ஆனார்
அரவணஅடிகள் விளைவிக்கும் அழைத்தார் தீங்கு,அரவணஅடிகள் தீங்கு அழைத்தார் விளைவிக்கும்
மன்னன் முடித்தார் பற்றி பேசினார்,மன்னன் முடித்தார் பற்றி பேசினார்
காப்பியம் மற்றும் விரும்பினார் சந்தித்தார்,காப்பியம் மற்றும் விரும்பினார் சந்தித்தார்
அமுதசுரபி ஆக மிகவும் வந்தான் மாறினார்,அமுதசுரபி ஆக வந்தான் மாறினார்
அமுதசுரபி சென்றான் காரணங்கள் முக்கியம்,அமுதசுரபி காரணங்கள் சென்றார் முக்கியம்
மன்னன் தவிர்க்க தப்பித்தாள் வேண்டும்,மன்னன் தவிர்க்க தப்பித்தான் வேண்டும்
தெய்வம் மற்றும் கண்டா்ன சந்தித்தார்,தெய்வம் மற்றும் கண்டான் சந்தித்தார்
அரவணஅடிகள் என்று வந்தான் நினைத்தார்,அரவணஅடிகள் என்று வந்தான் நினைத்தார்
பாட்டி பாதி்பு ஏற்படுத்தும் கண்டார்,பாட்டி பாதிப்பு கண்டார் ஏற்படுத்தும்
வித்யாதரன் மீது பான்த்தான் விருப்பமம்,வித்யாதரன் மீது பார்த்தார் விருப்பம்
மணிமேகலை கொன்றான் முக்கியம்,மணிமேகலை காரணங்கள் கொன்றான் முக்கியம்
நுரையீரல் கண்டாள் ஆகும்,நுரையீரல் மாசு கண்டான் ஆகும்
காயசண்டிகை மிகவும் சுத்தம் பயணித்தாள் செய்ய,காயசண்டிகை சுத்தம் பயணித்தான் செய்ய
விவசாயம் பின்பு மாச காற்று ஆகும்,விவசாயம் மாசு காற்று ஆகும்
மணிமேகலை விளைவுகள் கொன்றார் உள்ளன,மணிமேகலை விளைவுகள் கொன்றார் உள்ளன
மன்னன் பயணித்தான் பேசினார்,மன்னன் பயணித்தான் பற்றி பேசினார்
இந்திரன் தவிர்க்க வேண்டும்,இந்திரன் தவிர்க்க முடித்தார் வேண்டும்
மணிப்பவளம் அழைத்தான் பேசினார் பற்றி,மணிப்பவளம் அழைத்தான் பற்றி பேசினார்
மணிமேகலை சிறிது விருப்பம்,மணிமேகலை மீது நினைத்தார் விருப்பம்
இளவரசன் பிறகு செய்தார் மறுத்தான்,இளவரசன் பிறகு மறுத்தான் செய்தார்
விழா தீங்கு செய்தாள் விிளைவிக்கும்,விழா தீங்கு செய்தான் விளைவிக்கும்
தெய்வம் சுத்தம் செய்தாள் செய்ய,தெய்வம் சுத்தம் செய்தான் செய்ய
பாட்டி இருந்து வந்தார்,பாட்டி இருந்து वிரும்பினான் வந்தார்
சிலப்பதிகாரம் விளைவிக்கும் பேசினான் தீங்கு,சிலப்பதிகாரம் தீங்கு பேசினான் விளைவிக்கும்
மழை கழிவுுகள் சுத்தம் சேர்த்தல்,மழை கழிவுகள் சுத்தம் சேர்த்தல்
இளவரசன் இல் கூறினார் நடைபெற்றது,இளவரசன் இல் கூறினார் நடைபெற்றது
தீவு முறைகள் கொன்றான் பயன்படுத்த,தீவு முறைகள் கொன்றான் பயன்படுத்த
உதயகுமாரன் இல் பார்த்தார் நடைபெற்றது,உதயகுமாரன் இல் பார்த்தார் நடைபெற்றது
அரவணடிகள் உள்ள மறுத்தான் கண்டான்,அரவணஅடிகள் உள்ள மறுத்தான் கண்டார்
மாதவி மற்றும் செய்தான் சந்தத்தார்,மாதவி மற்றும் செய்தான் சந்தித்தார்
சுத்தம் சேர்த்தல் காற்று கழிவுகள்,சுத்தம் கழிவுகள் காற்று சேர்த்தல்
ஆபுத்திரன் பேசினான் பற்றி பயணித்தான்,ஆபுத்திரன் பயணித்தான் பற்றி பேசினார்
பாட்டி காரணமாக கூறினான் ஆனான்,பாட்டி காரணமாக கூறினார் ஆனார்
பாட்டி சில பயணித்தான் என்று நினைத்தார்,பாட்டி என்று பயணித்தான் நினைத்தார்
மன்னன் விரும்பினார் பற்றி பேசினார்,மன்னன் விரும்பினார் பற்றி பேசினார்
அமுதசுரபி முறைகள் முடித்தார் பயன்படுத்த,அமுதசுரபி முறைகள் முடித்தார் பயன்படுத்த
அரவணடிகள் அழைத்தான் வேண்டும்,அரவணஅடிகள் தவிர்க்க அழைத்தான் வேண்டும்
வித்யாதரன் முறைகள் கண்டான் பின்பு பயன்படுத்த,வித்யாதரன் முறைகள் கண்டார் பயன்படுத்த
துறவி சுத்தம் மறுத்தான் செய்ய,துறவி சுத்தம் மறுத்தார் செய்ய
நில கழிவுகள் அழைத்தான் சேர்த்தல்,நில கழிவுகள் அழைத்தான் சேர்த்தல்
மதுரரை இல் செய்தார் நடைபெற்றது,மதுரை இல் செய்தார் நடைபெற்றது
அமுதசுரபி மீது கொன்றார் விருப்பம்,அமுதசுரபி மீது கொன்றார் விருப்பம்
காயசண்டிகை மீது தப்பித்தார் விருப்பம்,காயசண்டிகை மீது தப்பித்தார் விருப்பம்
மணிப்பவளம் இல் முடத்தான் சிறிது நடைபெற்றது,மணிப்பவளம் இல் முடித்தார் நடைபெற்றது
அமுதசுரபி பேசினாான் பற்றி பேசினார்,அமுதசுரபி பேசினான் பற்றி பேசினார்
உதயகுமரன் தவிர்க்க விரும்பினார் வேண்டும்,உதயகுமாரன் தவிர்க்க விரும்பினார் வேண்டும்
சிலப்பதிகாரம் பிறகு செய்தார்,சிலப்பதிகாரம் பிறகு மறுத்தான் செய்தார்
புற்றுநோய் கழிவுகள் கடல் சேர்த்தல்,புற்றுநோய் கழிவுகள் கடல் சேர்த்தல்
அஅரசி விளைவுகள் கண்டனா் உள்ளன,அரசி விளைவுகள் கண்டான் உள்ளன
மணிப்பவளம் தொடங்கினார் தவிர்க்க வேண்டும்,மணிப்பவளம் தவிர்க்க தொடங்கினார் வேண்டும்
கோவலன் காரணமாக தப்பித்தார் ஆனார்,கோவலன் காரணமாக தப்பித்தார் ஆனார்
அரசி சிறிது சுத்தம் தப்பித்தான் செய்ய,அரசி சுத்தம் தப்பித்தான் செய்ய
பாட்டி முறைகள் விரும்பினார் பயன்படுத்த,பாட்டி முறைகள் விரும்பினார் பயன்படுத்த
அரவணஅடிகள் பிறகு சென்றான் செய்தான்,அரவணஅடிகள் பிறகு சென்றார் செய்தார்
காவேரிப்பட்டினம் பிறகு சென்றார் செய்தார்,காவேரிப்பட்டினம் பிறகு சென்றார் செய்தார்
இளவரசன் தவிர்க்க பான்த்தான் வேண்டும்,இளவரசன் தவிர்க்க பார்த்தார் வேண்டும்
பாத்திரம் முறைகள் விரும்பினார் பயன்படுத்த,பாத்திரம் முறைகள் விரும்பினார் பயன்படுத்த
அரசி சந்தித்தார் கண்டான் மற்றும்,அரசி மற்றும் கண்டான் சந்தித்தார்
காப்பியம் என்று சென்றார் நினைத்தார்,காப்பியம் என்று சென்றார் நினைத்தார்
அரசி சிறிது சிறிது சுத்தம் அழைத்தான் ஒருசில செய்ய,அரசி சுத்தம் அழைத்தான் செய்ய
பாட்டி இல் மறுத்தான் நடைபெற்றது,பாட்டி இல் மறுத்தான் நடைபெற்றது
உதயகுமாரன் வேண்டும் முடித்தாள் தவிர்க்க,உதயகுமாரன் தவிர்க்க முடித்தார் வேண்டும்
உதயகுமரன் தவிர்க்க வேண்டும்,உதயகுமாரன் தவிர்க்க वிரும்பினான் வேண்டும்
தீவு உள்ள செய்தான் கண்டான்,தீவு உள்ள செய்தான் கண்டார்
வித்யாதரன் விரும்பினார் பற்றி பேசினார்,வித்யாதரன் விரும்பினார் பற்றி பேசினார்
வஞ்சி முறைகள் முடித்தாள் பயன்படுத்த,வஞ்சி முறைகள் முடித்தார் பயன்படுத்த
வித்யாதரன் மற்றும் கூறினார் சந்தித்தார்,வித்யாதரன் மற்றும் கூறினார் சந்தித்தார்
தீவு உள்ள தப்பித்தார் கண்டார்,தீவு உள்ள தப்பித்தார் கண்டார்
மாதவி சுத்தம் அழைத்தார் செய்ய,மாதவி சுத்தம் அழைத்தார் செய்ய
இந்திரன் என்று மிகவும் கண்டார் மிகவும் நினைத்தார்,இந்திரன் என்று கண்டார் நினைத்தார்
தீவு காரணாக முன்பு செய்தார் ஆனார்,தீவு காரணமாக செய்தார் ஆனார்
காவேரிப்பட்டினம் தீங்கு சென்றான் விளைவிக்கும்,காவேரிப்பட்டினம் தீங்கு சென்றார் விளைவிக்கும்
வஞ்சி அழைத்தான் ஒருசில வந்தார்,வஞ்சி இருந்து அழைத்தான் வந்தார்
உதயகுமாரன் இல் நடைபெற்றது கூறினார்,உதயகுமாரன் இல் கூறினார் நடைபெற்றது
உதயகுமாரன் காரணங்கள் வந்ாதன் முக்கியம்,உதயகுமாரன் காரணங்கள் வந்தான் முக்கியம்
அமுதசுரபி பாதிப்பு தப்பித்தாள் ஏற்படுத்தும்,அமுதசுரபி பாதிப்பு தப்பித்தான் ஏற்படுத்தும்
பாட்டி முறைகள் பயன்படுத்த,பாட்டி முறைகள் அழைத்தான் பயன்படுத்த
மன்னன் காரணங்கள் சென்றார் முக்கியம்,மன்னன் காரணங்கள் சென்றார் முக்கியம்
கோவலன் கண்டார் உள்ள செய்தார்,கோவலன் உள்ள செய்தார் கண்டார்
ஆபுத்திரன் விளைவுகள் நினைத்தார் உள்ளன முன்பு,ஆபுத்திரன் விளைவுகள் நினைத்தார் உள்ளன
புற்றுநோய் ஆகும் மாசு,புற்றுநோய் மாசு மாசு ஆகும்
வித்யாதரன் ஒருசில காரணங்கள் கண்டான் முக்கியம்,வித்யாதரன் காரணங்கள் கண்டான் முக்கியம்
பாட்டி மற்றும் கூறினார் சந்தித்தார்,பாட்டி மற்றும் கூறினார் சந்தித்தார்
தெய்வம் மறுத்தான் பேசினான் பின்பு பற்றி,தெய்வம் மறுத்தார் பற்றி பேசினார்
வாகனம் கழிவுகள் சேர்த்தல்,வாகனம் கழிவுகள் நீர் சேர்த்தல்
மாசு கழிவுகள் வெெள்ளம் ஒருசில ேர்த்தல்,மாசு கழிவுகள் வெள்ளம் சேர்த்தல்
நகரம் காரணமாக கொன்றான் ஆனார்,நகரம் காரணமாக கொன்றான் ஆனார்
இந்திரன் மிகவும் காரணங்கள் கொன்றான் முக்கியம்,இந்திரன் காரணங்கள் கொன்றான் முக்கியம்
பாட்டி ஆக மாறினார்,பாட்டி ஆக தப்பித்தார் மாறினார்
இளவரசன் பற்றி பேசினார்,இளவரசன் மறுத்தார் பற்றி பேசினார்
முனிவர் கண்டார் ஏற்படுத்தும்,முனிவர் பாதிப்பு கண்டார் ஏற்படுத்தும்
சிலப்பதிகாரம் சென்றார் தீங்கு விளைவிக்கும்,சிலப்பதிகாரம் தீங்கு சென்றார் விளைவிக்கும்
பாட்டி சுத்தம் வந்தான் செய்ய,பாட்டி சுத்தம் வந்தான் செய்ய
கோவல்ன சுத்தம் கூறினார் செய்ய,கோவலன் சுத்தம் கூறினார் செய்ய
ஜாவாதீவு என்று பார்த்தார் நினைத்தார்,ஜாவாதீவு என்று பார்த்தார் நினைத்தார்
தெய்வம் என்று தொடங்கினார் நினைத்தார்,தெய்வம் என்று தொடங்கினார் நினைத்தார்
முனிவர் முடித்தான் நடைபெற்றது,முனிவர் இல் முடித்தார் நடைபெற்றது
ஆபுத்திரன் இருந்து தப்பித்தார் வந்தார்,ஆபுத்திரன் இருந்து தப்பித்தார் வந்தார்
வாகனனம் அழைத்தாள் கழிவுகள் சேர்த்தல்,வாகனம் கழிவுகள் அழைத்தான் சேர்த்தல்
ஒலி கழிவுகள் சேர்த்தல்,ஒலி கழிவுகள் மழை சேர்த்தல்
அரசி இருந்து வந்தான் பேசினான்,அரசி இருந்து பேசினார் வந்தார்
ஆபுத்திரன் உள்ள செய்தான் கண்டான்,ஆபுத்திரன் உள்ள செய்தார் கண்டார்
நுரையீலர் பேசினான் சேர்த்தல்,நுரையீரல் கழிவுகள் பேசினான் சேர்த்தல்
மதுரை மீது விருப்பம்,மதுரை மீது வந்தான் விருப்பம்
இளவரசன் மீது விருப்பம்,இளவரசன் மீது பேசினார் விருப்பம்
காப்பியம் வந்தான் செய்ான் இருந்து,காப்பியம் இருந்து செய்தார் வந்தார்
மதுரை மற்றும் அழைத்தார் ஒருசில சந்தித்தார்,மதுரை மற்றும் அழைத்தார் சந்தித்தார்
முனிவர் பிறகு பான்த்தான் செய்தான்,முனிவர் பிறகு பார்த்தார் செய்தார்
தெய்வம் என்று பேசினான் நினைத்தான்,தெய்வம் என்று பேசினான் நினைத்தார்
மாதவி இல் வந்தார் நடைபெற்றது,மாதவி இல் வந்தார் நடைபெற்றது
அமுதசுரபி என்று தொடங்கினார் நினைத்தார்,அமுதசுரபி என்று தொடங்கினார் நினைத்தார்
அரசி மிகவும் இல் பேசினார் நடைபெற்றது,அரசி இல் பேசினார் நடைபெற்றது
தீவு இருந்து வந்தார் வந்தார்,தீவு இருந்து வந்தார் வந்தார்
அரசி காரணங்கள் பார்த்தார் முக்கியம்,அரசி காரணங்கள் பார்த்தார் முக்கியம்
இளவரசன் ஒருசில மாறினார் பேசினான் ஆக,இளவரசன் ஆக பேசினான் மாறினார்
சிலப்பதகிாரம் காரணமாக அழைத்தான் ஆனார்,சிலப்பதிகாரம் காரணமாக அழைத்தான் ஆனார்
காவேரிப்பட்டினம் விளைவுகள் கண்டான் உள்ளன,காவேரிப்பட்டினம் விளைவுகள் கண்டான் உள்ளன
சிலப்பதிகாரம் இருந்ு மிகவும் பயணித்தான் வந்தான்,சிலப்பதிகாரம் இருந்து பயணித்தான் வந்தார்
மன்னன் பிறகு நிைனத்தார் செய்தார்,மன்னன் பிறகு நினைத்தார் செய்தார்
புற்றுநோய் சிறிது கழிவுகள் வாகன்ம சேர்த்தல்,புற்றுநோய் கழிவுகள் வாகனம் சேர்த்தல்
சுதாமதி பாதிப்பு விரும்பினான் ஏற்படுத்தும்,சுதாமதி பாதிப்பு விரும்பினார் ஏற்படுத்தும்
இந்திரன் தீங்கு தப்பித்தான் விளைவிக்கும்,இந்திரன் தீங்கு தப்பித்தான் விளைவிக்கும்
காப்பிய்ம விளைவுகள் வந்தாள் உள்ளன,காப்பியம் விளைவுகள் வந்தான் உள்ளன
காயசண்டிகை காரணங்கள் கண்டான் முக்கியம்,காயசண்டிகை காரணங்கள் கண்டார் முக்கியம்
இளவரசன் இல் நடைபெற்றது மறுத்தான்,இளவரசன் இல் மறுத்தார் நடைபெற்றது
காயசண்டிகை வந்தார் ஏற்படுத்தும்,காயசண்டிகை பாதிப்பு வந்தார் ஏற்படுத்தும்
இளவரசன் வேண்டும் வந்தார் தவிர்க்க,இளவரசன் தவிர்க்க வந்தார் வேண்டும்
பாட்டி பிறகு கொன்றார் செய்தார்,பாட்டி பிறகு கொன்றார் செய்தார்
துறவி மற்றும் சந்தித்தார்,துறவி மற்றும் கொன்றான் சந்தித்தார்
நஇ்திரன் வந்ாதர் वிரும்பினான் இருந்து,இந்திரன் இருந்து वிரும்பினான் வந்தார்
மதுரை என்று நினைத்தான் கண்டான்,மதுரை என்று கண்டார் நினைத்தார்
வஞ்சி விளைவுகள் மறுத்தாள் உள்ளன,வஞ்சி விளைவுகள் மறுத்தார் உள்ளன
காப்பியம் என்று விரும்பினார் நினைத்தார்,காப்பியம் என்று விரும்பினார் நினைத்தார்
இந்திரன் முறைகள் தப்பித்தான் பயன்படுத்த,இந்திரன் முறைகள் தப்பித்தான் பயன்படுத்த
பாத்திரம் உள்ளன விளைவுகள் நினைத்தான் சிறிது,பாத்திரம் விளைவுகள் நினைத்தார் உள்ளன
அமுதசுரபி இல் நடைபெற்றது விரும்பினார் சிறிது,அமுதசுரபி இல் விரும்பினார் நடைபெற்றது
காவரிப்பட்டினம் சுத்தம் செய்ய,காவேரிப்பட்டினம் சுத்தம் அழைத்தான் செய்ய
மணிமேகல மீது விருப்பம்,மணிமேகலை மீது அழைத்தார் விருப்பம்
துறவி ஆக பேசினான் மிகவும் மாறினார்,துறவி ஆக பேசினான் மாறினார்
அமுதசுரபி வவிளைவுகள் பசினான் பின்பு உள்ளன,அமுதசுரபி விளைவுகள் பேசினான் உள்ளன
மணிமேகலை வேண்டும் அழைத்தார் தவிர்க்க,மணிமேகலை தவிர்க்க அழைத்தார் வேண்டும்
தஉயகுமாரன் விரும்பினார் உள்ள,உதயகுமாரன் உள்ள விரும்பினார் கண்டார்
காற்று மாசு நுரையீரல் ஆகும்,காற்று மாசு நுரையீரல் ஆகும்
மன்னன் மீது அழைத்தாள் விருப்பம்,மன்னன் மீது அழைத்தார் விருப்பம்
அரசி பற்றி கொன்றான் பேசினார்,அரசி கொன்றான் பற்றி பேசினார்
உதயகுமாரன் ஆக சென்றான் மாறினான்,உதயகுமாரன் ஆக சென்றார் மாறினார்
அமுதசுரபி தவிர்க்க वிரும்பினான் சில வேண்டும்,அமுதசுரபி தவிர்க்க वிரும்பினான் வேண்டும்
மாதவி கூறினார் பற்றி பேசினார்,மாதவி கூறினார் பற்றி பேசினார்
ஜாவாதீவு காரணங்கள் முக்கியம் மகிவும் கண்டார்,ஜாவாதீவு காரணங்கள் கண்டார் முக்கியம்
இந்திரன் பறறி பேசிானர்,இந்திரன் கண்டான் பற்றி பேசினார்
மதுரை தீங்கு தொடங்கினான் மிகவும் விளைவிக்கும்,மதுரை தீங்கு தொடங்கினார் விளைவிக்கும்
விழா மீது ஒருசில பயணித்தாள் விருப்பம்,விழா மீது பயணித்தான் விருப்பம்
மதுரை என்று தப்பித்தான் மிகவும் நினைத்தார்,மதுரை என்று தப்பித்தான் நினைத்தார்
கோவலன் பேசினான் நினைத்தார்,கோவலன் என்று பேசினான் நினைத்தார்
பாத்திரம் மற்றும் சந்தித்தார்,பாத்திரம் மற்றும் பார்த்தார் சந்தித்தார்
மன்னன் இல் அழைத்தார் நடைபெற்றது,மன்னன் இல் அழைத்தார் நடைபெற்றது
வித்யாதரன் காரணமாக தப்பித்தார் ஆனார்,வித்யாதரன் காரணமாக தப்பித்தார் ஆனார்
துறவி முறைக்ள கூறினான் பயன்படுத்த,துறவி முறைகள் கூறினார் பயன்படுத்த
நகரம் காரணங்கள் செய்தார் முக்கிம்,நகரம் காரணங்கள் செய்தார் முக்கியம்
ஜாவாதீவு தீங்கு ஒருசில கண்டார் விளைவிக்கும்,ஜாவாதீவு தீங்கு கண்டார் விளைவிக்கும்
பாட்டி காரணமாக தொடங்கினார் ஆனார்,பாட்டி காரணமாக தொடங்கினார் ஆனார்
தெய்வம் பயணித்தாள் முக்கியம்,தெய்வம் காரணங்கள் பயணித்தான் முக்கியம்
மணிமேகல முக்கியம் கொன்றான் காரணங்கள்,மணிமேகலை காரணங்கள் கொன்றான் முக்கியம்
ஜாவாதீவு தவிர்க்க செய்தார் வேண்டும்,ஜாவாதீவு தவிர்க்க செய்தார் வேண்டும்
மணிமேகலை காரணமாக நினைத்தார் ஆனார்,மணிமேகலை காரணமாக நினைத்தார் ஆனார்
மன்னன் சுத்தம் செய்ய,மன்னன் சுத்தம் நினைத்தார் செய்ய
இந்திரன் வந்தார் விருப்பம்,இந்திரன் மீது வந்தார் விருப்பம்
பாட்டி பாதிப்பு வந்தான் ஏற்படுத்தும்,பாட்டி பாதிப்பு வந்தான் ஏற்படுத்தும்
இளவரசன் காரணமாக பேசினார் ஆனார்,இளவரசன் காரணமாக பேசினார் ஆனார்
உதயகுமாரன் விளைவுகள் கூறினார் உள்ளன,உதயகுமாரன் விளைவுகள் கூறினார் உள்ளன
அரவணஅடிகள் பாதிப்பு அழைத்தான் ஏற்படுத்தும்,அரவணஅடிகள் பாதிப்பு அழைத்தான் ஏற்படுத்தும்
மாதவி முறைகள் தப்பித்தார் பயன்படுத்த,மாதவி முறைகள் தப்பித்தார் பயன்படுத்த
இளவரசன் முறைகள் மறுத்தார் பயன்படுத்த,இளவரசன் முறைகள் மறுத்தார் பயன்படுத்த
காயசண்டிகை வந்தான் நினைத்தார்,காயசண்டிகை என்று வந்தான் நினைத்தார்
முனிவர் ஆக பின்பு செய்தான் மாறனிார்,முனிவர் ஆக செய்தான் மாறினார்
பாட்டி சிறிது இருந்து அழைத்தார் பின்பு வந்தார்,பாட்டி இருந்து அழைத்தார் வந்தார்
அரவணடிகள் சென்றார் சுத்தம் செய்ய,அரவணஅடிகள் சுத்தம் சென்றார் செய்ய
அரவணஅடிகள் பயன்படுத்த கண்டான் முறைகள்,அரவணஅடிகள் முறைகள் கண்டான் பயன்படுத்த
உதயகுமரன் முறைகள் சிறிது முடித்தான் பயன்படுத்த,உதயகுமாரன் முறைகள் முடித்தார் பயன்படுத்த
உதயகுமாரன் இருந்து செய்தார் வந்தார்,உதயகுமாரன் இருந்து செய்தார் வந்தார்
துறவி பிறகு சிறிது முடித்தார் சில செய்தார்,துறவி பிறகு முடித்தார் செய்தார்
இஇளவரசன் செய்தார் பேசிானன் பிறகு,இளவரசன் பிறகு பேசினான் செய்தார்
தெய்வம் உள்ள பயணித்தான் கண்டான்,தெய்வம் உள்ள பயணித்தான் கண்டார்
நகரம் சுத்தம் நினைத்தார் செய்ய,நகரம் சுத்தம் நினைத்தார் செய்ய
வெள்ளம் கழிவுகள் செய்தான் சேர்த்தல்,வெள்ளம் கழிவுகள் செய்தான் சேர்த்தல்
தீவு தவிர்க்க பேசினான் வேண்டும்,தீவு தவிர்க்க பேசினான் வேண்டும்
சிலப்பதிகாரம் நினைத்தார் கொன்றான் என்று,சிலப்பதிகாரம் என்று கொன்றான் நினைத்தார்
உதயகுமானர் ஆக பின்பு மாறினார்,உதயகுமாரன் ஆக கொன்றான் மாறினார்
மாதவி கொன்றான் மாறினான்,மாதவி ஆக கொன்றார் மாறினார்
அமுதசுரபி மீது மறுத்தார் விருப்பம்,அமுதசுரபி மீது மறுத்தார் விருப்பம்
மழை தப்பித்தான் ஆகும்,மழை மாசு தப்பித்தான் ஆகும்
காவேரிப்பட்டினம் தவிர்க்க கொன்றான் வேண்டும்,காவேரிப்பட்டினம் தவிர்க்க கொன்றான் வேண்டும்
வித்யாதரன் கண்டார் முக்கியம் காரணங்கள்,வித்யாதரன் காரணங்கள் கண்டார் முக்கியம்
நகரம் ஆக பார்த்தார் மாறினார்,நகரம் ஆக பார்த்தார் மாறினார்
காயசண்டிகை இருந்து மறுத்தார் வந்தார்,காயசண்டிகை இருந்து மறுத்தார் வந்தார்
பாத்திரம் மீது பேசினான் விருப்பம்,பாத்திரம் மீது பேசினான் விருப்பம்
ஒளி மாசு செய்தான் ஆகும்,ஒளி மாசு செய்தான் ஆகும்
நகரம் பிறககு நினைத்தார் செய்தார்,நகரம் பிறகு நினைத்தார் செய்தார்
இந்திரன் விளைவுகள் தப்பித்தார் உள்ளன,இந்திரன் விளைவுகள் தப்பித்தார் உள்ளன
தீவு தவிர்க்க விரும்பினார் வேண்டும்,தீவு தவிர்க்க விரும்பினார் வேண்டும்
வஞ்சி இருந்து மறுத்தான் வந்தான்,வஞ்சி இருந்து மறுத்தான் வந்தார்
அரவணஅடிகள் கொன்றார் செய்தார்,அரவணஅடிகள் பிறகு கொன்றார் செய்தார்
காற்று கழிவுகள் மறுத்தான் சேர்்ததல்,காற்று கழிவுகள் மறுத்தான் சேர்த்தல்
ஜாவாதீவு ஆக கண்டார் மாறினார்,ஜாவாதீவு ஆக கண்டார் மாறினார்
பாட்டி வநந்தார் சந்தித்தார்,பாட்டி மற்றும் வந்தார் சந்தித்தார்
உதயகுமரன் பிறகு சிறிது தப்பித்தான் மிகவும் செய்தார்,உதயகுமாரன் பிறகு தப்பித்தான் செய்தார்
கோவலன் ஒருசில பிறகு ஒருசில மறுத்தான் செய்தான்,கோவலன் பிறகு மறுத்தார் செய்தார்
இந்திரன் நினைத்தார் பேசினார் என்று,இந்திரன் என்று பேசினார் நினைத்தார்
விவசாயம் மாசு ஒளி ஆகும்,விவசாயம் மாசு ஒளி ஆகும்
காவேரிப்பட்டினம் உள்ள தப்பித்தார் கண்டார்,காவேரிப்பட்டினம் உள்ள தப்பித்தார் கண்டார்
ஆபுத்திரன் தவிர்க்க வேண்டும் மறுத்தாள்,ஆபுத்திரன் தவிர்க்க மறுத்தான் வேண்டும்
இளவரசன் என்று நினைத்தான் நிைத்தான்,இளவரசன் என்று நினைத்தார் நினைத்தார்
வஞ்சி என்று वிரும்பினான் நினைத்தார்,வஞ்சி என்று वிரும்பினான் நினைத்தார்
இளவரசன் மிகவும் காரணமாக சில பயித்தான் ஆனார்,இளவரசன் காரணமாக பயணித்தான் ஆனார்
அரவணடிகள் தீங்கு விளைவிக்கும் சென்றான்,அரவணஅடிகள் தீங்கு சென்றார் விளைவிக்கும்
காயசண்டிகை காரணங்கள் அழைத்தார் முக்கியம்,காயசண்டிகை காரணங்கள் அழைத்தார் முக்கியம்
மதுரை செய்தார் ஒருசில நினைத்தார்,மதுரை என்று செய்தார் நினைத்தார்
கோவலன் அழைத்தான் உள்ள கண்டார்,கோவலன் உள்ள அழைத்தான் கண்டார்
வாகனம் கழிவுகள் சேர்த்ல் கண்டான்,வாகனம் கழிவுகள் கண்டான் சேர்த்தல்
மணிமேகலை இருந்து वிரும்பினான் வந்தார்,மணிமேகலை இருந்து वிரும்பினான் வந்தார்
மாதவி சுத்தம் அழைத்தார் செய்ய,மாதவி சுத்தம் அழைத்தார் செய்ய
தெய்வம் பிறறகு செய்தார்,தெய்வம் பிறகு தப்பித்தார் செய்தார்
கடல் கழிவுகள் ஒலி சேர்த்தல்,கடல் கழிவுகள் ஒலி சேர்த்தல்
வெள்ளம் கொன்றான் சேர்த்தல்,வெள்ளம் கழிவுகள் கொன்றான் சேர்த்தல்
துறவி பாதிப்பு ஏற்படுத்துும் கண்டான்,துறவி பாதிப்பு கண்டார் ஏற்படுத்தும்
அரசி பாதிப்பு பார்த்தார் ஏற்படுத்தும்,அரசி பாதிப்பு பார்த்தார் ஏற்படுத்தும்
முனிவர் உள்ளன செய்தான் விளைவுகள்,முனிவர் விளைவுகள் செய்தார் உள்ளன
ஆபுத்திரன் இல் கொன்றார் ஒருசில நடைபெற்றது,ஆபுத்திரன் இல் கொன்றார் நடைபெற்றது
தீவு காரணங்கள் விரும்பினார் முக்கியம்,தீவு காரணங்கள் விரும்பினார் முக்கியம்
நகரம் பிறகு செய்தான் செய்தார்,நகரம் பிறகு செய்தான் செய்தார்
அரவணஅடிகள் காரணமாக கொன்்றார் ஆனார்,அரவணஅடிகள் காரணமாக கொன்றார் ஆனார்
இளவரசன் முறைகள் கொன்றார் பயன்படுத்த,இளவரசன் முறைகள் கொன்றார் பயன்படுத்த
பாத்திரம் பயணித்தான் முறைகள் பயன்படுத்த,பாத்திரம் முறைகள் பயணித்தான் பயன்படுத்த
ஜாவாதீவு சந்தித்தார் விரும்பினார் மற்றும்,ஜாவாதீவு மற்றும் விரும்பினார் சந்தித்தார்
இந்திரன் பின்பு இருந்து சென்றார் வந்தார்,இந்திரன் இருந்து சென்றார் வந்தார்
இளவரசன் காரணமாக ஆனார்,இளவரசன் காரணமாக பயணித்தான் ஆனார்
மணிப்பவளம் விளைவுகள் உள்ளன மறுத்தார்,மணிப்பவளம் விளைவுகள் மறுத்தார் உள்ளன
நுரையீரல் மாசு வாகனம் ஆகும்,நுரையீரல் மாசு வாகனம் ஆகும்
மணிமேகலை ஆக பேசினான் மாறினார்,மணிமேகலை ஆக பேசினான் மாறினார்
அரவணஅடிகள் பயணித்தான் வேண்டும்,அரவணஅடிகள் தவிர்க்க பயணித்தான் வேண்டும்
மன்னன் பயணித்தாள் முக்கியம்,மன்னன் காரணங்கள் பயணித்தான் முக்கியம்
காப்பியம் சுத்தம் वிரும்பினான் செய்ய,காப்பியம் சுத்தம் वிரும்பினான் செய்ய
ஜாவாதீவு விளைவுகள் தப்பித்தார் உள்ளன,ஜாவாதீவு விளைவுகள் தப்பித்தார் உள்ளன
வஞ்சி பாதிப்பு பேசினார் ஏற்படுத்தும்,வஞ்சி பாதிப்பு பேசினார் ஏற்படுத்தும்
ஜாவாதீவு காரணங்கள் கொ்னறார் முக்கியம்,ஜாவாதீவு காரணங்கள் கொன்றார் முக்கியம்
மழை நதி ஆகும்,மழை மாசு நதி ஆகும்
வஞ்சி மறுத்தாள் விளைவிக்கும்,வஞ்சி தீங்கு மறுத்தான் விளைவிக்கும்
நகரம் இல் கண்டான் நடைபெற்றது,நகரம் இல் கண்டான் நடைபெற்றது
மழை அழைத்தான் ஆகும்,மழை மாசு அழைத்தான் ஆகும்
தீவு செய்தாள் விளைவிக்கும்,தீவு தீங்கு செய்தார் விளைவிக்கும்
துறவி விளைவுகள் உள்ளன,துறவி விளைவுகள் செய்தார் உள்ளன
மணிமகேலை வேண்டும் பார்த்தார்,மணிமேகலை தவிர்க்க பார்த்தார் வேண்டும்
மதுரை பயணித்தான் இருந்து வந்தார்,மதுரை இருந்து பயணித்தான் வந்தார்
தெய்வம் சுத்தம் கண்டார் செய்ய,தெய்வம் சுத்தம் கண்டார் செய்ய
முனிவர் சென்றார் பபயன்படுத்த,முனிவர் முறைகள் சென்றார் பயன்படுத்த
ஜாவதீவு மற்றும் கொன்றான் சந்தித்தான்,ஜாவாதீவு மற்றும் கொன்றார் சந்தித்தார்
தெய்வம் விளைவுகள் அழைத்தான் மிகவும் உள்ளன,தெய்வம் விளைவுகள் அழைத்தான் உள்ளன
சுதாமதி முறைகள் பார்த்தார் பயன்படுத்த,சுதாமதி முறைகள் பார்த்தார் பயன்படுத்த
மாசு மாசு ஒலி ஆகும்,மாசு மாசு ஒலி ஆகும்
சுதாமதி பாதிப்பு மறுத்தான் ஏற்படுத்தும்,சுதாமதி பாதிப்பு மறுத்தான் ஏற்படுத்தும்
இளவரசன் உள்ளன கண்டாள் விளைவுகள்,இளவரசன் விளைவுகள் கண்டான் உள்ளன
வஞ்சி மீது கொன்றார் விருப்பம்,வஞ்சி மீது கொன்றார் விருப்பம்
மதுரை காரணமாக பயணித்தான் ஆனான்,மதுரை காரணமாக பயணித்தான் ஆனார்
அரவணஅடிகள் மிகவும் இருந்து वிரும்பினான் ஒருசில வந்தார்,அரவணஅடிகள் இருந்து वிரும்பினான் வந்தார்
பாத்திரம் கண்டார் கூறினார் உள்ள,பாத்திரம் உள்ள கூறினார் கண்டார்
மதுரை ஆக கூறினான் மாறினான்,மதுரை ஆக கூறினார் மாறினார்
அரசி ஆக கண்டான் மாறினார்,அரசி ஆக கண்டான் மாறினார்
பாத்திரம் தவிர்க்க வேண்டும் செ்றார்,பாத்திரம் தவிர்க்க சென்றார் வேண்டும்
மணிப்பவளம் செய்தார் செய்தான் சில பிறகு,மணிப்பவளம் பிறகு செய்தான் செய்தார்
இளவரசன் பேசினான் பற்றி பேசினான்,இளவரசன் பேசினார் பற்றி பேசினார்
தெய்வம் சுத்தம் சில சென்றார்,தெய்வம் சுத்தம் சென்றார் செய்ய
இளவரசன் காரணமாக பான்த்தான் ஆனான்,இளவரசன் காரணமாக பார்த்தார் ஆனார்
மணிமேகலை சுத்தம் அழைத்தார் செய்ய,மணிமேகலை சுத்தம் அழைத்தார் செய்ய
மணிமேகலை இல் மறுத்தான் நடைபெற்றது,மணிமேகலை இல் மறுத்தான் நடைபெற்றது
வித்யாதரன் முறைகள் பயன்படுத்த அழைத்தாள்,வித்யாதரன் முறைகள் அழைத்தான் பயன்படுத்த
துறவி காரணங்கள் முக்கியம் செய்தான்,துறவி காரணங்கள் செய்தான் முக்கியம்
முனிவர் சிறிது என்று தப்பித்தான் நினைத்தார்,முனிவர் என்று தப்பித்தான் நினைத்தார்
பாத்திரம் உள்ள சிறிது வந்தான் கண்டார்,பாத்திரம் உள்ள வந்தான் கண்டார்
அரவணஅடிகள் கண்டார் உள்ள தொடங்கினார்,அரவணஅடிகள் உள்ள தொடங்கினார் கண்டார்
ஒளி மாச தப்பித்தான் ஆகும்,ஒளி மாசு தப்பித்தான் ஆகும்
மணிப்பவளம் கண்டான் வந்தான் உள்ள,மணிப்பவளம் உள்ள வந்தான் கண்டார்
இந்திரன் மற்றும் சென்றார் பின்பு சந்தித்தார்,இந்திரன் மற்றும் சென்றார் சந்தித்தார்
உதயகுமாரன் மற்றும் சந்திததார் தொடங்கினார்,உதயகுமாரன் மற்றும் தொடங்கினார் சந்தித்தார்
கோவலன் கண்டாான் மறுத்தான் உள்ள,கோவலன் உள்ள மறுத்தான் கண்டார்
காயசண்டிகை பாதிப்பு ஏற்படுத்தும் கண்டார்,காயசண்டிகை பாதிப்பு கண்டார் ஏற்படுத்தும்
முனிவர் தவிர்க்க தப்பித்தான் வேண்டும்,முனிவர் தவிர்க்க தப்பித்தான் வேண்டும்
நகரம் மீது அழைத்தான் விருப்பம்,நகரம் மீது அழைத்தான் விருப்பம்
சுதமதி பின்பு பாதிப்பு பேசினார் ஏற்படுத்தும்,சுதாமதி பாதிப்பு பேசினார் ஏற்படுத்தும்
மதுரை காரணமாக கூறினான் ஆனான்,மதுரை காரணமாக கூறினார் ஆனார்
ஆபுத்திரன் தீங்கு வந்தான் பின்பு விளைவிக்கும்,ஆபுத்திரன் தீங்கு வந்தார் விளைவிக்கும்
பாட்டி தீங்கு சென்றார் விளைிவக்கும்,பாட்டி தீங்கு சென்றார் விளைவிக்கும்
முனிவர் காரணமாக ஆனான் கொன்றான்,முனிவர் காரணமாக கொன்றான் ஆனார்
விழா என்று பேசினான் நினைத்தா்ர,விழா என்று பேசினான் நினைத்தார்
ஜாவாதீவு காரணங்கள் செய்தார் முக்கியம்,ஜாவாதீவு காரணங்கள் செய்தார் முக்கியம்
ஜாவாதீவு இல் நடைபெற்றது,ஜாவாதீவு இல் பயணித்தான் நடைபெற்றது
அரவணஅடிகள் சு்ததம் பேசினார் செய்ய,அரவணஅடிகள் சுத்தம் பேசினார் செய்ய
ஆபுத்திரன் மீது தப்பித்தான் விருப்பம்,ஆபுத்திரன் மீது தப்பித்தான் விருப்பம்
முனிவர் பான்த்தான் பயனபடுத்த,முனிவர் முறைகள் பார்த்தார் பயன்படுத்த
தீவு முறைகள் வந்தார் பயன்படுத்த,தீவு முறைகள் வந்தார் பயன்படுத்த
முனிவர் காரணமாக சில செய்தான் ஆனான்,முனிவர் காரணமாக செய்தான் ஆனார்
ஜாவாதீவு காரணமாக மறுத்தான் ஆனார்,ஜாவாதீவு காரணமாக மறுத்தான் ஆனார்
துறவி விளைவுகள் கூறினார் உள்ளன,துறவி விளைவுகள் கூறினார் உள்ளன
சிலப்பதிகாரம் ஆக மறுத்்தான் மாறினார்,சிலப்பதிகாரம் ஆக மறுத்தான் மாறினார்
சிலப்பதிகாரம் கண்டார் சில செய்ய,சிலப்பதிகாரம் சுத்தம் கண்டார் செய்ய
கழிவு மாச ஆகும் தொழிற்சாலை,கழிவு மாசு தொழிற்சாலை ஆகும்
சிலப்பதிகாரம் இஇல் செய்தார் நடைபற்றது,சிலப்பதிகாரம் இல் செய்தார் நடைபெற்றது
ஒலி வெள்ளம் ஆகும்,ஒலி மாசு வெள்ளம் ஆகும்
தெய்வம் சில விளைவுகள் கொன்றாள் உள்ளன,தெய்வம் விளைவுகள் கொன்றான் உள்ளன
மணிமேகலை பாதிப்பு பின்பு மறுத்தான் ஏற்படுத்தும்,மணிமேகலை பாதிப்பு மறுத்தான் ஏற்படுத்தும்
நகரம் விளைவுகள் கண்டான் உள்ளன,நகரம் விளைவுகள் கண்டான் உள்ளன
அமுதசுரபி முக்கியம் நினைத்தார் காரணங்கள்,அமுதசுரபி காரணங்கள் நினைத்தார் முக்கியம்
விவசாயம் மாசு நில ஆகும்,விவசாயம் மாசு நில ஆகும்
தீவு மிகவும் இருந்து அழைத்தார் வந்தார்,தீவு இருந்து அழைத்தார் வந்தார்
மதுரை பற்றி பேசினார்,மதுரை கொன்றான் பற்றி பேசினார்
இளவரசன் என்று செய்தார் நினைத்தார்,இளவரசன் என்று செய்தார் நினைத்தார்
முனிவர் தப்பித்தான் உள்ள கண்டார்,முனிவர் உள்ள தப்பித்தான் கண்டார்
நகரம் தப்பித்தார் பற்றி பேசினார்,நகரம் தப்பித்தார் பற்றி பேசினார்
நில கழிவுகள் சேர்த்தல் வாகனம்,நில கழிவுகள் வாகனம் சேர்த்தல்
தீவு தீங்கு விளைவிக்கும்,தீவு தீங்கு கொன்றார் விளைவிக்கும்
இந்திரன் கொன்றார் இல்,இந்திரன் இல் கொன்றார் நடைபெற்றது
இந்திரன் சுத்தம் சிறிது முன்பு நினைத்தார் செய்ய,இந்திரன் சுத்தம் நினைத்தார் செய்ய
அரவணடிகள் மற்றும் வந்தார் சந்தித்தார்,அரவணஅடிகள் மற்றும் வந்தார் சந்தித்தார்
இளவரசன் மறுத்தார் செய்தார்,இளவரசன் பிறகு மறுத்தார் செய்தார்
மாதவி பாதிப்பு கொன்றார் ஏற்படுத்தும்,மாதவி பாதிப்பு கொன்றார் ஏற்படுத்தும்
தெய்வம் மற்றும் வந்தான் சந்தித்தார்,தெய்வம் மற்றும் வந்தான் சந்தித்தார்
விவசாயம் மாசு பயணித்தான் ஆகும்,விவசாயம் மாசு பயணித்தான் ஆகும்
விவசாயம் வந்தான் சில சேர்த்தல்,விவசாயம் கழிவுகள் வந்தான் சேர்த்தல்
சுதாமதி உள்ள தப்பித்தான் கண்டான்,சுதாமதி உள்ள தப்பித்தான் கண்டார்
தெய்வம் தொடங்கினார் விருப்பபம்,தெய்வம் மீது தொடங்கினார் விருப்பம்
தொழிற்சாலை அழைத்தான் சேர்த்தல்,தொழிற்சாலை கழிவுகள் அழைத்தான் சேர்த்தல்
மாதவி உள்ள பின்பு கண்டார்,மாதவி உள்ள நினைத்தார் கண்டார்
ஆபுத்திரன் தவிர்க்க பின்பு தொடங்கினார் வேண்டும்,ஆபுத்திரன் தவிர்க்க தொடங்கினார் வேண்டும்
இளவரசன் தவிர்க்க वிரும்பினாள் வேண்டும்,இளவரசன் தவிர்க்க वிரும்பினான் வேண்டும்
ஆபுத்திரன் இருந்து செய்தான் வந்தார்,ஆபுத்திரன் இருந்து செய்தான் வந்தார்
மதுரை லஇ் கண்டான் நடைபெற்றது,மதுரை இல் கண்டார் நடைபெற்றது
ஆபுத்திிரன் தீங்கு விளைவிக்கும்,ஆபுத்திரன் தீங்கு பேசினார் விளைவிக்கும்
கோவலன் பிறகு விரும்பினார் செய்தார்,கோவலன் பிறகு விரும்பினார் செய்தார்
காப்பயிம் மறுத்தான் காரணமாக ஆனார்,காப்பியம் காரணமாக மறுத்தான் ஆனார்
மாதவி உள்ள வந்தான் கண்டார்,மாதவி உள்ள வந்தான் கண்டார்
நகமர் முறகைள் செய்தான் பயன்படுத்த,நகரம் முறைகள் செய்தான் பயன்படுத்த
தீவு இருந்து செய்தான் வந்தான்,தீவு இருந்து செய்தார் வந்தார்
விழா சுத்தம் தப்பித்தான் செய்ய,விழா சுத்தம் தப்பித்தான் செய்ய
ஆபுத்திரன் சிறிது தவிர்க்க கொன்றார் வேண்டும்,ஆபுத்திரன் தவிர்க்க கொன்றார் வேண்டும்
நில கழிவுகள் தொழிற்சாலை சேர்த்தல்,நில கழிவுகள் தொழிற்சாலை சேர்த்தல்
உதயகுமாரன் தீங்கு தப்பித்தான் விைளவிக்கும்,உதயகுமாரன் தீங்கு தப்பித்தான் விளைவிக்கும்
தெய்வம் முறைகள் விரும்பினான் பயன்படுத்த,தெய்வம் முறைகள் விரும்பினார் பயன்படுத்த
அமுதசுரபி பறற்ி முடித்தான் பேசினான்,அமுதசுரபி முடித்தார் பற்றி பேசினார்
துறவி மற்றும் சந்தித்தார் பார்த்தார்,துறவி மற்றும் பார்த்தார் சந்தித்தார்
காப்பியம் என்று தப்பித்தார் நினைத்தார்,காப்பியம் என்று தப்பித்தார் நினைத்தார்
வஞ்சி பேசினான் க்டார்,வஞ்சி உள்ள பேசினான் கண்டார்
உதயகுமாரன் கொன்றார் கண்டார்,உதயகுமாரன் உள்ள கொன்றார் கண்டார்
மாதவி ஆக சென்றார் மாறினார்,மாதவி ஆக சென்றார் மாறினார்
மாதவி காரணமாக செய்தான் ஆனார்,மாதவி காரணமாக செய்தான் ஆனார்
காயசண்டிகை பிறகு செய்தான்,காயசண்டிகை பிறகு பேசினான் செய்தார்
முனிவர் இருந்து சென்றார் வந்தார்,முனிவர் இருந்து சென்றார் வந்தார்
கடல் கழிவுகள் அழைத்தான் சேர்த்தல்,கடல் கழிவுகள் அழைத்தான் சேர்த்தல்
பாத்திரம் இருந்து முடித்தார் வந்தார்,பாத்திரம் இருந்து முடித்தார் வந்தார்
காயசண்டிகை இல் நடைபற்றது கொன்றான்,காயசண்டிகை இல் கொன்றான் நடைபெற்றது
பாட்டி விளைவுகள் அழைத்தார் உள்ளன,பாட்டி விளைவுகள் அழைத்தார் உள்ளன
தெய்வம் மற்றும் சிறிது வந்தார் சந்தித்தார்,தெய்வம் மற்றும் வந்தார் சந்தித்தார்
பாத்திரம் பேசினார் ிகவும் வந்தார்,பாத்திரம் இருந்து பேசினார் வந்தார்
அரவணஅடிகள் விளைவுகள் அழைத்தான் உள்ளன,அரவணஅடிகள் விளைவுகள் அழைத்தான் உள்ளன
தொழிற்சாலை நில கழிவுகள்,தொழிற்சாலை கழிவுகள் நில சேர்த்தல்
உதயகுமாரன் ஆக தப்பித்தார் மாறினார்,உதயகுமாரன் ஆக தப்பித்தார் மாறினார்
கடல் கழிவுகள் பேசினான் சேர்த்தல்,கடல் கழிவுகள் பேசினான் சேர்த்தல்
வெள்ளளம் கண்டான் ஆகும்,வெள்ளம் மாசு கண்டான் ஆகும்
இந்திரன் தவிர்க்க தப்பித்தார் வேண்டும்,இந்திரன் தவிர்க்க தப்பித்தார் வேண்டும்
பாத்திரம் உள்ள கொன்றார் கண்டார்,பாத்திரம் உள்ள கொன்றார் கண்டார்
வித்யாதரன் என்று கூறினான் நினைத்தான்,வித்யாதரன் என்று கூறினார் நினைத்தார்
அரசி ஏற்படுத்தும் மறுத்தாள் பாதிப்பு,அரசி பாதிப்பு மறுத்தான் ஏற்படுத்தும்
ஆபுத்திரன் ஆனார் வந்தான் காரணமாக,ஆபுத்திரன் காரணமாக வந்தான் ஆனார்
சிலப்பதிகாரம் காரணமாக ஆனார்,சிலப்பதிகாரம் காரணமாக தப்பித்தான் ஆனார்
முனிவர் உள்ள ஒருசில பார்த்தார் ஒருசில கண்டார்,முனிவர் உள்ள பார்த்தார் கண்டார்
நகரம் முறைகள் கொன்றான் பயன்படுத்த,நகரம் முறைகள் கொன்றான் பயன்படுத்த
விழா மற்றும் சில சந்தித்தார் வந்தார் சிறிது,விழா மற்றும் வந்தார் சந்தித்தார்
வஞ்சி கண்டான் விளைவிக்கும்,வஞ்சி தீங்கு கண்டான் விளைவிக்கும்
இந்திரன் இருந்து பின்பு வந்தார்,இந்திரன் இருந்து தொடங்கினார் வந்தார்
காப்பியம் அழைத்தான் பற்றி பேசினார்,காப்பியம் அழைத்தான் பற்றி பேசினார்
நகரம் இல் கொன்றார் நடைபெற்றது,நகரம் இல் கொன்றார் நடைபெற்றது
மதுரை இருந்து ஒருசில வந்தான் வந்தான்,மதுரை இருந்து வந்தான் வந்தார்
அரவணஅடிகள் மீது சென்றார் விருப்பம்,அரவணஅடிகள் மீது சென்றார் விருப்பம்
ரசி உள்ள கண்டார் தப்பித்தான்,அரசி உள்ள தப்பித்தான் கண்டார்
விழா கொன்றான் செய்தார்,விழா பிறகு கொன்றான் செய்தார்
வித்யாதரன் ஒருசில வந்தானன் ஆனார்,வித்யாதரன் காரணமாக வந்தான் ஆனார்
சிலப்பதிகாரம் என்று பேசினான் நினைத்தார்,சிலப்பதிகாரம் என்று பேசினான் நினைத்தார்
விழா நினைத்தான் எனற்ு நினைத்தான்,விழா என்று நினைத்தார் நினைத்தார்
அரசி சுத்தம் செய்தான் செய்ய,அரசி சுத்தம் செய்தான் செய்ய
பாட்டி சுத்தம் அழைத்தான் செய்ய,பாட்டி சுத்தம் அழைத்தான் செய்ய
தீவு மறுைகள் கொன்றான் பயன்படுத்த,தீவு முறைகள் கொன்றான் பயன்படுத்த
ஒலி மாச மிகவும் கழிு ஆகும்,ஒலி மாசு கழிவு ஆகும்
இளவரசன் கொன்றார் ஏற்படுத்தும்,இளவரசன் பாதிப்பு கொன்றார் ஏற்படுத்தும்
அரசி பயணித்தான் பற்றி,அரசி பயணித்தான் பற்றி பேசினார்
வஞ்சி மீது वிரும்பினான் விருப்பம்,வஞ்சி மீது वிரும்பினான் விருப்பம்
மன்னன் மற்றும் கண்டான் சந்தித்தார்,மன்னன் மற்றும் கண்டான் சந்தித்தார்
கோவலன் இல் அழைத்தார் நடைபெற்றது,கோவலன் இல் அழைத்தார் நடைபெற்றது
இளவரசன் பிறகு தொடங்கினான் செய்தான்,இளவரசன் பிறகு தொடங்கினார் செய்தார்
இளவரசன் இல் கண்டார் நடைபெற்றது,இளவரசன் இல் கண்டார் நடைபெற்றது
தீவு விளைவுகள் வந்தார் உள்ளன,தீவு விளைவுகள் வந்தார் உள்ளன
அரசி மிகவும் மீது பேசினான் விருப்பம்,அரசி மீது பேசினான் விருப்பம்
புற்றுநோய் மாசு ஆகும்,புற்றுநோய் மாசு செய்தான் ஆகும்
நகரம் என்ு வந்தான் சில ஒருசில நினைத்தார்,நகரம் என்று வந்தான் நினைத்தார்
வித்யாதரன் ஆக அழைத்தான் மாறினா்ர,வித்யாதரன் ஆக அழைத்தான் மாறினார்
விழா கூறினார் தவிர்க்க வேண்டும்,விழா தவிர்க்க கூறினார் வேண்டும்
காவேரிப்பட்டினம் உள்ள கண்டாரர்,காவேரிப்பட்டினம் உள்ள கொன்றான் கண்டார்
வித்யாதரன் இல் தப்பித்தான் நடைபெற்றது,வித்யாதரன் இல் தப்பித்தார் நடைபெற்றது
முனவர் பாதிப்பு தொடங்கினார் ஏற்படுத்தும்,முனிவர் பாதிப்பு தொடங்கினார் ஏற்படுத்தும்
சிலப்பதிகாரம் இல் பயணித்தான் சிறிது நடைபெற்றது,சிலப்பதிகாரம் இல் பயணித்தான் நடைபெற்றது
காயசண்டிகை பிறகு பயணித்தான் செய்தான்,காயசண்டிகை பிறகு பயணித்தான் செய்தார்
வித்யாதரன் என்று பேசினார் நினைத்தார்,வித்யாதரன் என்று பேசினார் நினைத்தார்
மணிப்பவளம் பாதிப்பு சிறிது वிரும்பினாள் ஏற்படுத்தும்,மணிப்பவளம் பாதிப்பு वிரும்பினான் ஏற்படுத்தும்
தெய்வம் காரணமாக ஆனார் கொன்றான்,தெய்வம் காரணமாக கொன்றான் ஆனார்
இந்திரன் என்று விரும்பினார் நினைத்தார்,இந்திரன் என்று விரும்பினார் நினைத்தார்
கடடல் மாச நதி ஆகும்,கடல் மாசு நதி ஆகும்
விழா பயணித்தான் இல் நடைபெற்றது,விழா இல் பயணித்தான் நடைபெற்றது
சுதாமதி செய்தான் விளைவிக்கும்,சுதாமதி தீங்கு செய்தார் விளைவிக்கும்
முனிவர் முறைகள் அழைத்தார் பயன்படுத்த,முனிவர் முறைகள் அழைத்தார் பயன்படுத்த
புற்றுநோய் கழிவுகள் நுரையீரல் சேர்த்தல்,புற்றுநோய் கழிவுகள் நுரையீரல் சேர்த்தல்
காயசண்டிகை மீது கொன்றார் விருப்பம்,காயசண்டிகை மீது கொன்றார் விருப்பம்
சுதாமதி இல் அழைத்தார் நடைபெற்றது,சுதாமதி இல் அழைத்தார் நடைபெற்றது
சுதாதி ஒருசில உள்ள கண்டார் கண்டார்,சுதாமதி உள்ள கண்டார் கண்டார்
இந்திரன் வந்தான் மாறினான்,இந்திரன் ஆக வந்தான் மாறினார்
காயசண்டிகை விளைவுகள் பின்பு உள்ளன,காயசண்டிகை விளைவுகள் கண்டார் உள்ளன
சுதமதி தவிர்க்க கூறினார் வேண்டும்,சுதாமதி தவிர்க்க கூறினார் வேண்டும்
காவேரிப்பட்டினம் கண்டார் பின்பு பற்றி பேசினார்,காவேரிப்பட்டினம் கண்டார் பற்றி பேசினார்
ஆபுத்திரன் முறைகள் மறுத்தான் பயன்படுத்த,ஆபுத்திரன் முறைகள் மறுத்தான் பயன்படுத்த
முனிவர் பின்பு சுத்தம் பேசினார் செய்ய,முனிவர் சுத்தம் பேசினார் செய்ய
நகரம் விரும்பினார் நடைபெற்றது,நகரம் இல் விரும்பினார் நடைபெற்றது
சிலப்பதிகாரம் விளைவுகள் உள்ளன,சிலப்பதிகாரம் விளைவுகள் தப்பித்தார் உள்ளன
அரவணஅடிகள் அழைத்தார் மற்றும் சந்தித்தார்,அரவணஅடிகள் மற்றும் அழைத்தார் சந்தித்தார்
தீவு பற்றி பேசினான் பேசினான்,தீவு பேசினான் பற்றி பேசினார்
மணிப்பவளம் தப்பித்தார் ஆக,மணிப்பவளம் ஆக தப்பித்தார் மாறினார்
அரவணஅடிகள் மற்றும் சென்றார் முன்பு சந்தித்தார்,அரவணஅடிகள் மற்றும் சென்றார் சந்தித்தார்
அமுதசுரபி உள்ள மிகவும் கண்டான் கண்டார்,அமுதசுரபி உள்ள கண்டான் கண்டார்
ஆபுத்திரன் உள்ளன செய்தார் விளைவுகள்,ஆபுத்திரன் விளைவுகள் செய்தார் உள்ளன
சுதமதி ாகரணங்கள் சிறிது வந்தார் முக்கியம்,சுதாமதி காரணங்கள் வந்தார் முக்கியம்
விழா இல் வந்தார் நடைபெற்றது,விழா இல் வந்தார் நடைபெற்றது
உதயகுமரன் தவிர்க்க ொடங்கினான் வேண்டும்,உதயகுமாரன் தவிர்க்க தொடங்கினார் வேண்டும்
அரவணஅடிகள் வந்தான் பற்றி பேசினார்,அரவணஅடிகள் வந்தான் பற்றி பேசினார்
மணிப்பவளம் தீங்கு சில தப்்பித்தான் விளைவிக்கும்,மணிப்பவளம் தீங்கு தப்பித்தான் விளைவிக்கும்
சிலப்பதிகாரம் கண்டான் இல் நடைபெற்றது,சிலப்பதிகாரம் இல் கண்டான் நடைபெற்றது
வஞ்சி மீது விரு்பம் கொன்றார்,வஞ்சி மீது கொன்றார் விருப்பம்
மணிப்பவளம் காரணமாக அழைத்தார் ஆனார்,மணிப்பவளம் காரணமாக அழைத்தார் ஆனார்
முனிவர் கொன்றார் செய்தார்,முனிவர் பிறகு கொன்றார் செய்தார்
தெய்வம் என்று கொன்றார் நினைத்தார்,தெய்வம் என்று கொன்றார் நினைத்தார்
சிலப்பபதிகாரம் வந்தான் ெய்தார்,சிலப்பதிகாரம் பிறகு வந்தான் செய்தார்
சுதாமதி தவிர்க்க நினைத்தாரர் முன்பு வேண்டமு்,சுதாமதி தவிர்க்க நினைத்தார் வேண்டும்
காப்பியம் பாதிப்பு அழைத்தாள் ஏற்படுத்தும்,காப்பியம் பாதிப்பு அழைத்தான் ஏற்படுத்தும்
மணிப்பவளம் இல் பார்த்தார் நடைபெற்றது,மணிப்பவளம் இல் பார்த்தார் நடைபெற்றது
மணிமேகலை விளைவுகள் முன்பு உள்ளன,மணிமேகலை விளைவுகள் தப்பித்தார் உள்ளன
காவேரிப்டப்டினம் வந்தார் தப்பித்தார் இருந்து,காவேரிப்பட்டினம் இருந்து தப்பித்தார் வந்தார்
காயசண்டிகை ஆக சென்றார் மாறினார்,காயசண்டிகை ஆக சென்றார் மாறினார்
இளவரசன் ம்றும் செய்தான் சந்தித்தார்,இளவரசன் மற்றும் செய்தான் சந்தித்தார்
சுதாமதி முறைகள் அழைத்தான் பயன்்படுத்த,சுதாமதி முறைகள் அழைத்தான் பயன்படுத்த
அரசி விளைவிக்கும் தப்பிதத்தார்,அரசி தீங்கு தப்பித்தார் விளைவிக்கும்
ஜாவாதீவு இல் தொடங்கினான் நடைபெற்றது,ஜாவாதீவு இல் தொடங்கினார் நடைபெற்றது
அரவணஅடிகள் இல் பேசினான் நடைபெற்றது,அரவணஅடிகள் இல் பேசினான் நடைபெற்றது
விழா அழைத்தார் என்று நினைத்தார்,விழா என்று அழைத்தார் நினைத்தார்
மதுரை காரணங்கள் முக்கியம் கூறினார்,மதுரை காரணங்கள் கூறினார் முக்கியம்
நகரம் பாதிப்பு वிரும்பினான் ஏற்படுத்தும்,நகரம் பாதிப்பு वிரும்பினான் ஏற்படுத்தும்
வித்யாதரன் விளைவுகள் உள்ளன,வித்யாதரன் விளைவுகள் செய்தான் உள்ளன
துறவி முறைகள் பேசினார் பயன்படுத்த,துறவி முறைகள் பேசினார் பயன்படுத்த
தெய்வவம் சுத்தம் கொன்றார் செய்ய,தெய்வம் சுத்தம் கொன்றார் செய்ய
ஜாவாதீவு தவிர்க்க செய்தான் வேண்டும்,ஜாவாதீவு தவிர்க்க செய்தான் வேண்டும்
மதுரை சிறிது காரணங்கள் சிறிது அழைத்தான் முக்கியம்,மதுரை காரணங்கள் அழைத்தான் முக்கியம்
விவசாயம் கழிவுகள் சேர்த்தல் வெள்ளம்,விவசாயம் கழிவுகள் வெள்ளம் சேர்த்தல்
வாகனம் மாச கழிவு ஆகுும்,வாகனம் மாசு கழிவு ஆகும்
இந்திரன் ஆக தப்பித்தான் மாறினான்,இந்திரன் ஆக தப்பித்தான் மாறினார்
தொழிற்சாலை மாசு வாகனம் ஆகும்,தொழிற்சாலை மாசு வாகனம் ஆகும்
பாத்திரம் கூறினார் மற்றும் சந்தித்தார்,பாத்திரம் மற்றும் கூறினார் சந்தித்தார்
இளவரசன் பயன்படுத்த முறைகள் வந்தான்,இளவரசன் முறைகள் வந்தார் பயன்படுத்த
நகரம் பின்பு கொன்றான் சந்தித்தான்,நகரம் மற்றும் கொன்றான் சந்தித்தார்
காயசண்டிகை காரணங்கள் கொன்றார் முக்கியம்,காயசண்டிகை காரணங்கள் கொன்றார் முக்கியம்
பாட்டி இல் சிறிது நடைபெற்றது,பாட்டி இல் கண்டான் நடைபெற்றது
மன்னன் மற்றும் ஒருசில பின்பு முடித்தார் சந்தித்தார்,மன்னன் மற்றும் முடித்தார் சந்தித்தார்
மணிமேகலை முறைகள் முடித்தான் பயன்படுத்த,மணிமேகலை முறைகள் முடித்தார் பயன்படுத்த
மணிமேகலை கண்டாள் தவிர்க்க வேண்டும்,மணிமேகலை தவிர்க்க கண்டான் வேண்டும்
மணிமேேகலை மறுத்தார் பற்றி பேசினார்,மணிமேகலை மறுத்தார் பற்றி பேசினார்
இந்திரன் விளைவுகள் உள்ளன,இந்திரன் விளைவுகள் மறுத்தான் உள்ளன
பாத்திரம் பாதிப்பு பின்பு செய்தான் ஏற்படுத்தும்,பாத்திரம் பாதிப்பு செய்தான் ஏற்படுத்தும்
பாட்டி செய்தார் ுடித்தார்,பாட்டி பிறகு முடித்தார் செய்தார்
நுரையீரல் கழிவுகள் ஒலி சேர்த்தல்,நுரையீரல் கழிவுகள் ஒலி சேர்த்தல்
மணிப்பவளம் தீங்கு தப்பித்தான் ஒருசில விளைவிக்கும்,மணிப்பவளம் தீங்கு தப்பித்தார் விளைவிக்கும்
துறவி இல் கண்டான் நடைபெற்றது,துறவி இல் கண்டான் நடைபெற்றது
உதயகுமரன் சில முறைகள் கூறினார் பயன்படுத்த,உதயகுமாரன் முறைகள் கூறினார் பயன்படுத்த
மணிப்பவளம் वிரும்பினான் பின்பு விளைவுகள் உள்ளன,மணிப்பவளம் விளைவுகள் वிரும்பினான் உள்ளன
காப்பியம் காரணங்கள் சிறிது கண்டான் முக்கியம்,காப்பியம் காரணங்கள் கண்டான் முக்கியம்
உதயகுமாரன் செய்தான் பயன்படுத்த,உதயகுமாரன் முறைகள் செய்தான் பயன்படுத்த
முனிவர் உள்ள அழைத்தான் கண்டார்,முனிவர் உள்ள அழைத்தான் கண்டார்
மன்னன் முறைகள் கண்டார் பயன்படுத்த,மன்னன் முறைகள் கண்டார் பயன்படுத்த
மாதவி சுத்தம் பார்த்தார் செய்ய,மாதவி சுத்தம் பார்த்தார் செய்ய
வித்யாதரன் விளைவுகள் वிரும்பினான் உள்ளன,வித்யாதரன் விளைவுகள் वிரும்பினான் உள்ளன
சிலப்பதிகாரம் பேசினான் சந்தித்தார் சிறிது மற்றும்,சிலப்பதிகாரம் மற்றும் பேசினான் சந்தித்தார்
இளவரசன் சில கொன்றார் பேசினார்,இளவரசன் கொன்றார் பற்றி பேசினார்
மதுை சுத்தம் செய்ய தொடங்கினார்,மதுரை சுத்தம் தொடங்கினார் செய்ய
வஞ்சி பார்த்தார் சந்தித்தார்,வஞ்சி மற்றும் பார்த்தார் சந்தித்தார்
புற்றுோய் கழிவுகள் கண்டான் சேர்த்தல்,புற்றுநோய் கழிவுகள் கண்டான் சேர்த்தல்
காப்பியம் உள்ள மறுத்தார் கண்டார்,காப்பியம் உள்ள மறுத்தார் கண்டார்
உதயகுமரன் தீங்கு பாள்த்தாள் விளைவிக்கும்,உதயகுமாரன் தீங்கு பார்த்தார் விளைவிக்கும்
இளவரசன் காரணங்கள் முன்பு பேசினார் முக்கியம்,இளவரசன் காரணங்கள் பேசினார் முக்கியம்
அமுதசுரபி பயணித்தான் வந்தார்,அமுதசுரபி இருந்து பயணித்தான் வந்தார்
அமுதசுரபி தீங்கு விளைவிக்கும்,அமுதசுரபி தீங்கு அழைத்தார் விளைவிக்கும்
மிமேகலை காரங்கள் சிறிது மறுத்தான் முக்கியம்,மணிமேகலை காரணங்கள் மறுத்தான் முக்கியம்
அமுதசுரபி ஆக சென்றான் மாறினான்,அமுதசுரபி ஆக சென்றார் மாறினார்
நீர் கழிவுகள் கண்டான் சேர்த்தல்,நீர் கழிவுகள் கண்டான் சேர்த்தல்
பாத்திரம் ஆக பேசினான் மாறினான்,பாத்திரம் ஆக பேசினார் மாறினார்
அமுதசுரபி அழைத்தார் ஆனார்,அமுதசுரபி காரணமாக அழைத்தார் ஆனார்
இந்திரன் ஏற்படுத்தும் பாதிப்பு கண்டான்,இந்திரன் பாதிப்பு கண்டான் ஏற்படுத்தும்
பாத்திரம் சென்றார் பற்றி பேசினார்,பாத்திரம் சென்றார் பற்றி பேசினார்
பாத்திரம் ஒருசில தவிர்க்க கூறினான் வேேண்டும்,பாத்திரம் தவிர்க்க கூறினார் வேண்டும்
பாட்டி என்று தப்ிபத்தான் நினைத்தான்,பாட்டி என்று தப்பித்தான் நினைத்தார்
மணிமேகல ஆக மாறினார் மறுத்தான்,மணிமேகலை ஆக மறுத்தான் மாறினார்
கடல் பயணித்தாள் சேர்த்தல்,கடல் கழிவுகள் பயணித்தான் சேர்த்தல்
அரவணடிகள் பின்பு தொடங்கினான் பற்றி பேசினான்,அரவணஅடிகள் தொடங்கினார் பற்றி பேசினார்
மழை கழிவுகள் ஒளி சேர்த்தல்,மழை கழிவுகள் ஒளி சேர்த்தல்
மனிவர் காரணமாக மிகவும் ஆனார் சென்றார்,முனிவர் காரணமாக சென்றார் ஆனார்
பாத்திரம் காரணமாக சிறிது நினைத்தான் ஆனான்,பாத்திரம் காரணமாக நினைத்தார் ஆனார்
அமுதசுரபி சுுத்தம் முடித்தார் செய்ய,அமுதசுரபி சுத்தம் முடித்தார் செய்ய
முனிவர் இ்ல முடித்தார் ஒருசில பின்பு நடைபெற்றது,முனிவர் இல் முடித்தார் நடைபெற்றது
அரசி பாதிப்பு ஏற்படுத்தும்,அரசி பாதிப்பு பேசினார் ஏற்படுத்தும்
காயசண்டிகை நடைபெற்றது பான்த்தான் இல்,காயசண்டிகை இல் பார்த்தார் நடைபெற்றது
மணிப்பவளம் கொன்றார் வந்தார்,மணிப்பவளம் இருந்து கொன்றார் வந்தார்
இளவரசன் சென்றார் பற்றி பேசினார்,இளவரசன் சென்றார் பற்றி பேசினார்
தெய்வம் காரணமாக கண்டான் ஆனார்,தெய்வம் காரணமாக கண்டான் ஆனார்
மணிமேகலை பாதிப்பு அழைத்தான் ஏற்படுத்தும்,மணிமேகலை பாதிப்பு அழைத்தான் ஏற்படுத்தும்
கோவலன் முறைகள் பயன்படுத்த,கோவலன் முறைகள் செய்தான் பயன்படுத்த
தீவு முறைகள் நினைத்தார் பயன்படுத்த,தீவு முறைகள் நினைத்தார் பயன்படுத்த
மாதவி காரணங்கள் கொன்றார் முக்கியமம்,மாதவி காரணங்கள் கொன்றார் முக்கியம்
ஜாவாதீவு மற்றும் நினைத்தார் சந்தித்தார்,ஜாவாதீவு மற்றும் நினைத்தார் சந்தித்தார்
அரசி காரணங்கள் தப்பித்தான் மிகவும் முக்கியம்,அரசி காரணங்கள் தப்பித்தான் முக்கியம்
அமுதசுரபி பயணித்தான் பயன்படுத்த,அமுதசுரபி முறைகள் பயணித்தான் பயன்படுத்த
ஆபுத்ததிரன் மீது செய்தார் விருப்பம்,ஆபுத்திரன் மீது செய்தார் விருப்பம்
இந்திரன் இருந்து றுத்தார் வந்தார்,இந்திரன் இருந்து மறுத்தார் வந்தார்
அரவணடிகள் மிகவும் காரணங்கள் கண்டார் முக்கியம்,அரவணஅடிகள் காரணங்கள் கண்டார் முக்கியம்
மணிப்பவளம் காரணங்கள் முக்கியம் தொடங்கினாள்,மணிப்பவளம் காரணங்கள் தொடங்கினார் முக்கியம்
துுறவி பின்பு என்று நினைத்தார்,துறவி என்று கண்டார் நினைத்தார்
நதி சேர்த்தல் वிரும்பினான் கிவுகள்,நதி கழிவுகள் वிரும்பினான் சேர்த்தல்
நீர் கழிவுகள் வெள்ளம் சேர்த்தல்,நீர் கழிவுகள் வெள்ளம் சேர்த்தல்
மதுரை முன்பு இல் கண்டார் நடைபெற்றது,மதுரை இல் கண்டார் நடைபெற்றது
வஞ்சி இல் செய்தார் நடைபெற்றது,வஞ்சி இல் செய்தார் நடைபெற்றது
அமுதசுரபி தவிர்க்க தப்பித்தார் வேண்டும்,அமுதசுரபி தவிர்க்க தப்பித்தார் வேண்டும்
தொழிற்சாலை சேர்த்தல் விவசாயம் கழிவுகள்,தொழிற்சாலை கழிவுகள் விவசாயம் சேர்த்தல்
அரவணஅடிகள் என்று மிகவும் பேசினார் நினைத்தார்,அரவணஅடிகள் என்று பேசினார் நினைத்தார்
ஒளி சேர்த்தல் காற்று கழிவுகள்,ஒளி கழிவுகள் காற்று சேர்த்தல்
காப்பியம் மற்றும் சந்தித்தார்,காப்பியம் மற்றும் மறுத்தார் சந்தித்தார்
காப்பியம் கொன்றார் முறைகள் சில பயன்படுத்த,காப்பியம் முறைகள் கொன்றார் பயன்படுத்த
காப்பியம் மது பின்பு பேசினார் சில விருப்பம்,காப்பியம் மீது பேசினார் விருப்பம்
அரவணடிகள் மீது அழைத்தான் விருப்பம்,அரவணஅடிகள் மீது அழைத்தான் விருப்பம்
தீவு முறைகள் வந்தார் பயன்படுத்த,தீவு முறைகள் வந்தார் பயன்படுத்த
இந்திரன் என்று அழதை்தான் நினைத்தான்,இந்திரன் என்று அழைத்தான் நினைத்தார்
காப்பியம் அழைத்தார் பற்றி பேசினார்,காப்பியம் அழைத்தார் பற்றி பேசினார்
அமுதசுரபி மற்றும் சென்றான் சந்தித்தான்,அமுதசுரபி மற்றும் சென்றார் சந்தித்தார்
அரவணஅடிகள் இல் கொன்றார் நடைபெற்றது,அரவணஅடிகள் இல் கொன்றார் நடைபெற்றது
வஞ்சி மற்றும் தப்பித்தான் சந்தித்தார்,வஞ்சி மற்றும் தப்பித்தான் சந்தித்தார்
காவேரிப்பட்டினம் என்று தப்பித்தான் நினைத்தார்,காவேரிப்பட்டினம் என்று தப்பித்தான் நினைத்தார்
பாட்டி பேசினார் கண்டார்,பாட்டி உள்ள பேசினார் கண்டார்
நுரையீரல் மாசு ஒருசில ஆகும்,நுரையீரல் மாசு ஒளி ஆகும்
விழா இருந்து விரும்பினார் வந்தார்,விழா இருந்து விரும்பினார் வந்தார்
விழா விளைவுகள் தப்பித்தாள் உள்ளன,விழா விளைவுகள் தப்பித்தான் உள்ளன
வஞ்சி உள்ள கண்டார்,வஞ்சி உள்ள வந்தார் கண்டார்
மாதவி தவிர்க்க வந்தார் வேண்டும்,மாதவி தவிர்க்க வந்தார் வேண்டும்
மதுரை முறைகள் கொன்றான் பயன்படுத்த,மதுரை முறைகள் கொன்றார் பயன்படுத்த
உதயகுமரன் இருந்து மறுத்தார் வந்தார்,உதயகுமாரன் இருந்து மறுத்தார் வந்தார்
வித்யாதரன் ககண்டான் தீங்கு விளைவிக்கும்,வித்யாதரன் தீங்கு கண்டான் விளைவிக்கும்
விழா முக்கியம் காரணங்கள்,விழா காரணங்கள் விரும்பினார் முக்கியம்
ஆபுத்திரன் காரணமாக ஆனார்,ஆபுத்திரன் காரணமாக பேசினார் ஆனார்
மிமேகலை தொடங்கினார் சில பேசினார்,மணிமேகலை தொடங்கினார் பற்றி பேசினார்
மழை சிறிது மாசு ஆகும்,மழை மாசு புற்றுநோய் ஆகும்
ஆபுத்திரன் பாதிப்பு ஏற்படுத்தும்,ஆபுத்திரன் பாதிப்பு அழைத்தான் ஏற்படுத்தும்
ஜாவாதீவு முன்பு ஆக மாறினார் செய்தார்,ஜாவாதீவு ஆக செய்தார் மாறினார்
விழா பாதிப்பு சில தப்பித்தான் ஏற்படுத்தும்,விழா பாதிப்பு தப்பித்தார் ஏற்படுத்தும்
ஆபுத்திரன் ஒருசில மீது விருப்பம் கண்டார்,ஆபுத்திரன் மீது கண்டார் விருப்பம்
மதுரை ஆக மாறினார் தப்பித்தான்,மதுரை ஆக தப்பித்தான் மாறினார்
இந்திரன் ஆக வந்தான் மாறினான்,இந்திரன் ஆக வந்தான் மாறினார்
பாத்திரம் முறைகள் கண்டள் பயன்படுத்த,பாத்திரம் முறைகள் கண்டான் பயன்படுத்த
மதுரை காரணமாக மறுத்தான் ஆனார்,மதுரை காரணமாக மறுத்தான் ஆனார்
முனிவர் செய்தான் என்று நினைத்தான்,முனிவர் என்று செய்தான் நினைத்தார்
அமுதசுரபி இருந்து பான்த்தான் ஒருசில வந்தான்,அமுதசுரபி இருந்து பார்த்தார் வந்தார்
பாட்டி காரணங்்கள் கொன்றார் முக்கியம்,பாட்டி காரணங்கள் கொன்றார் முக்கியம்
இளவரசன் உள்ள கண்டான்,இளவரசன் உள்ள கண்டான் கண்டார்
காப்பியம் பிறகு வந்தார் செய்தார்,காப்பியம் பிறகு வந்தார் செய்தார்
அரவணஅடிகள் என்று நினைத்தார் பேசினார்,அரவணஅடிகள் என்று பேசினார் நினைத்தார்
துறவி வேண்டும் தவிர்க்க,துறவி தவிர்க்க வந்தார் வேண்டும்
ஒலி மாசு பேசினான் ஆகும்,ஒலி மாசு பேசினான் ஆகும்
அரவணஅடிகள் விருப்பம் वிரும்பினான் மீது,அரவணஅடிகள் மீது वிரும்பினான் விருப்பம்
நகரம் தப்பித்தான் சிறிது பாதிப்பு சிறிது ஏற்படுத்தும்,நகரம் பாதிப்பு தப்பித்தான் ஏற்படுத்தும்
ஜாவாதீவு வந்தார் வந்தான் இருந்து,ஜாவாதீவு இருந்து வந்தான் வந்தார்
இளவரசன் காரணங்கள் தப்பித்தார் முக்கியம்,இளவரசன் காரணங்கள் தப்பித்தார் முக்கியம்
நுரையீலர் கழிவுகள் அழைத்தாள் சேர்த்தல்,நுரையீரல் கழிவுகள் அழைத்தான் சேர்த்தல்
சிலப்பதிகாரம் மீது செய்தான் விருப்பம்,சிலப்பதிகாரம் மீது செய்தான் விருப்பம்
அரசி ளஉ்ள கண்டார்,அரசி உள்ள விரும்பினார் கண்டார்
பாத்திரம் பிறகு நினைத்தார் செய்தார்,பாத்திரம் பிறகு நினைத்தார் செய்தார்
மன்னன் விரும்பினான் விருப்பம்,மன்னன் மீது விரும்பினார் விருப்பம்
தீவு மீது அழைத்தார் விருப்பம்,தீவு மீது அழைத்தார் விருப்பம்
பாட்டி ஆக அழைத்தார் மாறினார்,பாட்டி ஆக அழைத்தார் மாறினார்
புற்றுநோய் கழிவுகள் சேர்த்தல் புற்றுநோய்,புற்றுநோய் கழிவுகள் புற்றுநோய் சேர்த்தல்
மதுரை முன்பு இல் நடைபெற்றது தப்பித்தான்,மதுரை இல் தப்பித்தான் நடைபெற்றது
மதுரரை என்று பேசினார் நினைத்தார்,மதுரை என்று பேசினார் நினைத்தார்
நதி மாசு ஆகும் பயணித்தாள்,நதி மாசு பயணித்தான் ஆகும்
பாட்டி மீது மிகவும் கூறினார் விருப்பம்,பாட்டி மீது கூறினார் விருப்பம்
தெய்வம் முடித்தாார் நினைத்தார்,தெய்வம் என்று முடித்தார் நினைத்தார்
பாத்திரம் இல் சென்றார் நடைபெற்றது,பாத்திரம் இல் சென்றார் நடைபெற்றது
மணிமேலகை விளைவுகள் மறுத்தாள் உள்ளன,மணிமேகலை விளைவுகள் மறுத்தான் உள்ளன
மதுரை என்று விரும்பினாள் நினைத்தாள்,மதுரை என்று விரும்பினார் நினைத்தார்
காயசண்டிகை மற்றறும் சந்தித்தான் वிரும்பினான்,காயசண்டிகை மற்றும் वிரும்பினான் சந்தித்தார்
வித்யாதரன் இல் பேசினான் முன்பு நடைபெற்றது,வித்யாதரன் இல் பேசினான் நடைபெற்றது
வித்யாதரன் காரணங்கள் பேசினாள் முக்கியம்,வித்யாதரன் காரணங்கள் பேசினார் முக்கியம்
ஜாவாதீவு பற்றி பேசினார்,ஜாவாதீவு பார்த்தார் பற்றி பேசினார்
வெள்ளம் ஒளி கழிவுகள் சேர்த்தல்,வெள்ளம் கழிவுகள் ஒளி சேர்த்தல்
காப்பியம் என்று மறுத்தான் நினைத்தார்,காப்பியம் என்று மறுத்தான் நினைத்தார்
ஜாவாதீவு தவிர்க்க பார்த்தார் வேண்டும்,ஜாவாதீவு தவிர்க்க பார்த்தார் வேண்டும்
இந்திரன் உள்ள முடித்தான் கண்டான்,இந்திரன் உள்ள முடித்தார் கண்டார்
கோவலன் பேசினாள் செய்ய,கோவலன் சுத்தம் பேசினான் செய்ய
கோவலன் சென்றார் தீங்கு மிகவும் விளைவிக்கும்,கோவலன் தீங்கு சென்றார் விளைவிக்கும்
வித்யாதரன் மறுதத்தான் செய்தான்,வித்யாதரன் பிறகு மறுத்தார் செய்தார்
காவேரிப்பட்டினம் ஆக மிகவும் அழைத்தார் மாறினார்,காவேரிப்பட்டினம் ஆக அழைத்தார் மாறினார்
ீதவு இருந்து பேசினான் வந்தார்,தீவு இருந்து பேசினான் வந்தார்
மன்னன் நினைத்தார் செய்ய,மன்னன் சுத்தம் நினைத்தார் செய்ய
மதுரை காரணமாாக பான்த்தான் ஆனான்,மதுரை காரணமாக பார்த்தார் ஆனார்
பட்டி விளைவுகள் தப்பித்தான் உள்ளன,பாட்டி விளைவுகள் தப்பித்தான் உள்ளன
காப்பியம் பயணித்தான் உள்ள கண்டார்,காப்பியம் உள்ள பயணித்தான் கண்டார்
கோவலன் மற்றும் வந்தான் சந்தித்தார்,கோவலன் மற்றும் வந்தான் சந்தித்தார்
கோவலன் முறைககள் பேசினார் பயன்படுத்த,கோவலன் முறைகள் பேசினார் பயன்படுத்த
முனிவர் ஒருசில காரணமாக பேசினான் ஆனான்,முனிவர் காரணமாக பேசினார் ஆனார்
மன்னன் காரணமாக பயணித்தான் ஆனார்,மன்னன் காரணமாக பயணித்தான் ஆனார்
மணிப்பவளம் பின்பு வந்தான் சிறிது பற்றி பேசினார்,மணிப்பவளம் வந்தான் பற்றி பேசினார்
இளவரசன் தவிர்க்க வேண்டும்,இளவரசன் தவிர்க்க அழைத்தான் வேண்டும்
விழா மற்றும் மறுத்தார் சந்தித்தார்,விழா மற்றும் மறுத்தார் சந்தித்தார்
உதயகுமரன் விளைவுகள் உள்ளன செய்தார்,உதயகுமாரன் விளைவுகள் செய்தார் உள்ளன
மன்னன் மீது விரும்பினார் விருப்பம்,மன்னன் மீது விரும்பினார் விருப்பம்
ஒளி மாசு ஆகும்,ஒளி மாசு கடல் ஆகும்
சிலப்பதிகாரம் முறைகள் தப்பித்தார்,சிலப்பதிகாரம் முறைகள் தப்பித்தார் பயன்படுத்த
ஆபுத்திரன் மற்றும் தொடங்கினார் சந்தித்தார்,ஆபுத்திரன் மற்றும் தொடங்கினார் சந்தித்தார்
இளவரசன் தவிர்க்க ஒருசில அழைத்தான் மிகவும் வேண்டும்,இளவரசன் தவிர்க்க அழைத்தார் வேண்டும்
வஞ்சி விளைவுகள் கண்டாள் உள்ளன,வஞ்சி விளைவுகள் கண்டார் உள்ளன
வித்யாதரன் விளைவுகள் கூறினார் உள்ளன,வித்யாதரன் விளைவுகள் கூறினார் உள்ளன
மணிமேகல சென்றார் சந்தித்தார்,மணிமேகலை மற்றும் சென்றார் சந்தித்தார்
மணிமேகல விளைவுகள் பார்த்தார் உள்ளன,மணிமேகலை விளைவுகள் பார்த்தார் உள்ளன
தீவு சிறிது தப்பித்தான் தீங்கு விளைவிக்கும்,தீவு தீங்கு தப்பித்தான் விளைவிக்கும்
காப்பியம் மறுத்தான் பற்றி சிறிது பேசினான்,காப்பியம் மறுத்தான் பற்றி பேசினார்
கோவலன் வந்தான் மிகவும் தீங்கு ஒருசில விளைவிக்கும்,கோவலன் தீங்கு வந்தான் விளைவிக்கும்
வித்யாதரன் செய்தான் பேசினார் பற்றி பின்பு,வித்யாதரன் செய்தான் பற்றி பேசினார்
மாதவி காரணங்கள் முடித்தான் முக்கியம்,மாதவி காரணங்கள் முடித்தார் முக்கியம்
வாகனம் மாசு பயணித்தான் ஆுகம்,வாகனம் மாசு பயணித்தான் ஆகும்
காப்பியம் மற்றும் பேசினான் சந்தித்தான்,காப்பியம் மற்றும் பேசினார் சந்தித்தார்
வித்யாதரன் இருந்து வந்தான்,வித்யாதரன் இருந்து தப்பித்தார் வந்தார்
மணிமேகலை மீது தப்பித்தான் விருப்பம்,மணிமேகலை மீது தப்பித்தான் விருப்பம்
வித்யாதரன் பிறகு மறுத்தான் பின்பு சிறிது செய்தார்,வித்யாதரன் பிறகு மறுத்தான் செய்தார்
பாத்திரம் பாதிப்பு சிறிது பயணித்தான் ஏற்படுத்தும்,பாத்திரம் பாதிப்பு பயணித்தான் ஏற்படுத்தும்
தீவு தொடங்கினார் மாறினார்,தீவு ஆக தொடங்கினார் மாறினார்
துறவி தவிர்க்க கூறினார் வேண்டும்,துறவி தவிர்க்க கூறினார் வேண்டும்
காப்பியம் பிறு பேசினான் செய்தான்,காப்பியம் பிறகு பேசினார் செய்தார்
இளவரசன் பாதிப்பு பின்பு ஏற்படுத்தும் தப்பித்தான்,இளவரசன் பாதிப்பு தப்பித்தான் ஏற்படுத்தும்
விழா தப்பித்தான் வந்தார்,விழா இருந்து தப்பித்தான் வந்தார்
அரசி தீங்கு பேசினான் வளிைவிக்கும்,அரசி தீங்கு பேசினான் விளைவிக்கும்
இந்திரன் இல் தப்பித்தான் நடைபெற்றது,இந்திரன் இல் தப்பித்தான் நடைபெற்றது
காவேரிப்பட்டினம் காரணமாக ஆனார்,காவேரிப்பட்டினம் காரணமாக वிரும்பினான் ஆனார்
துறவி ஆக வந்தான் மாறினார்,துறவி ஆக வந்தான் மாறினார்
தெய்வம் சுத்தம் தப்பித்தான் செய்ய,தெய்வம் சுத்தம் தப்பித்தான் செய்ய
மாாதவி முைறகள் செய்தான் யன்படுத்த,மாதவி முறைகள் செய்தான் பயன்படுத்த
முனிவர் தீங்கு சென்றார் விளைவிக்கும்,முனிவர் தீங்கு சென்றார் விளைவிக்கும்
மணிமேகலை சிறிது முக்கியம் பேசினார் காரணங்கள்,மணிமேகலை காரணங்கள் பேசினார் முக்கியம்
வித்ாதரன் சில பிறகு மறுத்தான் செய்தான்,வித்யாதரன் பிறகு மறுத்தான் செய்தார்
தீவு மீது விருப்பம்,தீவு மீது தப்பித்தார் விருப்பம்
காப்பியம் ஒருசில ஆக அழைத்தார் மாறினார்,காப்பியம் ஆக அழைத்தார் மாறினார்
மன்னன் என்று வந்தான் நினைத்தார்,மன்னன் என்று வந்தான் நினைத்தார்
மன்னன் உள்ள தொடங்கினார் கண்டார்,மன்னன் உள்ள தொடங்கினார் கண்டார்
பாத்திரம் காரணமாக தப்பித்தான் ஆனார்,பாத்திரம் காரணமாக தப்பித்தான் ஆனார்
மதுரை கொன்றார் மாறினார்,மதுரை ஆக கொன்றார் மாறினார்
மாசு விவசாயம் சேர்த்தல்,மாசு கழிவுகள் விவசாயம் சேர்த்தல்
அமுதசுரபி உள்ள மறுத்தான் கண்டார்,அமுதசுரபி உள்ள மறுத்தான் கண்டார்
காவேரிப்பட்டினம் பிறகு விரும்பினார் செய்தார்,காவேரிப்பட்டினம் பிறகு விரும்பினார் செய்தார்
மன்னன் உள்ள கண்டாள் கண்டாள்,மன்னன் உள்ள கண்டான் கண்டார்
வித்யாதரன் தீங்கு தொடங்கினார் விளைவிக்கும்,வித்யாதரன் தீங்கு தொடங்கினார் விளைவிக்கும்
உதயகுமாரன் காரணங்கள் கண்டான் முக்கியம்,உதயகுமாரன் காரணங்கள் கண்டான் முக்கியம்
நகரம் காரணங்கள் தப்பித்தான் முக்கியம்,நகரம் காரணங்கள் தப்பித்தான் முக்கியம்
வஞ்சி பேசினார் பற்றி தொடங்கினார்,வஞ்சி தொடங்கினார் பற்றி பேசினார்
காயசண்டிகை அழைத்தான் மாறினார்,காயசண்டிகை ஆக அழைத்தான் மாறினார்
மன்னன் காரணங்கள் அழைத்தார் முக்கியம்,மன்னன் காரணங்கள் அழைத்தார் முக்கியம்
சுதாமதி கொன்றான் பற்றி பேசினார்,சுதாமதி கொன்றான் பற்றி பேசினார்
தீவு மற்றும் சந்தித்தார் தப்பித்தார்,தீவு மற்றும் தப்பித்தார் சந்தித்தார்
ஆபுத்திரன் ஒருசில தொடங்கினார் தீங்கு விளைவிக்கும்,ஆபுத்திரன் தீங்கு தொடங்கினார் விளைவிக்கும்
காயசண்டிகை சில மறுத்தார் சநதித்தார்,காயசண்டிகை மற்றும் மறுத்தார் சந்தித்தார்
அமுதசுரபி கொன்றான் சில பேசினார்,அமுதசுரபி கொன்றான் பற்றி பேசினார்
கடல் கழிவுகள் தொழிற்சாலை சேர்த்தல்,கடல் கழிவுகள் தொழிற்சாலை சேர்த்தல்
காயசண்டிகை ஆனான் மறுத்தான் ாகரணமாக,காயசண்டிகை காரணமாக மறுத்தான் ஆனார்
நதி மசாு சிறிது நீர ஆகும்,நதி மாசு நீர் ஆகும்
மதுரை இல் மறுத்தார் நடைபெற்றது,மதுரை இல் மறுத்தார் நடைபெற்றது
அமுதசுரபி மீது வந்தான் விருப்பம்,அமுதசுரபி மீது வந்தான் விருப்பம்
மன்னன் முறைகள் வந்தா் பயன்படுத்த,மன்னன் முறைகள் வந்தார் பயன்படுத்த
மதுரை கூறினார் செய்ய,மதுரை சுத்தம் கூறினார் செய்ய
பாட்டி ஆக பேசினார் மாறினார்,பாட்டி ஆக பேசினார் மாறினார்
உதயகுமரன் நினைத்தார் மறுத்தான் என்று,உதயகுமாரன் என்று மறுத்தான் நினைத்தார்
காவேரிப்பட்டினம் காரணங்கள் சென்றார் முக்கியம்,காவேரிப்பட்டினம் காரணங்கள் சென்றார் முக்கியம்
மன்னன் உள்ள சில கண்டார்,மன்னன் உள்ள மறுத்தான் கண்டார்
அமுதசுரபி இருந்து சில பேசினார்,அமுதசுரபி இருந்து பேசினார் வந்தார்
தெய்வம் இல் வந்தார் டநைபெற்றது,தெய்வம் இல் வந்தார் நடைபெற்றது
விழா மிகவும் பற்றி பேசினார்,விழா கூறினார் பற்றி பேசினார்
இந்திரன் உள்ள சில சென்றார் கண்டார்,இந்திரன் உள்ள சென்றார் கண்டார்
வெள்ளம் மாச ஆகும்,வெள்ளம் மாசு நீர் ஆகும்
ஆபுத்திரன் பேசினார் மிகவும் பேசினார் பற்றி,ஆபுத்திரன் பேசினார் பற்றி பேசினார்
தொழிற்சாலை சிறிது கழிவுகள் சேர்த்தல்,தொழிற்சாலை கழிவுகள் நுரையீரல் சேர்த்தல்
மணிமேகலை என்று தொடங்கினார்,மணிமேகலை என்று தொடங்கினார் நினைத்தார்
காவேரிப்பட்டினம் பேசினான் ணக்டார்,காவேரிப்பட்டினம் உள்ள பேசினான் கண்டார்
பாத்திரம் மீது மறுத்தான் விரு்பபம்,பாத்திரம் மீது மறுத்தார் விருப்பம்
இளவரசன் சுத்தம் வந்தான் செய்ய,இளவரசன் சுத்தம் வந்தான் செய்ய
மதுரை மற்றும் தொடங்கினார் சந்தித்தார்,மதுரை மற்றும் தொடங்கினார் சந்தித்தார்
கோவலன் காரணங்கள் சென்றார் முக்கியம்,கோவலன் காரணங்கள் சென்றார் முக்கியம்
அரவணஅடிகள் பாதிப்பு அழைத்தார் ஏற்படுத்தும்,அரவணஅடிகள் பாதிப்பு அழைத்தார் ஏற்படுத்தும்
துறவி காரணங்கள் முக்கியம்,துறவி காரணங்கள் वிரும்பினான் முக்கியம்
மதுரை ஆக தொடங்கினார் மாறினார்,மதுரை ஆக தொடங்கினார் மாறினார்
லஒி கழிவுகள் மாச சேர்த்தல்,ஒலி கழிவுகள் மாசு சேர்த்தல்
வஞ்சி விளைவுகள் முடித்தார் உள்ளன,வஞ்சி விளைவுகள் முடித்தார் உள்ளன
முனிவர் वிரும்பினான் பயன்படுத்த,முனிவர் முறைகள் वிரும்பினான் பயன்படுத்த
மணிமேகலை ஆக கண்டான் மறினான்,மணிமேகலை ஆக கண்டான் மாறினார்
காயசண்டிகை சிறிது சுத்தம் கூறினார் செய்ய,காயசண்டிகை சுத்தம் கூறினார் செய்ய
மாதவி உள்ள அழைத்தாள் கண்டாள்,மாதவி உள்ள அழைத்தார் கண்டார்
சிலப்பதிகாரம் ஆக அழைத்தான் மாறினார்,சிலப்பதிகாரம் ஆக அழைத்தான் மாறினார்
காயசண்டிகை தீங்கு ஒருசில விரும்பினார் விளைவிக்கும்,காயசண்டிகை தீங்கு விரும்பினார் விளைவிக்கும்
மன்னன் தவிர்க்க ஒருசில வேண்டும்,மன்னன் தவிர்க்க மறுத்தார் வேண்டும்
நகரம் இருந்து மிகவு் செய்தான் வந்தார்,நகரம் இருந்து செய்தான் வந்தார்
ஜாவாதீவு பாதிப்பு கொன்றான் ஏற்படுத்தும்,ஜாவாதீவு பாதிப்பு கொன்றான் ஏற்படுத்தும்
மணிமேகலை பிறகு கூறினார் செய்தார்,மணிமேகலை பிறகு கூறினார் செய்தார்
தெய்வம் விளைவுகள் உள்ளன கொன்றான்,தெய்வம் விளைவுகள் கொன்றான் உள்ளன
அமுதசுரி தவிர்க்க वிரும்பினான் வேண்டும்,அமுதசுரபி தவிர்க்க वிரும்பினான் வேண்டும்
அரவணஅடிகள் தீங்கு கொன்றார் விளைவிக்கும்,அரவணஅடிகள் தீங்கு கொன்றார் விளைவிக்கும்
துறவி தப்பித்தார் பற்றி பேசினார்,துறவி தப்பித்தார் பற்றி பேசினார்
மதுரை ஆக மறுத்தான் மாறினார்,மதுரை ஆக மறுத்தான் மாறினார்
மாதவி தப்பித்தான் கண்டார்,மாதவி உள்ள தப்பித்தான் கண்டார்
புற்றுநோய் மாசு தபபித்தாள் ஆகு்,புற்றுநோய் மாசு தப்பித்தான் ஆகும்
துறவி இல் மறுத்தார் நடைைபெற்றது,துறவி இல் மறுத்தார் நடைபெற்றது
சிலப்பதிகாரம் ஆக கண்டார் மாறினார்,சிலப்பதிகாரம் ஆக கண்டார் மாறினார்
மதுரை வேண்டும் சிறிது தப்பித்தார் தவிர்க்க,மதுரை தவிர்க்க தப்பித்தார் வேண்டும்
மாதவி நடைபெற்றது நினைத்தார் இல்,மாதவி இல் நினைத்தார் நடைபெற்றது
மழை கழிவுகள் சிறிது பயணித்தான் சேர்த்தல்,மழை கழிவுகள் பயணித்தான் சேர்த்தல்
தீவு அழைத்தான் நடைபெற்றது,தீவு இல் அழைத்தான் நடைபெற்றது
மாதவி மமுறைகள் விரும்பினார் பயன்படுத்த,மாதவி முறைகள் விரும்பினார் பயன்படுத்த
தெய்வம் நினைத்தான் ஏற்படுத்தும்,தெய்வம் பாதிப்பு நினைத்தார் ஏற்படுத்தும்
ஆபுத்திரன் சுத்தம் சென்றார் செய்ய,ஆபுத்திரன் சுத்தம் சென்றார் செய்ய
நீர் மாசு ஆகும் தப்்பித்தான்,நீர் மாசு தப்பித்தான் ஆகும்
காப்பியம் பிறகு மிகவும் கொன்றார் செய்தார்,காப்பியம் பிறகு கொன்றார் செய்தார்
சிலப்பதிகாரம் பாதிப்பு நினைத்தான் ஏற்படுத்தும்,சிலப்பதிகாரம் பாதிப்பு நினைத்தார் ஏற்படுத்தும்
முனிவர் பிறகு செய்தார் செயய்தார்,முனிவர் பிறகு செய்தார் செய்தார்
ஆபுத்திரன் தீங்கு தப்பித்தார் விளைவிக்கும்,ஆபுத்திரன் தீங்கு தப்பித்தார் விளைவிக்கும்
காயசண்டிகை செய்தான் மற்றும் சந்தித்தான்,காயசண்டிகை மற்றும் செய்தான் சந்தித்தார்
மணிமேகல முறைகள் நினைத்தார் பயன்படுத்த,மணிமேகலை முறைகள் நினைத்தார் பயன்படுத்த
நீர் விவசாயம் சேர்த்தல்,நீர் கழிவுகள் விவசாயம் சேர்த்தல்
மழை சேர்த்தல் வெள்ளம் கழிவுகள்,மழை கழிவுகள் வெள்ளம் சேர்த்தல்
காவேரிப்பட்டினம் முறைகள் பார்த்தார் பயன்படுத்த,காவேரிப்பட்டினம் முறைகள் பார்த்தார் பயன்படுத்த
ஆபுத்திரன் முறைகள் சில பயன்படுத்த,ஆபுத்திரன் முறைகள் செய்தார் பயன்படுத்த
வித்யாதரன் காரணங்கள் கொன்றான் முக்கியம்,வித்யாதரன் காரணங்கள் கொன்றார் முக்கியம்
தெய்வம் இல் கண்டான் நடைபெற்றது,தெய்வம் இல் கண்டான் நடைபெற்றது
சுதாமதி இல் பேசினாள் நடைபெற்றது,சுதாமதி இல் பேசினான் நடைபெற்றது
தீவு ீது செய்தான் விருப்பம்,தீவு மீது செய்தார் விருப்பம்
வஞ்சி முறைகள் மறுத்தார் பயன்படுத்த,வஞ்சி முறைகள் மறுத்தார் பயன்படுத்த
பாட்டி ஆக மாறினார்,பாட்டி ஆக நினைத்தார் மாறினார்
உதயகுமரன் முன்பு என்று தப்பித்தார் நினைத்தார்,உதயகுமாரன் என்று தப்பித்தார் நினைத்தார்
துறவி விருப்பம் மீது,துறவி மீது செய்தான் விருப்பம்
இளவரசன் அழைத்தான் ஆக மாறினான்,இளவரசன் ஆக அழைத்தார் மாறினார்
வாகனம் மாசு பயணித்தான் ஆகும்,வாகனம் மாசு பயணித்தான் ஆகும்
கோவலன் முன்பு செய்தான் மீது விரு்பபம்,கோவலன் மீது செய்தான் விருப்பம்
முனிவர் சுத்தம் ஒருசில சிறிது செய்ய,முனிவர் சுத்தம் வந்தார் செய்ய
மாதவி தீங்கு செய்தான் விளைவிக்கும்,மாதவி தீங்கு செய்தான் விளைவிக்கும்
துறவி நினைத்தான் உள்ளன,துறவி விளைவுகள் நினைத்தார் உள்ளன
சுதாமதி பாதிப்பு பயணித்தான் ஏற்படுத்தும்,சுதாமதி பாதிப்பு பயணித்தான் ஏற்படுத்தும்
இளவரசன் என்று நினைத்தார்,இளவரசன் என்று பேசினான் நினைத்தார்
விழா முறைகள் தப்பித்தாள் பயன்படுத்த,விழா முறைகள் தப்பித்தார் பயன்படுத்த
வித்யாதரன் இல் ஒஒருசில மறுத்தார் நடைபெற்றது,வித்யாதரன் இல் மறுத்தார் நடைபெற்றது
காவேரிப்பட்டினம் மற்றும் அழைத்தான் சந்தித்தான்,காவேரிப்பட்டினம் மற்றும் அழைத்தான் சந்தித்தார்
இந்திரன் என்று நினைதத்தார் அழைத்தான்,இந்திரன் என்று அழைத்தான் நினைத்தார்
வஞசி விளைவுகள் அழைத்தான் உள்ளன,வஞ்சி விளைவுகள் அழைத்தான் உள்ளன
இளவரசன் கண்டான் செய்தார்,இளவரசன் பிறகு கண்டான் செய்தார்
மாதவி வந்தான் கொன்றான் இருந்து,மாதவி இருந்து கொன்றார் வந்தார்
கடல் ஆகும் அழைத்தான் மாச,கடல் மாசு அழைத்தான் ஆகும்
தீவு தீங்கு பேசினாள் ஒருசில விளைவிக்கும்,தீவு தீங்கு பேசினான் விளைவிக்கும்
முனிவர் பாதிப்பு கூறினார் ஏற்படுத்தும்,முனிவர் பாதிப்பு கூறினார் ஏற்படுத்தும்
அரசி தவிர்க்க தப்பித்தான் வேண்டும்,அரசி தவிர்க்க தப்பித்தான் வேண்டும்
உதயகுமாரன் என்று வந்தான் நனிைத்தார்,உதயகுமாரன் என்று வந்தான் நினைத்தார்
பாட்டி நினைத்தார் சிறிது வந்தார் இருந்து,பாட்டி இருந்து நினைத்தார் வந்தார்
உதயகுமரன் மீது விருப்பம்,உதயகுமாரன் மீது கண்டான் விருப்பம்
முனிவர் இருந்து பார்த்தார் முன்பு வந்தார்,முனிவர் இருந்து பார்த்தார் வந்தார்
ஜாவாதீவு அழதை்தான் ஆக மாறினான்,ஜாவாதீவு ஆக அழைத்தார் மாறினார்
முனிவர் முறைகள் வந்தாள் பயன்படுத்த,முனிவர் முறைகள் வந்தான் பயன்படுத்த
மணிமேகலை ஏற்படுத்தும் மறுத்தார் பின்பு பாதிப்பு,மணிமேகலை பாதிப்பு மறுத்தார் ஏற்படுத்தும்
பாட்டி இருந்து அழைத்தான் வந்தார்,பாட்டி இருந்து அழைத்தான் வந்தார்
சிலப்பதிகாரம் உள்ள வந்தான் கண்டார்,சிலப்பதிகாரம் உள்ள வந்தான் கண்டார்
ஜாவாதீவு என்று அழைத்தான் நினைத்தார்,ஜாவாதீவு என்று அழைத்தான் நினைத்தார்
மழை மாசு ஆகும் காற்று,மழை மாசு காற்று ஆகும்
சுதாமதி இருந்து செெய்தான் வந்தான்,சுதாமதி இருந்து செய்தான் வந்தார்
வாகனம் கழிவுகள் மாசு சேர்த்தல்,வாகனம் கழிவுகள் மாசு சேர்த்தல்
தொழிற்சாலை சிறிது அழைத்தாள் சேர்த்தல்,தொழிற்சாலை கழிவுகள் அழைத்தான் சேர்த்தல்
மாதவி என்று वிரும்பினான் பின்பு நினைத்தார்,மாதவி என்று वிரும்பினான் நினைத்தார்
அமுதசுரபி விளைவுகள் தொடங்கினார் உள்ளன,அமுதசுரபி விளைவுகள் தொடங்கினார் உள்ளன
கோவலன் பிறகு தப்பித்தான் செய்தார்,கோவலன் பிறகு தப்பித்தான் செய்தார்
ஜாவாதீவு தீங்கு தப்பித்தான் விளைவிக்கும்,ஜாவாதீவு தீங்கு தப்பித்தான் விளைவிக்கும்
காப்பியம் காரணமாக பின்பு செய்தான் ஆனார்,காப்பியம் காரணமாக செய்தான் ஆனார்
விவசாயம் சில மாசு ஆகும்,விவசாயம் மாசு கொன்றான் ஆகும்
ஆபுத்ததிரன் தவிர்க்க மறுத்தான் வேண்டும்,ஆபுத்திரன் தவிர்க்க மறுத்தான் வேண்டும்
ஆபுத்திரன் என்று விரும்பினார் நினைத்தார்,ஆபுத்திரன் என்று விரும்பினார் நினைத்தார்
தெய்வம் முடித்தான் வேண்டும்,தெய்வம் தவிர்க்க முடித்தார் வேண்டும்
ஜாவாதீவு விளைவுகள் வந்தார் உள்ளன,ஜாவாதீவு விளைவுகள் வந்தார் உள்ளன
துறவி காரணமாக தப்பித்தார் ஆனார்,துறவி காரணமாக தப்பித்தார் ஆனார்
வித்யாதரன் பிறகு தப்பித்தான் செய்தார்,வித்யாதரன் பிறகு தப்பித்தான் செய்தார்
காயசண்டிகை உள்ள கண்டான்,காயசண்டிகை உள்ள விரும்பினார் கண்டார்
மணிமேகலை பின்பு விளைவுகள் வந்தான் உள்ளன,மணிமேகலை விளைவுகள் வந்தான் உள்ளன
தெய்வம் என்று நினைத்தார்,தெய்வம் என்று தப்பித்தார் நினைத்தார்
வித்யாதரன் சிறிது சய்தார் கொன்றார் பிறகு,வித்யாதரன் பிறகு கொன்றார் செய்தார்
கோவலன் இருந்து பார்த்தார் வந்தார்,கோவலன் இருந்து பார்த்தார் வந்தார்
சுதாமதி கண்டார் பற்றி பேசினார்,சுதாமதி கண்டார் பற்றி பேசினார்
நகரம் ஒருசில வந்தார் வந்தார்,நகரம் இருந்து வந்தார் வந்தார்
மணிப்பவளம் இருந்து தப்பித்தார் வந்தார்,மணிப்பவளம் இருந்து தப்பித்தார் வந்தார்
மணிப்பவளம் தவிர்க்க கண்டார் வேண்டும்,மணிப்பவளம் தவிர்க்க கண்டார் வேண்டும்
அரவணடஅிகள் ஆக மமாறினார்,அரவணஅடிகள் ஆக பேசினார் மாறினார்
வித்யாதரன் பான்த்தான் உள்ளன,வித்யாதரன் விளைவுகள் பார்த்தார் உள்ளன
துறவி இருந்து ஒருசில பேசினான் வந்தார்,துறவி இருந்து பேசினான் வந்தார்
தெய்வம் மீது பேசினார் மிகவும் விருப்பம்,தெய்வம் மீது பேசினார் விருப்பம்
அரசி தீங்கு மறுத்தான் விளைவிக்கும்,அரசி தீங்கு மறுத்தான் விளைவிக்கும்
கழிவு செய்தாள் கழிவுகள் சேர்த்தல்,கழிவு கழிவுகள் செய்தான் சேர்த்தல்
கடலல் கழிவுகள் மாச சேர்த்தல்,கடல் கழிவுகள் மாசு சேர்த்தல்
காவேரிப்பட்டினம் முறைகள் பயணித்தான் பயன்படுத்த,காவேரிப்பட்டினம் முறைகள் பயணித்தான் பயன்படுத்த
தீவு இல் தொடங்கினார் நடைபெற்றது,தீவு இல் தொடங்கினார் நடைபெற்றது
தெய்வம் தீங்கு அழைத்தான் விளைவிக்கும்,தெய்வம் தீங்கு அழைத்தான் விளைவிக்கும்
முனிவர் நடைபெற்றது கொன்றான் இல்,முனிவர் இல் கொன்றான் நடைபெற்றது
தீீவு தீங்கு பான்த்தான் விளைவிக்கும்,தீவு தீங்கு பார்த்தார் விளைவிக்கும்
மாதவி மறற்றும் சந்தித்தார்,மாதவி மற்றும் அழைத்தான் சந்தித்தார்
அமுதசுரபி விரும்பினார் சுத்தம் செய்ய,அமுதசுரபி சுத்தம் விரும்பினார் செய்ய
அமுதசுரபி என்று செய்தான் நினைத்தான்,அமுதசுரபி என்று செய்தார் நினைத்தார்
அமுதசுரபி விளைவுகள் கண்டான் உள்ளன,அமுதசுரபி விளைவுகள் கண்டான் உள்ளன
துறவி செய்ய முடித்தான் சுத்தம்,துறவி சுத்தம் முடித்தார் செய்ய
இந்திரன் செய்தார் நடைபெற்றது,இந்திரன் இல் செய்தார் நடைபெற்றது
பாட்டி காரணமாக தப்பித்தார் ஆனார்,பாட்டி காரணமாக தப்பித்தார் ஆனார்
விவசசாயம் மாச ஆகும் நுரையீரல்,விவசாயம் மாசு நுரையீரல் ஆகும்
விவசாயம் கழிவுகள் சேர்த்தல் புற்றுநோய்,விவசாயம் கழிவுகள் புற்றுநோய் சேர்த்தல்
மாதவி பற்றி மறுத்தான் பேசினார்,மாதவி மறுத்தான் பற்றி பேசினார்
நீர் நில ேசர்த்தல் கழிவுகள்,நீர் கழிவுகள் நில சேர்த்தல்
மணிமேகலை பாதிப்பு தப்பித்தான் ஏற்படுத்தும்,மணிமேகலை பாதிப்பு தப்பித்தான் ஏற்படுத்தும்
மன்னன் மீது கண்டான் விருப்பம்,மன்னன் மீது கண்டான் விருப்பம்
பாத்திரம் வந்தாள் விளைவிக்கும்,பாத்திரம் தீங்கு வந்தான் விளைவிக்கும்
மன்னன் சென்றார் முன்பு இல் நடைபெற்றது,மன்னன் இல் சென்றார் நடைபெற்றது
துறவி தவிர்க்க வேண்டும் பயணித்தான்,துறவி தவிர்க்க பயணித்தான் வேண்டும்
ஆபுத்திரன் கொன்றான் சில நினைத்தார்,ஆபுத்திரன் என்று கொன்றான் நினைத்தார்
விழா தவிர்க்க கண்டான் வேண்டும்,விழா தவிர்க்க கண்டான் வேண்டும்
அரசி பாதிப்பு பார்த்தார் முன்பு ஏற்படுத்தும்,அரசி பாதிப்பு பார்த்தார் ஏற்படுத்தும்
நகரம் ஆனார் கண்டான் காரணமாக,நகரம் காரணமாக கண்டான் ஆனார்
இந்திரன் ஆக செய்தான் மாறினார்,இந்திரன் ஆக செய்தான் மாறினார்
காயசண்டிகை காரணங்கள் விரும்பினான் முக்கியம்,காயசண்டிகை காரணங்கள் விரும்பினார் முக்கியம்
நகரம் பின்பு பேசினார் பற்றி பேசினார்,நகரம் பேசினார் பற்றி பேசினார்
மணிப்பவளம் காரணங்கள் பேசினார் சில முக்கியம்,மணிப்பவளம் காரணங்கள் பேசினார் முக்கியம்
இளவரசன் கூறினார் நினைத்தார்,இளவரசன் என்று கூறினார் நினைத்தார்
மணிமேகலை பேசினார் நினைத்தார்,மணிமேகலை என்று பேசினார் நினைத்தார்
காப்பிய் இருந்து வந்தான் வந்தான்,காப்பியம் இருந்து வந்தான் வந்தார்
புற்றுநோய் முன்பு கழிவுகள் சேர்த்தல் கொன்றான்,புற்றுநோய் கழிவுகள் கொன்றான் சேர்த்தல்
மன்னன் இருந்து செய்தான் வந்தார்,மன்னன் இருந்து செய்தான் வந்தார்
விழா பிறகு தொடங்கினார் செய்தார்,விழா பிறகு தொடங்கினார் செய்தார்
இந்திரன் மீது நினைத்தார் விருப்பம்,இந்திரன் மீது நினைத்தார் விருப்பம்
இளவரசன் விளைவுகள் உள்ளன,இளவரசன் விளைவுகள் கண்டார் உள்ளன
தெய்வம் காரணங்கள் சிறிது வந்தார் முக்கியம்,தெய்வம் காரணங்கள் வந்தார் முக்கியம்
விவசாயம் சிறிது கழிவுகள் அழைத்தாள் சேரத்்தல்,விவசாயம் கழிவுகள் அழைத்தான் சேர்த்தல்
உதயகுமரன் காரணங்கள் சென்றான் முக்கியம்,உதயகுமாரன் காரணங்கள் சென்றார் முக்கியம்
நீர் கழிவுகள் ஒளி சேர்த்தல்,நீர் கழிவுகள் ஒளி சேர்த்தல்
காயசண்டிகை இருந்து வந்தான் வந்தார்,காயசண்டிகை இருந்து வந்தான் வந்தார்
சுதாமதி பின்பு ஆனார்,சுதாமதி காரணமாக வந்தான் ஆனார்
நுரையீரல் மாசு பேசினாள் ஆகும்,நுரையீரல் மாசு பேசினான் ஆகும்
கரம் ஆக தொடங்கினார் மாறினார்,நகரம் ஆக தொடங்கினார் மாறினார்
மாதவி தீங்கு வந்தார் விளைவிக்கும்,மாதவி தீங்கு வந்தார் விளைவிக்கும்
இந்திரன் தீங்கு கூறினார் விளைவிக்கும்,இந்திரன் தீங்கு கூறினார் விளைவிக்கும்
மதுரை முறைகள் கொன்றார் பயன்படுத்த,மதுரை முறைகள் கொன்றார் பயன்படுத்த
அரசி இருந்்து அழைத்தார் வந்தார்,அரசி இருந்து அழைத்தார் வந்தார்
மாச மாசு கடல் ஆகும்,மாசு மாசு கடல் ஆகும்
மணிப்பவவளம் அழைத்தான் நடைபெற்றது,மணிப்பவளம் இல் அழைத்தான் நடைபெற்றது
மாதவி விளைவுகள் தொடங்கினார் உள்ளன,மாதவி விளைவுகள் தொடங்கினார் உள்ளன
இந்திரன் தவிர்க்க செய்தாள் வேண்டும்,இந்திரன் தவிர்க்க செய்தார் வேண்டும்
அரசி பிறகு பேசினார் செய்தார்,அரசி பிறகு பேசினார் செய்தார்
ஆபுத்திரன் பிறகு மறுத்தான் செய்தான்,ஆபுத்திரன் பிறகு மறுத்தான் செய்தார்
ஜாவாதீவு எனற்ு தப்பித்தார் நினைத்தார்,ஜாவாதீவு என்று தப்பித்தார் நினைத்தார்
கோவலன் வந்தார் வந்தார்,கோவலன் இருந்து வந்தார் வந்தார்
நகரம் தப்பித்தார் மாறினார்,நகரம் ஆக தப்பித்தார் மாறினார்
சுதாமதி பயணித்தான் ஆனான் காரணமாக,சுதாமதி காரணமாக பயணித்தான் ஆனார்
மாதவி செய்தார் பயன்படுதத்த,மாதவி முறைகள் செய்தார் பயன்படுத்த
மதுரை உ்ள வந்தான் சில கண்டார்,மதுரை உள்ள வந்தான் கண்டார்
இளவரசன் முக்கியம் அழைத்தான் காரணங்கள்,இளவரசன் காரணங்கள் அழைத்தான் முக்கியம்
காப்பியம் செய்தான் விருப்பம்,காப்பியம் மீது செய்தான் விருப்பம்
சிலப்பதிகாரம் கண்டான் ஏற்படுத்தும்,சிலப்பதிகாரம் பாதிப்பு கண்டான் ஏற்படுத்தும்
மணிப்பவளம் இல் அழை்தான் நடைபெற்றது,மணிப்பவளம் இல் அழைத்தான் நடைபெற்றது
உதயகுமரன் மற்றும் பேசினான் சந்தித்தார்,உதயகுமாரன் மற்றும் பேசினான் சந்தித்தார்
விவசாயம் மிகவும் மாச மாசு ஆகும்,விவசாயம் மாசு மாசு ஆகும்
கடல் கழிவுகள் சேர்த்தல்,கடல் கழிவுகள் ஒலி சேர்த்தல்
வஞ்சி சில இருந்து சென்றான் வந்தான்,வஞ்சி இருந்து சென்றார் வந்தார்
பாட்டி மற்றும் வந்தார் ுன்்பு சந்தித்தார்,பாட்டி மற்றும் வந்தார் சந்தித்தார்
வித்யாதரன் காரணமாக பின்பு தொடங்கினான் ஆனான்,வித்யாதரன் காரணமாக தொடங்கினார் ஆனார்
சிலப்பதிகாரம் ஆக செய்தான் மாறினாார்,சிலப்பதிகாரம் ஆக செய்தான் மாறினார்
காவேரிப்பட்டினம் ஆக பாள்த்தாள் மாறினாள்,காவேரிப்பட்டினம் ஆக பார்த்தார் மாறினார்
பாட்டி காரணங்கள் பேசினான் முக்கியம்,பாட்டி காரணங்கள் பேசினான் முக்கியம்
காேவரிப்பட்டினம் மமற்றும் கொன்றான் சந்தித்தார்,காவேரிப்பட்டினம் மற்றும் கொன்றான் சந்தித்தார்
ததீவு பிறகு செய்தார் செய்தார்,தீவு பிறகு செய்தார் செய்தார்
அமுதசுரபி இருந்து பேசினான் வந்தார்,அமுதசுரபி இருந்து பேசினான் வந்தார்
காப்பியம் தவிர்க்க செய்தான் வேண்டும்,காப்பியம் தவிர்க்க செய்தார் வேண்டும்
தெய்வம் இல் தப்பித்தார் நடைபெற்றது,தெய்வம் இல் தப்பித்தார் நடைபெற்றது
மணிமேகலை அழைத்தான் பற்றி பேசினார்,மணிமேகலை அழைத்தான் பற்றி பேசினார்
பாத்திரம் எஎன்று செய்தார் நினைத்தார்,பாத்திரம் என்று செய்தார் நினைத்தார்
காயசண்டிகை பேசினாள் ஆக மாறினாள்,காயசண்டிகை ஆக பேசினான் மாறினார்
பாட்டி தீங்கு கண்டான் விளைிக்கும்,பாட்டி தீங்கு கண்டான் விளைவிக்கும்
நீர சேர்த்தல் वிரும்பினான் கழிவுகள்,நீர் கழிவுகள் वிரும்பினான் சேர்த்தல்
சுத்தம் மாசு புற்றுநோய் ஆகும்,சுத்தம் மாசு புற்றுநோய் ஆகும்
துறவி மீது கூறினார் முன்பு விருப்பம்,துறவி மீது கூறினார் விருப்பம்
பாட்டி என்று முன்பு மறுத்தான் நினைத்தான்,பாட்டி என்று மறுத்தான் நினைத்தார்
ஜாவாதீவு பாதிப்பு தொடங்கினார் முன்பு ஏற்படுத்தும்,ஜாவாதீவு பாதிப்பு தொடங்கினார் ஏற்படுத்தும்
அரசி சுத்தம் செய்ய பின்பு செய்தான்,அரசி சுத்தம் செய்தார் செய்ய
இளவரசன் சில என்று முடித்தார் நினைததார்,இளவரசன் என்று முடித்தார் நினைத்தார்
மதுரை காரணமாக கூறினார் ஆனார்,மதுரை காரணமாக கூறினார் ஆனார்
வெள்ளம் மாசு காற்று ஆகும்,வெள்ளம் மாசு காற்று ஆகும்
காப்பியம் கண்டான் மாறினார்,காப்பியம் ஆக கண்டான் மாறினார்
தீவு என்று நினைத்தார் நினைத்தார்,தீவு என்று நினைத்தார் நினைத்தார்
மதுுரை விளைவுகள் உள்ளன,மதுரை விளைவுகள் தொடங்கினார் உள்ளன
வித்யாதரன் மீது விருப்பம் கூறினார்,வித்யாதரன் மீது கூறினார் விருப்பம்
மன்னன் சுத்தம் பேசினான் செய்ய,மன்னன் சுத்தம் பேசினான் செய்ய
பாத்திரம் பார்த்தார் கண்டார் பின்பு உள்ள,பாத்திரம் உள்ள பார்த்தார் கண்டார்
தெய்வம் என்று பார்த்தார் நினைத்தார்,தெய்வம் என்று பார்த்தார் நினைத்தார்
காப்பியம் தவிர்க்க வேண்டும்,காப்பியம் தவிர்க்க பேசினார் வேண்டும்
தீவு இருந்து பேசினான் வந்தான்,தீவு இருந்து பேசினார் வந்தார்
அரவணடிகள் பாதிப்பு அழைத்தான் ஏற்படுத்தும்,அரவணஅடிகள் பாதிப்பு அழைத்தான் ஏற்படுத்தும்
கோவலனன் தவிர்க்க பாள்த்தாள் வேண்டும்,கோவலன் தவிர்க்க பார்த்தார் வேண்டும்
முனிவர் உள்ள முடித்தார் கண்டார்,முனிவர் உள்ள முடித்தார் கண்டார்
ஆபுத்திரன் செய்தார் மீது விருப்பம்,ஆபுத்திரன் மீது செய்தார் விருப்பம்
மதுரை ஆக வந்ான் மாறினார்,மதுரை ஆக வந்தான் மாறினார்
நீர் செய்தான் சேர்த்தல்,நீர் கழிவுகள் செய்தான் சேர்த்தல்
மழை மாசு விவசாயம் ஆகும்,மழை மாசு விவசாயம் ஆகும்
ஜவாதீவு ஆக மாறினார்,ஜாவாதீவு ஆக பார்த்தார் மாறினார்
சுதாமதி என்று மறுத்தான் நினைத்தார்,சுதாமதி என்று மறுத்தான் நினைத்தார்
தெய்வம் என்று நினைத்தார் மறுத்தான்,தெய்வம் என்று மறுத்தான் நினைத்தார்
விழா இருந்து அழைத்தான் வந்தார்,விழா இருந்து அழைத்தான் வந்தார்
பாத்திரம் உள்ள மறுத்தார் கண்டார்,பாத்திரம் உள்ள மறுத்தார் கண்டார்
கோவலன் கண்டான் பின்பு பற்றி பேசினார்,கோவலன் கண்டான் பற்றி பேசினார்
மதுரை சிறிது கூறினார் பற்றி பேசினார்,மதுரை கூறினார் பற்றி பேசினார்
அரவணஅடிகள் உள்ள தொடங்கினார் கண்டர்,அரவணஅடிகள் உள்ள தொடங்கினார் கண்டார்
உதயயகுமாரன் நடைபெற்றது மறுத்தான் இல்,உதயகுமாரன் இல் மறுத்தான் நடைபெற்றது
நில கழிவுகள் ஒலலி சேர்த்தல்,நில கழிவுகள் ஒலி சேர்த்தல்
அரசி விளைவிக்கும் கூறினார் தீங்கு,அரசி தீங்கு கூறினார் விளைவிக்கும்
கோவலன் பிறகு செய்தார்,கோவலன் பிறகு மறுத்தான் செய்தார்
தெய்வம் பிறகு சென்றார் செய்தார்,தெய்வம் பிறகு சென்றார் செய்தார்
அமுதசுரபி ஒருசில ஒருசில கூறினார் காரணங்கள் முக்கியம்,அமுதசுரபி காரணங்கள் கூறினார் முக்கியம்
தெய்வம் சுத்தம் கண்டான் செய்ய,தெய்வம் சுத்தம் கண்டான் செய்ய
அமுதசுரபி காரணமாக வந்தார் ஆனார்,அமுதசுரபி காரணமாக வந்தார் ஆனார்
மதுரை மற்றும் சந்தித்தார் மறுத்தார்,மதுரை மற்றும் மறுத்தார் சந்தித்தார்
சுத்தம் கழிவுகள் வாகனம் சேர்த்தல்,சுத்தம் கழிவுகள் வாகனம் சேர்த்தல்
காப்பியம் மறுத்தார் செய்ய,காப்பியம் சுத்தம் மறுத்தார் செய்ய
சுதாதி மிகவும் அழைத்தான் காரணங்கள் முக்கியம்,சுதாமதி காரணங்கள் அழைத்தான் முக்கியம்
உதயகுமாரன் தீங்கு விளைவிக்கும் முடித்தாள்,உதயகுமாரன் தீங்கு முடித்தார் விளைவிக்கும்
துறவி மற்றும் ஒருசில கொன்றான் சந்தித்தார்,துறவி மற்றும் கொன்றான் சந்தித்தார்
ஜாவாதீவு நடைபெற்றது இல்,ஜாவாதீவு இல் பயணித்தான் நடைபெற்றது
ஜாவாதீவு சென்றார் முன்பு உள்ளளன,ஜாவாதீவு விளைவுகள் சென்றார் உள்ளன
விழா பயன்படுத்த தப்பித்தார் முறைகள்,விழா முறைகள் தப்பித்தார் பயன்படுத்த
இந்திரன் பேசினான் மாறினான்,இந்திரன் ஆக பேசினார் மாறினார்
காவேரிப்பட்டினம் காரரணங்கள் தொட்கினான் முக்கியம்,காவேரிப்பட்டினம் காரணங்கள் தொடங்கினார் முக்கியம்
தெய்வம் நினைத்தார் சென்றார் என்று,தெய்வம் என்று சென்றார் நினைத்தார்
அரவணஅடிகள் ஒருசில அழைத்தான் சந்தித்தான்,அரவணஅடிகள் மற்றும் அழைத்தான் சந்தித்தார்
பாட்டி சுத்தம் தப்பித்தார் செய்ய,பாட்டி சுத்தம் தப்பித்தார் செய்ய
நகரம் காரணமாக பேசினான் ஆனா்,நகரம் காரணமாக பேசினான் ஆனார்
பாட்டி மற்றும் மறுத்தார் சந்தித்தார்,பாட்டி மற்றும் மறுத்தார் சந்தித்தார்
கோவலன் கொன்றான் சுத்தம் செய்ய மிகவும்,கோவலன் சுத்தம் கொன்றான் செய்ய
அரசி காரணமாக கொன்றார் ஆனார்,அரசி காரணமாக கொன்றார் ஆனார்
ததீவு நினைத்தான் பற்றி பேசினான்,தீவு நினைத்தார் பற்றி பேசினார்
மணிமேகலை காரணமாக செய்தான் ஆனார்,மணிமேகலை காரணமாக செய்தான் ஆனார்
மதுரை ஆக பேசினான் மாறினார்,மதுரை ஆக பேசினான் மாறினார்
தெய்வம் சிறிது காரணங்கள் பேசினாள் முக்கியம்,தெய்வம் காரணங்கள் பேசினார் முக்கியம்
மாதவி மீது கண்டார் விருப்பம்,மாதவி மீது கண்டார் விருப்பம்
காயசண்டிகை பிறகு வந்தார் செய்தார்,காயசண்டிகை பிறகு வந்தார் செய்தார்
மணிப்பவளம் பேசினார் பயன்படுத்த,மணிப்பவளம் முறைகள் பேசினார் பயன்படுத்த
ஜஜாவாதீவு பாதிப்பு அழைத்தான் ஏற்படடுத்தும்,ஜாவாதீவு பாதிப்பு அழைத்தான் ஏற்படுத்தும்
மழை கழிவுகள் மறுத்தான் மிகவும் சேர்த்தல்,மழை கழிவுகள் மறுத்தான் சேர்த்தல்
அஅரசி காரணமாக தப்பித்தான் ஆனான்,அரசி காரணமாக தப்பித்தார் ஆனார்
இந்திரன் இல் தப்பித்தார் நடைபெற்றது,இந்திரன் இல் தப்பித்தார் நடைபெற்றது
முனிவர் இருந்து வந்தார் முடித்தார்,முனிவர் இருந்து முடித்தார் வந்தார்
மன்னன் இல் பேசினான் நடைபெற்றது,மன்னன் இல் பேசினான் நடைபெற்றது
இந்திரன் தவிர்க்க சில கண்டான் வேண்டும்,இந்திரன் தவிர்க்க கண்டான் வேண்டும்
நகரம் என்று நினைத்தார்,நகரம் என்று மறுத்தான் நினைத்தார்
மணிமேகலை वிரும்பினான் ஒருசில மாறினார்,மணிமேகலை ஆக वிரும்பினான் மாறினார்
சிலப்பதிகாரம் பேசினான் கண்டார்,சிலப்பதிகாரம் உள்ள பேசினான் கண்டார்
காவேரிப்பட்டினம் காரணங்கள் முக்கியம்,காவேரிப்பட்டினம் காரணங்கள் தப்பித்தான் முக்கியம்
நுரையீரல் கழிவுகள் ஒளி சேர்த்தல்,நுரையீரல் கழிவுகள் ஒளி சேர்த்தல்
வஞ்சி அழைத்தான் பற்றி பின்பு பேசசினார்,வஞ்சி அழைத்தான் பற்றி பேசினார்
மாதவி சிறிது என்று சயெ்தார் பின்பு நினைத்தார்,மாதவி என்று செய்தார் நினைத்தார்
ிழா கண்டார் இல் நடைபெற்றது,விழா இல் கண்டார் நடைபெற்றது
விழா மிகவும் விளைவுகள் கூறினார் உள்ளன,விழா விளைவுகள் கூறினார் உள்ளன
துறவி ஆக வந்தான் மாறினார்,துறவி ஆக வந்தான் மாறினார்
பாட்டி காரணமாக ஆனனான்,பாட்டி காரணமாக செய்தார் ஆனார்
காப்பியம் இல் நடைபெற்றது,காப்பியம் இல் செய்தான் நடைபெற்றது
கோவலன் காரணங்கள் கொன்றான் முக்கியம்,கோவலன் காரணங்கள் கொன்றான் முக்கியம்
இளவரசன் இல் நடைபெற்றது,இளவரசன் இல் தப்பித்தார் நடைபெற்றது
மதுரை என்று மிகவும் மறுத்தான் நினைத்தார்,மதுரை என்று மறுத்தான் நினைத்தார்
காயசண்டிகை தவிர்க்க சில கூறினார் வேண்டும்,காயசண்டிகை தவிர்க்க கூறினார் வேண்டும்
ஜாவாதீவு தீங்கு முடித்தார் விளைவிக்கும்,ஜாவாதீவு தீங்கு முடித்தார் விளைவிக்கும்
மதுரை பேசினான் பற்றி பேசினார்,மதுரை பேசினான் பற்றி பேசினார்
காயசண்டிகை ஆக கண்டான் மாறினான்,காயசண்டிகை ஆக கண்டார் மாறினார்
நதி கழிவுகள் மறுத்தான் சேர்த்தல்,நதி கழிவுகள் மறுத்தான் சேர்த்தல்
அரசி என்று செய்தான் நினைத்தான்,அரசி என்று செய்தான் நினைத்தார்
மணிப்பவளம் காரணமாக மறுத்தான் ஆனார்,மணிப்பவளம் காரணமாக மறுத்தான் ஆனார்
சுதமதி காரணமாக கண்டான் ஆனார்,சுதாமதி காரணமாக கண்டான் ஆனார்
வித்யாதரன் பேசினான் முக்கியம்,வித்யாதரன் காரணங்கள் பேசினான் முக்கியம்
அரசி முறைகள் கூறினார் பயன்படுத்த,அரசி முறைகள் கூறினார் பயன்படுத்த
நில மாசு वிரும்பினான் ஆகும்,நில மாசு वிரும்பினான் ஆகும்
மணிமேகல உள்ள பயணித்தான் கண்டார்,மணிமேகலை உள்ள பயணித்தான் கண்டார்
ஆபுத்திரன் என்று கூறினார் நினைத்ததார்,ஆபுத்திரன் என்று கூறினார் நினைத்தார்
துறவி சென்றார் மிகவும் பற்றி பேசினார்,துறவி சென்றார் பற்றி பேசினார்
சிப்பதிகாரம் தப்பித்தான் பின்பு பேசினார்,சிலப்பதிகாரம் தப்பித்தான் பற்றி பேசினார்
சிலப்பதிகாரம் தவிர்க்க वிரும்பினான் வேண்டும்,சிலப்பதிகாரம் தவிர்க்க वிரும்பினான் வேண்டும்
ஒளி கழிவுகள் பேசினான் பின்பு சேர்த்தல்,ஒளி கழிவுகள் பேசினான் சேர்த்தல்
கோவலன் ஏற்்படுத்தும் பேசினான் பாதிப்பு,கோவலன் பாதிப்பு பேசினான் ஏற்படுத்தும்
கடல் கழிவுகள் கடல் சேர்த்தல்,கடல் கழிவுகள் கடல் சேர்த்தல்
நகரம் ஆனார் விரும்பினார் காரணமாக,நகரம் காரணமாக விரும்பினார் ஆனார்
பாத்திரம் இருந்து கொன்றார் வந்தார்,பாத்திரம் இருந்து கொன்றார் வந்தார்
இளவரசன் மற்றும் சந்தித்தாள்,இளவரசன் மற்றும் தொடங்கினார் சந்தித்தார்
நகரம் பாதிப்பு கண்டார் ஏற்படுத்தும்,நகரம் பாதிப்பு கண்டார் ஏற்படுத்தும்
மணிமேகலை பிறகு செய்தார்,மணிமேகலை பிறகு கண்டான் செய்தார்
மன்னன் வந்தார் முறத்தார் ஒருசில இருந்து,மன்னன் இருந்து மறுத்தார் வந்தார்
துறவி சுத்தம் செய்தார் செய்ய,துறவி சுத்தம் செய்தார் செய்ய
துறவி உள்ள கண்டான் கண்டார்,துறவி உள்ள கண்டான் கண்டார்
சிலப்பதிகாரம் மீது விரும்பினார் விருப்பம்,சிலப்பதிகாரம் மீது விரும்பினார் விருப்பம்
அமுதசுரபி மறுத்தாள் இல் நடைபெற்றது,அமுதசுரபி இல் மறுத்தான் நடைபெற்றது
துறவி ஆக செ்யதான் மாறினார்,துறவி ஆக செய்தான் மாறினார்
காயசண்டிகை சுத்தம் வந்தார் செய்ய,காயசண்டிகை சுத்தம் வந்தார் செய்ய
விழா பேசினார் ஏற்படுத்தும்,விழா பாதிப்பு பேசினார் ஏற்படுத்தும்
கடல் மாசு விவசாயம் சில ஆகும்,கடல் மாசு விவசாயம் ஆகும்
உதயகுமரன் ஆக தப்பித்தார் மாறிானர்,உதயகுமாரன் ஆக தப்பித்தார் மாறினார்
விழா மிகவும் மீீது செய்தான் விருப்பம்,விழா மீது செய்தான் விருப்பம்
வித்யாதரன் என்று கண்டார் நினைத்தார்,வித்யாதரன் என்று கண்டார் நினைத்தார்
துறவவி உள்ள கொன்றானன் கண்டார்,துறவி உள்ள கொன்றான் கண்டார்
அரவணஅடிகள் காரணமாக वிரும்பினான் ஆனார்,அரவணஅடிகள் காரணமாக वிரும்பினான் ஆனார்
நதி கழிவுகள் மழை சேர்த்தல்,நதி கழிவுகள் மழை சேர்த்தல்
முனிவர் वிரும்பினான் மற்றும் சந்தித்தார்,முனிவர் மற்றும் वிரும்பினான் சந்தித்தார்
காவேரிப்பட்டினம் கூறினான் பற்றி பேசினான்,காவேரிப்பட்டினம் கூறினார் பற்றி பேசினார்
வஞ்சி முறைகள் வந்தார் பயன்படுத்த,வஞ்சி முறைகள் வந்தார் பயன்படுத்த
காயசண்டிகை செய்தான் பற்றி பேசினான்,காயசண்டிகை செய்தார் பற்றி பேசினார்
பாட்டி மீது நினைத்தான் விருப்பம்,பாட்டி மீது நினைத்தார் விருப்பம்
பாத்திரம் காரணமாக கொன்றான் ஆனான்,பாத்திரம் காரணமாக கொன்றான் ஆனார்
முனிவர் மற்றும் பேசினார் சந்தித்தார்,முனிவர் மற்றும் பேசினார் சந்தித்தார்
நீ் கழிவுகள் சேர்த்லத்,நீர் கழிவுகள் புற்றுநோய் சேர்த்தல்
காப்பியம் தவிர்க்க ேவண்டும் கொன்றார் மிகவும்,காப்பியம் தவிர்க்க கொன்றார் வேண்டும்
வஞ்சி சுத்தம் கொன்றார் சில செய்ய,வஞ்சி சுத்தம் கொன்றார் செய்ய
காயசண்டிகை இல் கொன்றார் நடைபெற்றது,காயசண்டிகை இல் கொன்றார் நடைபெற்றது
முனிவர் பற்றி பேசினார்,முனிவர் அழைத்தார் பற்றி பேசினார்
அமுதசுரபி சில மீது கொன்றான் விருப்பம்,அமுதசுரபி மீது கொன்றார் விருப்பம்
பாட்டி முடித்தார் தவவிர்க்க வேண்டும்,பாட்டி தவிர்க்க முடித்தார் வேண்டும்
மதுரை முன்பு இல் பேசினான் நடைபெற்றது,மதுரை இல் பேசினான் நடைபெற்றது
அரவணஅடிகள் காரணங்கள் கண்டான் முக்கியம்,அரவணஅடிகள் காரணங்கள் கண்டான் முக்கியம்
இந்திரன் வளிைவுகள் செய்தார் உ்ளளன,இந்திரன் விளைவுகள் செய்தார் உள்ளன
நகரம் விளைவுகள் மறுத்தான் உள்ளன,நகரம் விளைவுகள் மறுத்தான் உள்ளன
காற்று கழிவுகள் வெள்ளம் சேர்த்தல்,காற்று கழிவுகள் வெள்ளம் சேர்த்தல்
தீவு பிறகு பேசினான் செய்தார்,தீவு பிறகு பேசினான் செய்தார்
புற்றுநோய் கழிவுகள் சேர்த்தல்,புற்றுநோய் கழிவுகள் வந்தான் சேர்த்தல்
காப்பியம் தவிர்க்க கண்டான் வேண்டும்,காப்பியம் தவிர்க்க கண்டார் வேண்டும்
நகரம் சுத்தம் பேசினார் செய்ய,நகரம் சுத்தம் பேசினார் செய்ய
நதி கழிவுகள் மழை சேர்த்தல்,நதி கழிவுகள் மழை சேர்த்தல்
அரசி முடித்தான் பற்றி பேசினான்,அரசி முடித்தார் பற்றி பேசினார்
மணிமேகலை உள்ளன वிரும்பினாான் விளைவுகள்,மணிமேகலை விளைவுகள் वிரும்பினான் உள்ளன
வெள்ளம் மாசு செய்தான் ஆகுமம்,வெள்ளம் மாசு செய்தான் ஆகும்
மழை முன்பு கழிவுகள் காற்று சேர்த்தல்,மழை கழிவுகள் காற்று சேர்த்தல்
காவேரிப்பட்டினம் தீங்கு விரும்பினாள் மிகவும் விளைவிக்கும்,காவேரிப்பட்டினம் தீங்கு விரும்பினார் விளைவிக்கும்
விழா இல் சில நடைபெற்றது,விழா இல் பயணித்தான் நடைபெற்றது
இளவரசன் காரணங்கள் பான்த்தான் முக்கியம்,இளவரசன் காரணங்கள் பார்த்தார் முக்கியம்
வெள்ளம் ஆகும் மாசு மாசு,வெள்ளம் மாசு மாசு ஆகும்
மன்னன் பேசினார் கண்டார்,மன்னன் உள்ள பேசினார் கண்டார்
வஞ்சி மற்றும் நினைத்தார் சந்தித்தார்,வஞ்சி மற்றும் நினைத்தார் சந்தித்தார்
முனிவர் காரணங்கள் முன்பு பேசினார் முக்கியம்,முனிவர் காரணங்கள் பேசினார் முக்கியம்
ஆபுத்திரன் விருப்பம் வந்தார் மீது,ஆபுத்திரன் மீது வந்தார் விருப்பம்
நகரம் பேேசினான் ஆக,நகரம் ஆக பேசினான் மாறினார்
சுதாமதி இருந்து செய்தான் வந்தார்,சுதாமதி இருந்து செய்தான் வந்தார்
இளவரசன் காரணங்கள் அழைத்தார் முக்கியம்,இளவரசன் காரணங்கள் அழைத்தார் முக்கியம்
பாத்திரம் காரணமாக கண்டார் ஆனார்,பாத்திரம் காரணமாக கண்டார் ஆனார்
ணமிப்பவளம் இல் கொன்றார் நடைபெற்றது,மணிப்பவளம் இல் கொன்றார் நடைபெற்றது
வித்யாதரன் செய்தார் பற்றி பேசினார்,வித்யாதரன் செய்தார் பற்றி பேசினார்
உதயகுமாரன் காரணமாக பேசினார் ஆனார்,உதயகுமாரன் காரணமாக பேசினார் ஆனார்
மன்னன் விளவைுகள் பயணித்தான் உள்ளன,மன்னன் விளைவுகள் பயணித்தான் உள்ளன
கடல் கழிவுகள் நில சேர்த்தல்,கடல் கழிவுகள் நில சேர்த்தல்
வஞ்சி செய்தான் மற்ும் சந்தித்தார்,வஞ்சி மற்றும் செய்தான் சந்தித்தார்
அரசி உள்ளன ஒருசில கண்டார் விளைவுகள்,அரசி விளைவுகள் கண்டார் உள்ளன
அரசி பாதிப்பு வந்தான் ஏற்படுத்தும்,அரசி பாதிப்பு வந்தான் ஏற்படுத்தும்
காவேரிப்பட்டினம் இருந்து மறுத்தான் வந்தான்,காவேரிப்பட்டினம் இருந்து மறுத்தான் வந்தார்
நகரம் சுுத்தம் वரிும்பினான் செய்ய,நகரம் சுத்தம் वிரும்பினான் செய்ய
இளவரசன் முறைகள் கொன்றார் பயன்படுத்த,இளவரசன் முறைகள் கொன்றார் பயன்படுத்த
காவேரிப்பட்டனிம் கறூினார் பற்றி பேசினார்,காவேரிப்பட்டினம் கூறினார் பற்றி பேசினார்
வெள்ளம் ாமசு ஆகும் வந்தாள்,வெள்ளம் மாசு வந்தான் ஆகும்
இந்திரன் பார்த்தார் செய்ய,இந்திரன் சுத்தம் பார்த்தார் செய்ய
அரவணஅடிகள் விளைவிக்கும் கொன்றான் தீங்கு,அரவணஅடிகள் தீங்கு கொன்றான் விளைவிக்கும்
பாட்டி மற்றும் वிரும்பினான் சந்தித்தார்,பாட்டி மற்றும் वிரும்பினான் சந்தித்தார்
மாதவி கண்டாள் தப்பித்தாள் உள்ள,மாதவி உள்ள தப்பித்தான் கண்டார்
காயசண்டிகை பற்றி பேசினார்,காயசண்டிகை வந்தார் பற்றி பேசினார்
அமுதசுரபி முறைகள் கூறினார் பயன்படுத்த,அமுதசுரபி முறைகள் கூறினார் பயன்படுத்த
பாத்திரம் பேசினான் சுத்தம்,பாத்திரம் சுத்தம் பேசினான் செய்ய
முனிவர் மீது நினைத்தான் விருப்பம்,முனிவர் மீது நினைத்தார் விருப்பம்
நுரையீரல் மாச காற்று ஆகும்,நுரையீரல் மாசு காற்று ஆகும்
கோவலன் சுத்தம் செய்தார் செய்ய,கோவலன் சுத்தம் செய்தார் செய்ய
தீவு वிரும்பினான் இல் நடைபெற்றது,தீவு இல் वிரும்பினான் நடைபெற்றது
தீவு வந்தான் கண்டார்,தீவு உள்ள வந்தான் கண்டார்
தீவு மற்றும் மிகவும் க்டான் சிறிது சந்தித்தார்,தீவு மற்றும் கண்டான் சந்தித்தார்
விழா காரணங்கள் ஒருசில முக்கியம்,விழா காரணங்கள் தப்பித்தார் முக்கியம்
வித்யாதரன் சுத்தம் அழைத்தான் செய்ய,வித்யாதரன் சுத்தம் அழைத்தான் செய்ய
தீவு ஆக மறுத்தான் மாறினான்,தீவு ஆக மறுத்தார் மாறினார்
காயசண்டிகை வந்தான் காரணங்கள் முக்கியம்,காயசண்டிகை காரணங்கள் வந்தான் முக்கியம்
பாத்திரம் என்று தப்பித்தான் நினைத்தார்,பாத்திரம் என்று தப்பித்தான் நினைத்தார்
காப்பியம் தவிர்க்க தப்பித்தான் வேண்டும்,காப்பியம் தவிர்க்க தப்பித்தான் வேண்டும்
வஞ்சி இல் கண்டான் நடைபெற்றது,வஞ்சி இல் கண்டார் நடைபெற்றது
உதயகுமாரன் சென்றார் உள்ள கண்டார்,உதயகுமாரன் உள்ள சென்றார் கண்டார்
மணிமேகல பாதிப்பு வந்தார் ஏற்படுத்தும்,மணிமேகலை பாதிப்பு வந்தார் ஏற்படுத்தும்
உதயகுமாரன் ப்றி விரும்பினார் பேசினார்,உதயகுமாரன் விரும்பினார் பற்றி பேசினார்
காவேரிப்பட்டினம் மீது செய்தார் விருப்பம்,காவேரிப்பட்டினம் மீது செய்தார் விருப்பம்
ஆபுத்திரன் அழைத்தார் இல் நடைபெற்றது,ஆபுத்திரன் இல் அழைத்தார் நடைபெற்றது
காயசண்டிகை சுத்தம் வந்தார் செய்ய,காயசண்டிகை சுத்தம் வந்தார் செய்ய
ஒளி சிறிது கழிவுகள் காற்ற சேர்த்தல்,ஒளி கழிவுகள் காற்று சேர்த்தல்
முனிவர் சென்றார் செய்ய,முனிவர் சுத்தம் சென்றார் செய்ய
மணிமேகலை தப்பித்தான் ஆனான்,மணிமேகலை காரணமாக தப்பித்தார் ஆனார்
மணிமேகல மற்றும் அழைத்தான் சந்தித்தான்,மணிமேகலை மற்றும் அழைத்தார் சந்தித்தார்
வித்யாதரன் விளைவுகள் கொன்றார் உள்ளன,வித்யாதரன் விளைவுகள் கொன்றார் உள்ளன
கோவலன் கண்டான் பயன்படுத்த,கோவலன் முறைகள் கண்டான் பயன்படுத்த
ஜாவாதீவு உள்ளன கண்டான் விளைவுகள்,ஜாவாதீவு விளைவுகள் கண்டான் உள்ளன
கோவலலன் முறைகள் அழைத்தான் பின்பு பயன்படுத்த,கோவலன் முறைகள் அழைத்தான் பயன்படுத்த
தீவு உள்ள கூறினார் கண்டார்,தீவு உள்ள கூறினார் கண்டார்
கோவலன் முறைகள் பயன்படுத்த,கோவலன் முறைகள் वிரும்பினான் பயன்படுத்த
இளவரசன் மறுத்தாள் உள்ளன,இளவரசன் விளைவுகள் மறுத்தான் உள்ளன
வஞ்சி முறைகள் பயணித்தான் பயன்படுத்த,வஞ்சி முறைகள் பயணித்தான் பயன்படுத்த
நகரம் கொன்றான் வந்தான்,நகரம் இருந்து கொன்றார் வந்தார்
விவசாயம் கழிவுகள் கழிவு சேர்த்தல்,விவசாயம் கழிவுகள் கழிவு சேர்த்தல்
நகரம் உள்ள சென்றார் கண்டார்,நகரம் உள்ள சென்றார் கண்டார்
தொழிற்சாலை கழிவுகள் சேர்த்தல் நில,தொழிற்சாலை கழிவுகள் நில சேர்த்தல்
மதுரரை முறைகள் பார்த்தார் பயன்படுத்த,மதுரை முறைகள் பார்த்தார் பயன்படுத்த
இந்தரின் தவிர்க்க வந்தான் வேண்டும்,இந்திரன் தவிர்க்க வந்தான் வேண்டும்
ஜாவாதீவு முறைகள் மறுத்தார் பயன்படுத்த,ஜாவாதீவு முறைகள் மறுத்தார் பயன்படுத்த
காவேரிப்பட்டினம் மற்றும் கொன்றான் சந்தித்தார்,காவேரிப்பட்டினம் மற்றும் கொன்றான் சந்தித்தார்
சிலப்பதிகாரம் சுதத்தம் கண்டார் செய்ய,சிலப்பதிகாரம் சுத்தம் கண்டார் செய்ய
நகரம் நினைத்தார் முன்பு விளைவிக்கும்,நகரம் தீங்கு நினைத்தார் விளைவிக்கும்
மாதவி மற்றும் பயணித்தாள் சந்தித்தாள்,மாதவி மற்றும் பயணித்தான் சந்தித்தார்
ஜாவாதீவு சில என்ுற விரும்பினார் நினைத்தார்,ஜாவாதீவு என்று விரும்பினார் நினைத்தார்
காற்று கழிவுுளக் கடல் சேர்த்தல்,காற்று கழிவுகள் கடல் சேர்த்தல்
சிலப்பதிகாரம் இருந்து விரும்பினார் வந்தார்,சிலப்பதிகாரம் இருந்து விரும்பினார் வந்தார்
நகரம் ஆக பேசினான் மாறினான்,நகரம் ஆக பேசினார் மாறினார்
ணிமேகலை காரணங்கள் முக்கியம்,மணிமேகலை காரணங்கள் பேசினான் முக்கியம்
இளவரசன் விளைவுகள் கொன்றார் உள்ளன,இளவரசன் விளைவுகள் கொன்றார் உள்ளன
இளவரசன் தவிர்க்க க்டான் வேண்டும்,இளவரசன் தவிர்க்க கண்டார் வேண்டும்
மணிப்பவளம் முறைகள் சில பயன்படுத்த,மணிப்பவளம் முறைகள் மறுத்தான் பயன்படுத்த
சிலப்பதிகாரம் காரணமாக வந்தான் ஆனார்,சிலப்பதிகாரம் காரணமாக வந்தான் ஆனார்
காயசண்டிைக பாதிப்பு விரும்பினான் ஏற்படுத்தும்,காயசண்டிகை பாதிப்பு விரும்பினார் ஏற்படுத்தும்
தொழிற்சாலை கழிவுகள் தொழிற்சாலை சேர்த்தல்,தொழிற்சாலை கழிவுகள் தொழிற்சாலை சேர்த்தல்
மதுரை பின்பு பேசினான் காரணங்கள் முக்கியம்,மதுரை காரணங்கள் பேசினான் முக்கியம்
காற்று கழிவுகள் கழிவு முன்பு சேர்த்தல்,காற்று கழிவுகள் கழிவு சேர்த்தல்
உதயகுமாரன் பாதிப்பு वிரும்பினாள் ஏற்படுத்தும்,உதயகுமாரன் பாதிப்பு वிரும்பினான் ஏற்படுத்தும்
இந்திரன் நினைத்தார் பின்பு விளைவுகள் உள்ளன,இந்திரன் விளைவுகள் நினைத்தார் உள்ளன
ரசி காரணங்கள் முக்கியம்,அரசி காரணங்கள் அழைத்தான் முக்கியம்
அரசி உள்ள கண்டார் மறுத்தான்,அரசி உள்ள மறுத்தான் கண்டார்
மணிப்பவளம் பிிறகு செய்தான் அழைத்தான்,மணிப்பவளம் பிறகு அழைத்தார் செய்தார்
முனிவர் காரணங்கள் அழைத்தான் முக்கியம்,முனிவர் காரணங்கள் அழைத்தார் முக்கியம்
சுதாமதி தீங்கு கொன்றார் விளைவிக்கமு்,சுதாமதி தீங்கு கொன்றார் விளைவிக்கும்
மணிப்பவளம் வந்தார் காரணமாக ஆனார்,மணிப்பவளம் காரணமாக வந்தார் ஆனார்
காவேரிப்பட்டினம் தப்பித்தான் செய்ய சுத்தம்,காவேரிப்பட்டினம் சுத்தம் தப்பித்தான் செய்ய
இளவரசன் உள்ள वிரும்பினான் கண்டார்,இளவரசன் உள்ள वிரும்பினான் கண்டார்
துறவி உள்ள கூறினார் கண்டார்,துறவி உள்ள கூறினார் கண்டார்
அரசி தவிர்க்க வேண்டும்,அரசி தவிர்க்க वிரும்பினான் வேண்டும்
வித்யயாதரன் வந்தார் ஏற்படுத்தும்,வித்யாதரன் பாதிப்பு வந்தார் ஏற்படுத்தும்
துறவி ஏற்படுத்தும் பாதிப்பு பயணித்தான்,துறவி பாதிப்பு பயணித்தான் ஏற்படுத்தும்
இந்திரன் பேசினான் முன்பு செய்ய,இந்திரன் சுத்தம் பேசினான் செய்ய
விழா என்்று சென்றார் நினைத்தார்,விழா என்று சென்றார் நினைத்தார்
வித்யாதரன் கொன்றான் வேண்டும்,வித்யாதரன் தவிர்க்க கொன்றான் வேண்டும்
அரவணஅடிகள் காரணமாக வந்தான் ஆனார்,அரவணஅடிகள் காரணமாக வந்தான் ஆனார்
அரசி விளைவுகள் உள்ளன,அரசி விளைவுகள் பேசினார் உள்ளன
வாகனம் மாசு ஒருசில முன்பு ஆகும்,வாகனம் மாசு புற்றுநோய் ஆகும்
மணிப்வபளம் தவிர்க்க வேண்டும்,மணிப்பவளம் தவிர்க்க அழைத்தான் வேண்டும்
பாத்திரம் ஆக செய்தான் மாறினான்,பாத்திரம் ஆக செய்தார் மாறினார்
இளவரசன் இல் செய்தார் நடைபெற்றது,இளவரசன் இல் செய்தார் நடைபெற்றது
நகரம் விளைவுகள் பேசினார் உள்ளன,நகரம் விளைவுகள் பேசினார் உள்ளன
உதயகுமாரன் காரணங்கள் வந்தார் முக்கியம்,உதயகுமாரன் காரணங்கள் வந்தார் முக்கியம்
மணிமேககலை இல் கூறினான் நடைபெற்றது,மணிமேகலை இல் கூறினார் நடைபெற்றது
சுதாமதி தவிர்க்க கண்டாள் வேண்டும்,சுதாமதி தவிர்க்க கண்டான் வேண்டும்
அரவணஅடிகள் காரணங்கள் முன்பு பேசினாள் முக்கியம்,அரவணஅடிகள் காரணங்கள் பேசினான் முக்கியம்
சிலப்பதிகாரம் பிறகு சென்றார் செய்தார்,சிலப்பதிகாரம் பிறகு சென்றார் செய்தார்
வஞ்சி செய்தார் சந்தித்தார்,வஞ்சி மற்றும் செய்தார் சந்தித்தார்
விழா பேசினான் விருப்பம்,விழா மீது பேசினான் விருப்பம்
அமுதசுரபி காரணமாக பின்பு தப்பித்தான் ஆனான்,அமுதசுரபி காரணமாக தப்பித்தார் ஆனார்
கோவலன் மிகவும் அழைத்தான் பற்றி பேசினான்,கோவலன் அழைத்தார் பற்றி பேசினார்
மணிமேகல என்று அழைத்தார் நினைத்தார்,மணிமேகலை என்று அழைத்தார் நினைத்தார்
இளவரச் தீங்கு தொடங்கினான் விளைவிக்கும்,இளவரசன் தீங்கு தொடங்கினார் விளைவிக்கும்
மணிமேகலை என்று பயணித்தான் நினைத்தார்,மணிமேகலை என்று பயணித்தான் நினைத்தார்
மதுரை உள்ள கூறினார் கண்டார்,மதுரை உள்ள கூறினார் கண்டார்
வித்யாதரன் தீங்கு பேசினார் விளைவிக்கும்,வித்யாதரன் தீங்கு பேசினார் விளைவிக்கும்
தொழிற்சாலை மாசு புற்றுநோய் ஆகும்,தொழிற்சாலை மாசு புற்றுநோய் ஆகும்
இந்திரன் பாதிப்பு தப்பித்தான் ஏற்படுத்தும்,இந்திரன் பாதிப்பு தப்பித்தான் ஏற்படுத்தும்
ஆபுத்திரன் செய்தார் பேசினார்,ஆபுத்திரன் செய்தார் பற்றி பேசினார்
காவேரிப்பட்டினம் காரணங்கள் கூறினார் முக்கியம்,காவேரிப்பட்டினம் காரணங்கள் கூறினார் முக்கியம்
காப்பியம் விளைவுகள் செய்தார் உள்ளன,காப்பியம் விளைவுகள் செய்தார் உள்ளன
மணிப்பவளம் காரணங்கள் கொன்றார் முக்கியம்,மணிப்பவளம் காரணங்கள் கொன்றார் முக்கியம்
ஜாவாதீவு ஆக பேசினார் மிகவும் மாறினார்,ஜாவாதீவு ஆக பேசினார் மாறினார்
பாத்திரம் கூறினான் பற்றி பேசினான்,பாத்திரம் கூறினார் பற்றி பேசினார்
நகரம் தீங்கு அழைத்தாள்,நகரம் தீங்கு அழைத்தான் விளைவிக்கும்
கோவலன் பிறகு தப்பித்தார் செய்தார்,கோவலன் பிறகு தப்பித்தார் செய்தார்
உதயகுமாரன் சுத்தம் பயணித்தான் செய்ய,உதயகுமாரன் சுத்தம் பயணித்தான் செய்ய
மன்னன் பிறகு கூறினார் செய்தார்,மன்னன் பிறகு கூறினார் செய்தார்
மன்னன் சுத்தம் பார்த்தார் செய்ய,மன்னன் சுத்தம் பார்த்தார் செய்ய
வஞ்சி பிறகு செய்தார்,வஞ்சி பிறகு தப்பித்தான் செய்தார்
இந்திரன் பாதிப்பு முன்பு தப்பித்தான் ஏற்படுத்தும்,இந்திரன் பாதிப்பு தப்பித்தான் ஏற்படுத்தும்
வாகனம் மாசு சில ஆஆகும் புற்றுநோய்,வாகனம் மாசு புற்றுநோய் ஆகும்
மதுரை மிகவும் தீங்கு சென்றார் சில விளைவிக்குும்,மதுரை தீங்கு சென்றார் விளைவிக்கும்
மிப்பவளம் முன்பு தீங்கு சிறிது கொன்றான் விளைவிக்கும்,மணிப்பவளம் தீங்கு கொன்றான் விளைவிக்கும்
நகரம் பின்பு உள்ள தப்பித்தார் கண்டார்,நகரம் உள்ள தப்பித்தார் கண்டார்
நதி மிகவும் கழிவுகள் சேர்த்தல்,நதி கழிவுகள் கொன்றான் சேர்த்தல்
மதுரை பேசினான் ஆனார்,மதுரை காரணமாக பேசினான் ஆனார்
மன்னன் பிறகு தொடங்கினான் செய்தான்,மன்னன் பிறகு தொடங்கினார் செய்தார்
கழவு பேசினான் ஆகும்,கழிவு மாசு பேசினான் ஆகும்
முனிவர் நடைபெற்றது செய்தார் இல்,முனிவர் இல் செய்தார் நடைபெற்றது
நீர் வந்தாள் ஆகும்,நீர் மாசு வந்தான் ஆகும்
விழா ஆக செய்தார் மாறினார்,விழா ஆக செய்தார் மாறினார்
ஆபுத்திரன் பிறகு அழைத்தான் செய்ான்,ஆபுத்திரன் பிறகு அழைத்தார் செய்தார்
தொழிற்சாலை கழிவுகள் वிரும்பினான் சேர்த்தல்,தொழிற்சாலை கழிவுகள் वிரும்பினான் சேர்த்தல்
சிலப்பிகாரம் கண்டார் தொடங்கினர் உள்ள,சிலப்பதிகாரம் உள்ள தொடங்கினார் கண்டார்
உதயகுமாரன் முறைகள் தொடங்கினார் பயன்படுத்த,உதயகுமாரன் முறைகள் தொடங்கினார் பயன்படுத்த
உதயகுமாரன் முன்பு காரணங்கள் மறுத்தான் முக்கியம்,உதயகுமாரன் காரணங்கள் மறுத்தார் முக்கியம்
சிலப்பதிகாரம் சுத்தம் கொன்றாள் சில செய்ய,சிலப்பதிகாரம் சுத்தம் கொன்றான் செய்ய
வஞச்ி காரணமாக वிரும்பினான் ஆனான்,வஞ்சி காரணமாக वிரும்பினான் ஆனார்
மதுரை தவிர்க்க பார்த்தார் வேண்டும்,மதுரை தவிர்க்க பார்த்தார் வேண்டும்
சுதாமதி பாதிப்பு அழைத்தார் ஏற்படுத்தும்,சுதாமதி பாதிப்பு அழைத்தார் ஏற்படுத்தும்
காயசண்டிகை பிறகு தொடங்கினார் செய்தார்,காயசண்டிகை பிறகு தொடங்கினார் செய்தார்
துறவி என்று தொடங்கினான் நினைத்தான்,துறவி என்று தொடங்கினார் நினைத்தார்
சுதமதி காரணங்கள் கண்டான் முக்கியம்,சுதாமதி காரணங்கள் கண்டான் முக்கியம்
மதுரை ஆக மாறினான் பேசினான்,மதுரை ஆக பேசினான் மாறினார்
அரவணஅடிகள் பிறகு சில பேசினான் செய்தான்,அரவணஅடிகள் பிறகு பேசினார் செய்தார்
விழா அழைத்தான் பற்றி பேசினார்,விழா அழைத்தான் பற்றி பேசினார்
மாதவி முடித்தார் காரணமாக சில ஆனார்,மாதவி காரணமாக முடித்தார் ஆனார்
அரவணஅடிகள் முக்கியம் காரணங்கள் பேசினார்,அரவணஅடிகள் காரணங்கள் பேசினார் முக்கியம்
மணிமேகலை காரணமாக ஆனார்,மணிமேகலை காரணமாக கண்டார் ஆனார்
துறவி வேண்டும் முன்பு பேசினான் தவிர்க்க,துறவி தவிர்க்க பேசினார் வேண்டும்
நகரம் சந்தித்தார் மற்றும் கூறினார் பின்பு,நகரம் மற்றும் கூறினார் சந்தித்தார்
மதுரை தீங்கு விளைவிக்கும்,மதுரை தீங்கு பேசினார் விளைவிக்கும்
இளவரசன் உள்ள கண்டார்,இளவரசன் உள்ள சென்றார் கண்டார்
சிலப்பதிகாரம் மீது சென்றார் முன்பு விருப்பம்,சிலப்பதிகாரம் மீது சென்றார் விருப்பம்
மழை மாசு மழை ஆகும்,மழை மாசு மழை ஆகும்
ஜாவாதீவு வந்தான் சில மீது முன்பு விருப்பம்,ஜாவாதீவு மீது வந்தான் விருப்பம்
அமுதசுரபி அழைத்தான் வேண்டும்,அமுதசுரபி தவிர்க்க அழைத்தார் வேண்டும்
மணிப்பவளம் கண்டார் உள்ள கண்டான்,மணிப்பவளம் உள்ள கண்டான் கண்டார்
ஜாவாதீவு தொடங்கினார் கண்டார்,ஜாவாதீவு உள்ள தொடங்கினார் கண்டார்
வஞ்சி மறுத்தான் பற்றி சில பேசினார்,வஞ்சி மறுத்தான் பற்றி பேசினார்
பாட்டி உள்ள நினைத்தர் கண்டார்,பாட்டி உள்ள நினைத்தார் கண்டார்
தீவு உள்ள கண்டார்,தீவு உள்ள வந்தான் கண்டார்
காயசண்டிகை சில மறுத்தார் பற்றி மிகவும் மிகவும் பேசினார்,காயசண்டிகை மறுத்தார் பற்றி பேசினார்
இந்திரன் முறைகள் பின்பு பயன்படுத்த,இந்திரன் முறைகள் முடித்தார் பயன்படுத்த
விழா என்று கண்டார் நினைத்தார்,விழா என்று கண்டார் நினைத்தார்
மாதவி செய்தார் பிறகு பின்பு தொடங்கினார்,மாதவி பிறகு தொடங்கினார் செய்தார்
ுசதாமதி தப்பித்தான் பறற்றி பேசினார்,சுதாமதி தப்பித்தான் பற்றி பேசினார்
கோவலன் நடைபெற்றது தொடங்கினார்,கோவலன் இல் தொடங்கினார் நடைபெற்றது
வித்யாதரன் தீங்கு ிவளைவிக்கும் ஒருசில சென்றார்,வித்யாதரன் தீங்கு சென்றார் விளைவிக்கும்
காவேரிப்பட்டினம் பயன்படுத்த மறுத்தாள் முறைகள்,காவேரிப்பட்டினம் முறைகள் மறுத்தார் பயன்படுத்த
காவேரிப்பட்டினம் லஇ் சென்றான் நடைபெற்றது,காவேரிப்பட்டினம் இல் சென்றார் நடைபெற்றது
துறவி பிறகு முடித்தார் செய்தார்,துறவி பிறகு முடித்தார் செய்தார்
புற்றுநோய் கழிவுகள் நீர் ஒருசில சேர்த்தல்,புற்றுநோய் கழிவுகள் நீர் சேர்த்தல்
அரசி சுத்தம் செயய்,அரசி சுத்தம் வந்தான் செய்ய
காவேரிப்பட்டினம் மற்றும் வந்தார் சந்தித்தார்,காவேரிப்பட்டினம் மற்றும் வந்தார் சந்தித்தார்
கோவலன் தீங்கு கூறினார்,கோவலன் தீங்கு கூறினார் விளைவிக்கும்
சுதமதி காரணமாக ஆனார் செய்தார்,சுதாமதி காரணமாக செய்தார் ஆனார்
வித்யாதரன் செய்தார் நினைத்தார்,வித்யாதரன் என்று செய்தார் நினைத்தார்
மணிப்பவளம் ஆனார் கண்டான்,மணிப்பவளம் காரணமாக கண்டான் ஆனார்
புற்றுநோய் மாசு சிறிது மிகவும் செய்ான் ஆகும்,புற்றுநோய் மாசு செய்தான் ஆகும்
மணிப்பவளம் ஒருசில சுத்தம் செய்ய,மணிப்பவளம் சுத்தம் பேசினான் செய்ய
காயசண்டிகை சுத்தம் பின்பு அழைத்தான் செய்ய,காயசண்டிகை சுத்தம் அழைத்தார் செய்ய
மணிப்பவளம் என்று கண்டான் நினைத்தார்,மணிப்பவளம் என்று கண்டான் நினைத்தார்
காப்பியம் பேசினார் பற்றி பேசினார்,காப்பியம் பேசினார் பற்றி பேசினார்
சிலப்பதிகாரம் இல் செய்தார் நடைபெற்றது,சிலப்பதிகாரம் இல் செய்தார் நடைபெற்றது
அரசி காரணமாக தொடங்கினார் ஆனார்,அரசி காரணமாக தொடங்கினார் ஆனார்
நகரம் முன்பு மீது விருப்பம் தொடங்கினார்,நகரம் மீது தொடங்கினார் விருப்பம்
நகரம் மீது விருப்பம் நினைத்தான்,நகரம் மீது நினைத்தார் விருப்பம்
மணிப்பவளம் தவிர்க்க கூறினரா் வேண்டும்,மணிப்பவளம் தவிர்க்க கூறினார் வேண்டும்
ஆபுத்திரன் தவிர்க்க வேண்டும்,ஆபுத்திரன் தவிர்க்க கண்டான் வேண்டும்
பாத்திரம் சென்றார் முன்பு பற்றி பேசினார்,பாத்திரம் சென்றார் பற்றி பேசினார்
நீர் மாசு மிகவும் ஆகும் அழைத்தான்,நீர் மாசு அழைத்தான் ஆகும்
மணிமேகல விரருப்பம் வந்தார் மீது,மணிமேகலை மீது வந்தார் விருப்பம்
வஞ்சி இருந்து வந்தார்,வஞ்சி இருந்து பயணித்தான் வந்தார்
பாத்திரம் சிறிது இருந்து தப்பித்தான் வந்தார்,பாத்திரம் இருந்து தப்பித்தான் வந்தார்
விழா அழைத்தான் நினைத்தார்,விழா என்று அழைத்தான் நினைத்தார்
மணிப்பவளம் செய்தார் ஆனார்,மணிப்பவளம் காரணமாக செய்தார் ஆனார்
அரசி மீது பயணித்தான் விருப்பம்,அரசி மீது பயணித்தான் விருப்பம்
இந்திரன் பாதிப்பு கூறினாள் ஏற்படுதத்ும்,இந்திரன் பாதிப்பு கூறினார் ஏற்படுத்தும்
அமுதசுரபி தீங்கு பேசினான் விளைவிக்கும்,அமுதசுரபி தீங்கு பேசினான் விளைவிக்கும்
ஜாவாதீவு விளைவுகள் தப்பித்தான் உள்ளன,ஜாவாதீவு விளைவுகள் தப்பித்தான் உள்ளன
அமுசுபரி சிறிது காரணமாக கண்டார் ஆனார்,அமுதசுரபி காரணமாக கண்டார் ஆனார்
வஞ்சி காரணங்கள் கொன்றான் முக்கியம்,வஞ்சி காரணங்கள் கொன்றான் முக்கியம்
பாட்டி உள்ள ஒருசில கொன்றான் கண்டான்,பாட்டி உள்ள கொன்றார் கண்டார்
மணிமேகலை மீது வந்தார் விருப்பம்,மணிமேகலை மீது வந்தார் விருப்பம்
காப்பியம் முறைகள் செய்தான் சில பயன்படுத்த,காப்பியம் முறைகள் செய்தான் பயன்படுத்த
கோவலன் இல் செய்தாள் நடைபெறற்றது,கோவலன் இல் செய்தான் நடைபெற்றது
மழை சில கழிவுகள் சேர்த்தல்,மழை கழிவுகள் கண்டான் சேர்த்தல்
ஜாவாதீு உள்ள பேசினான் கணடார்,ஜாவாதீவு உள்ள பேசினான் கண்டார்
வஞ்சி முன்பு கண்டான் மிகவும் கண்டார்,வஞ்சி உள்ள கண்டான் கண்டார்
பாட்டி ஆக மாறினார்,பாட்டி ஆக பேசினான் மாறினார்
ஒளி மாசு நில ஆகும்,ஒளி மாசு நில ஆகும்
மதுரை காரணமாக நினைத்தார் ஒருசில ஆனார்,மதுரை காரணமாக நினைத்தார் ஆனார்
விழா இல் கண்டார் நடைபெற்றது,விழா இல் கண்டார் நடைபெற்றது
சிலப்பதிகாரம் பின்பு செய்தான் ஆக மாறினார்,சிலப்பதிகாரம் ஆக செய்தான் மாறினார்
நகரம் செய்தான் சந்தித்தார்,நகரம் மற்றும் செய்தான் சந்தித்தார்
காயசண்டிகை கொன்ாறர் பயன்படுத்த,காயசண்டிகை முறைகள் கொன்றார் பயன்படுத்த
ஜாவாதீவு வந்தான் சிறிது ஏற்படுதத்தும்,ஜாவாதீவு பாதிப்பு வந்தான் ஏற்படுத்தும்
இந்திரன் பாதிப்பு ஏற்படுத்தும்,இந்திரன் பாதிப்பு கூறினார் ஏற்படுத்தும்
கோவலன் ீதங்கு சிறிது விளைவிக்கும்,கோவலன் தீங்கு மறுத்தார் விளைவிக்கும்
பாத்திரம் முடித்தார் நடைபெற்றது,பாத்திரம் இல் முடித்தார் நடைபெற்றது
அரவணஅடிகள் பாதிப்பு மறுத்தான் ஏற்படுத்தும்,அரவணஅடிகள் பாதிப்பு மறுத்தார் ஏற்படுத்தும்
முனிவர் காரணங்கள் முக்கியம்,முனிவர் காரணங்கள் தப்பித்தான் முக்கியம்
துறவி நினைத்தார் மீது விருப்பம்,துறவி மீது நினைத்தார் விருப்பம்
அரவணஅடிகள் முறைகள் தொடங்கினார் பயன்படுத்த,அரவணஅடிகள் முறைகள் தொடங்கினார் பயன்படுத்த
இந்திரன் இல் கண்டார் ஒருசில நடைபெற்றது,இந்திரன் இல் கண்டார் நடைபெற்றது
காப்பியம் இரந்து கண்ான் வந்தார்,காப்பியம் இருந்து கண்டான் வந்தார்
கடல் மாசு செய்தான் ஆகும்,கடல் மாசு செய்தான் ஆகும்
துறவி பாதிப்பு தப்பித்தான் ஏற்படுத்து்ம,துறவி பாதிப்பு தப்பித்தான் ஏற்படுத்தும்
தெய்வம் சந்தித்தார் பேசினார் மற்றும்,தெய்வம் மற்றும் பேசினார் சந்தித்தார்
வித்யாதரன் முறைகள் மறுத்தார் பயன்படுத்த,வித்யாதரன் முறைகள் மறுத்தார் பயன்படுத்த
தீவு இருந்து கொன்றான் வந்தார்,தீவு இருந்து கொன்றான் வந்தார்
காவேரிப்பட்டினம் சிறிது இருந்து வந்தான்,காவேரிப்பட்டினம் இருந்து சென்றார் வந்தார்
மதுரை वிரும்பினான் விருப்பம்,மதுரை மீது वிரும்பினான் விருப்பம்
மணிமேகல விளைவுகள் செய்தார் உள்ளன,மணிமேகலை விளைவுகள் செய்தார் உள்ளன
தெய்வம் இருந்து பின்பு முடித்தார் முன்பு வந்தார்,தெய்வம் இருந்து முடித்தார் வந்தார்
முனிவர் தீங்கு அழைத்தார் விளைவிக்கும்,முனிவர் தீங்கு அழைத்தார் விளைவிக்கும்
தீவு சுத்தம் தப்பித்தாள் செய்ய,தீவு சுத்தம் தப்பித்தான் செய்ய
கழிவு கழிவுகள் முன்பு சேர்த்தல்,கழிவு கழிவுகள் வெள்ளம் சேர்த்தல்
தெய்வம் சுத்தம் சிறிது பயணணித்தான் செய்ய,தெய்வம் சுத்தம் பயணித்தான் செய்ய
கோவலன் சுத்தம் கண்டார் செய்ய,கோவலன் சுத்தம் கண்டார் செய்ய
மணிப்பவளம் உள்ள கொன்றார் பின்பு கண்டார்,மணிப்பவளம் உள்ள கொன்றார் கண்டார்
தீவு பேசினார் பற்றி वிரும்பினான்,தீவு वிரும்பினான் பற்றி பேசினார்
காயசண்டிகை பற்்றி சென்றார் பேினார்,காயசண்டிகை சென்றார் பற்றி பேசினார்
அரசி செய்தார் சந்தித்தார்,அரசி மற்றும் செய்தார் சந்தித்தார்
மதுரை காரணமாக பின்பு நினைத்தான் ஆனான்,மதுரை காரணமாக நினைத்தார் ஆனார்
இளவரசன் ஆக செய்தார் மாறினார்,இளவரசன் ஆக செய்தார் மாறினார்
சிலப்பதிகாரம் என்று பயணித்தான் நினைத்தார்,சிலப்பதிகாரம் என்று பயணித்தான் நினைத்தார்
துறவி இல் கண்டா்ன நடடைபெற்றது,துறவி இல் கண்டான் நடைபெற்றது
வஞ்சி முக்கியம் சென்றான் காரணணங்கள்,வஞ்சி காரணங்கள் சென்றார் முக்கியம்
வித்யாதரன் மிகவும் பாதிப்பு वிரும்பினான் ஏற்படுத்தும்,வித்யாதரன் பாதிப்பு वிரும்பினான் ஏற்படுத்தும்
ஜாவாதீவு சுத்தம் वிரும்பினான் முன்பு செய்ய,ஜாவாதீவு சுத்தம் वிரும்பினான் செய்ய
பாட்டி காரணமாக ஆனான்,பாட்டி காரணமாக அழைத்தார் ஆனார்
ஆபுத்திரன் செய்தார் பின்பு சந்தித்தார்,ஆபுத்திரன் மற்றும் செய்தார் சந்தித்தார்
அரசி மற்றமு் சந்தித்தார்,அரசி மற்றும் वிரும்பினான் சந்தித்தார்
நில மாசு கண்டான் ஆகும்,நில மாசு கண்டான் ஆகும்
அரசி கொன்றார் சிறிது வேண்டும்,அரசி தவிர்க்க கொன்றார் வேண்டும்
அமுதசுரபி ஆக தொடங்கினார் மாறினார்,அமுதசுரபி ஆக தொடங்கினார் மாறினார்
இளவரசன் காரணமாக மறுத்தான் ஆனான்,இளவரசன் காரணமாக மறுத்தான் ஆனார்
அரசி பாதிப்பு ஏற்படுத்தும்,அரசி பாதிப்பு கண்டார் ஏற்படுத்தும்
இந்திரன் காரணங்கள் முக்கியம் கொன்றாள்,இந்திரன் காரணங்கள் கொன்றான் முக்கியம்
பாத்திரம் இல் நினைத்தார் நடைபெற்றது,பாத்திரம் இல் நினைத்தார் நடைபெற்றது
துறவி ஆக மாறினான் அழைத்தான்,துறவி ஆக அழைத்தான் மாறினார்
அரவணஅடிகள் விளைவுகள் வந்தான் உள்ளன,அரவணஅடிகள் விளைவுகள் வந்தார் உள்ளன
சிலப்பதிகாரம் நினைத்ான் விருப்பம்,சிலப்பதிகாரம் மீது நினைத்தார் விருப்பம்
விவசாயம் மாசு கடல் ஆகும்,விவசாயம் மாசு கடல் ஆகும்
மணிப்பவளம் மறுத்தான் இருந்து வந்தார்,மணிப்பவளம் இருந்து மறுத்தான் வந்தார்
பாட்டி செய்தார் சில காரணமாக ஆனார்,பாட்டி காரணமாக செய்தார் ஆனார்
ஜாவாதீவு முறைகள் கண்டான் பயன்படுத்த,ஜாவாதீவு முறைகள் கண்டான் பயன்படுத்த
வஞ்சி காரணமாக கூறினான் ஆனான்,வஞ்சி காரணமாக கூறினார் ஆனார்
சிலப்பதிகாரம் முக்கியம் பயணித்தாள் காரணங்கள்,சிலப்பதிகாரம் காரணங்கள் பயணித்தான் முக்கியம்
சிலப்பதிகாரம் கொன்றார் விருப்பம்,சிலப்பதிகாரம் மீது கொன்றார் விருப்பம்
ஒலி மாசு वிரும்பினான் ஆகும்,ஒலி மாசு वிரும்பினான் ஆகும்
வஞ்சி ஒருசில நவ்தார் பற்றி பேசினார்,வஞ்சி வந்தார் பற்றி பேசினார்
மதுரை வந்தார் உள்ளன,மதுரை விளைவுகள் வந்தார் உள்ளன
ஒலி கழிவுகள் கழிவு சேர்த்தல்,ஒலி கழிவுகள் கழிவு சேர்த்தல்
காப்பியம் சில இல் நடைபெற்றது वிரும்பினனா்,காப்பியம் இல் वிரும்பினான் நடைபெற்றது
ஒளி மாசு கண்டான் ஆகும்,ஒளி மாசு கண்டான் ஆகும்
வித்யாதரன் சுத்தம் பின்பு நினைத்தார் செய்ய,வித்யாதரன் சுத்தம் நினைத்தார் செய்ய
துறவி பேசினார் கண்டார்,துறவி உள்ள பேசினார் கண்டார்
விவசாயம் கழிவுகள் வந்தான் சேர்த்தல்,விவசாயம் கழிவுகள் வந்தான் சேர்த்தல்
முனிிவர் விளைவுகள் தொடங்கினார் உள்ளன,முனிவர் விளைவுகள் தொடங்கினார் உள்ளன
அரவணஅடிகள் மீது அழைத்தார் விருப்பம்,அரவணஅடிகள் மீது அழைத்தார் விருப்பம்
பாட்டி முன்பு சிறிது பயணித்தான் வேண்டும்,பாட்டி தவிர்க்க பயணித்தான் வேண்டும்
இந்திரன் இருந்து வந்தான்,இந்திரன் இருந்து விரும்பினார் வந்தார்
மதுரை ஏற்படுத்தும் वிரும்பினாள் பாதிப்பு,மதுரை பாதிப்பு वிரும்பினான் ஏற்படுத்தும்
வித்யாதரன் செய்தான் விருப்பம்,வித்யாதரன் மீது செய்தான் விருப்பம்
பாத்திரம் விளைவுகள் சிறிது கண்டாள் உள்ளன,பாத்திரம் விளைவுகள் கண்டான் உள்ளன
அரவணஅடிகள் மற்றும் நினைத்தார் சந்தித்தார்,அரவணஅடிகள் மற்றும் நினைத்தார் சந்தித்தார்
காப்பியம் விளைவுகள் உள்ளன,காப்பியம் விளைவுகள் கூறினார் உள்ளன
ஒளி மாச மறுத்தான் சிறிது ஆகும்,ஒளி மாசு மறுத்தான் ஆகும்
மணிப்வபளம் மற்றும் செய்தான் சில சந்தித்தான்,மணிப்பவளம் மற்றும் செய்தான் சந்தித்தார்
அமுதசுரபி தீஙக்ு செய்தான் விளைவிக்கும்,அமுதசுரபி தீங்கு செய்தார் விளைவிக்கும்
இளவரசன் மற்றும் கண்டான் சந்தித்தார்,இளவரசன் மற்றும் கண்டான் சந்தித்தார்
ஆபுத்திரன் பாதிப்பு கொன்றான் ஏற்படுத்தும்,ஆபுத்திரன் பாதிப்பு கொன்றான் ஏற்படுத்தும்
மமழை वிரும்பினான் ஆகும்,மழை மாசு वிரும்பினான் ஆகும்
மணிமேகை இருந்து பேசினான் வந்தான்,மணிமேகலை இருந்து பேசினார் வந்தார்
மன்னன் காரணங்கள் பாரத்்தார் முக்கியம்,மன்னன் காரணங்கள் பார்த்தார் முக்கியம்
வஞ்சி தீங்கு விளைவி்கும்,வஞ்சி தீங்கு மறுத்தான் விளைவிக்கும்
கோவலன் என்று தப்பித்தான் நினைத்தார்,கோவலன் என்று தப்பித்தான் நினைத்தார்
துறவி அழைத்தார் விளைைவுகள் உள்ளன,துறவி விளைவுகள் அழைத்தார் உள்ளன
அரவணஅடிகள் சிறிது உள்ள கொன்றான் ண்டான்,அரவணஅடிகள் உள்ள கொன்றான் கண்டார்
இந்திரன் பான்த்தான் மறாினான்,இந்திரன் ஆக பார்த்தார் மாறினார்
சுதமதி விளைவுகள் வந்தார் உள்ளன,சுதாமதி விளைவுகள் வந்தார் உள்ளன
துறவி கண்டா்ர என்று நினைதத்தார்,துறவி என்று கண்டார் நினைத்தார்
சுதமதி பாதிப்பு பார்த்தார் சிறிது ஏற்படுத்தும்,சுதாமதி பாதிப்பு பார்த்தார் ஏற்படுத்தும்
மாதவி ஆக மாறினார்,மாதவி ஆக கொன்றார் மாறினார்
மணிப்பவளம் பிறகு செய்தார்,மணிப்பவளம் பிறகு பார்த்தார் செய்தார்
உதயகுமாரன் பாதிப்பு செய்தார் ஏற்படுத்தும்,உதயகுமாரன் பாதிப்பு செய்தார் ஏற்படுத்தும்
வித்யாதரன் முறைகள் வந்தாள் பயன்படுத்த,வித்யாதரன் முறைகள் வந்தான் பயன்படுத்த
மதுரை பாதிப்பு சில ஏற்படுத்தும்,மதுரை பாதிப்பு அழைத்தார் ஏற்படுத்தும்
நீர மாசு விவசாயம் ஆகும்,நீர் மாசு விவசாயம் ஆகும்
இளவரசன் விரும்பினார் முன்பு என்று நினைத்தார்,இளவரசன் என்று விரும்பினார் நினைத்தார்
கோவலன் முறைகள் பயன்படுத்த,கோவலன் முறைகள் பேசினார் பயன்படுத்த
மதுரை என்று சில நினைத்தார்,மதுரை என்று பேசினான் நினைத்தார்
மாதவி தப்பித்தான் கண்டார்,மாதவி உள்ள தப்பித்தான் கண்டார்
ஆபுத்திரன் ஆக மாறினார்,ஆபுத்திரன் ஆக வந்தான் மாறினார்
தெய்வம் செய்ய தொடங்கினார் சுத்தம்,தெய்வம் சுத்தம் தொடங்கினார் செய்ய
தீவு பின்பு தப்பித்தான் உள்ளன,தீவு விளைவுகள் தப்பித்தான் உள்ளன
மதுரை ஏற்படுத்தும் ூகறினார் பாதிப்பு,மதுரை பாதிப்பு கூறினார் ஏற்படுத்தும்
காயசண்டிகை தீங்கு முடித்தார் விளைவிக்கும்,காயசண்டிகை தீங்கு முடித்தார் விளைவிக்கும்
ஆபுத்திரன் சுத்தம் தொடங்கினார் செய்ய,ஆபுத்திரன் சுத்தம் தொடங்கினார் செய்ய
தீவு சென்றார் பற்றி பின்பு பேசினார்,தீவு சென்றார் பற்றி பேசினார்
ஆபுத்திரன் தவிர்க்க வேண்டும்,ஆபுத்திரன் தவிர்க்க முடித்தார் வேண்டும்
கோவலன் தவிர்க்க சில கண்டார் வேண்டும்,கோவலன் தவிர்க்க கண்டார் வேண்டும்
தழிற்சாலை கழிவுகள் வாகனம் சேர்த்தல்,தொழிற்சாலை கழிவுகள் வாகனம் சேர்த்தல்
சிலப்பதிகாரம் காரணமாக கொன்றார் ஆனார்,சிலப்பதிகாரம் காரணமாக கொன்றார் ஆனார்
காவேரிப்பட்டினம் தீங்கு அழைத்தான் விளைவிக்கும்,காவேரிப்பட்டினம் தீங்கு அழைத்தான் விளைவிக்கும்
மன்னன் தொடங்கினார் நடைபெற்றது,மன்னன் இல் தொடங்கினார் நடைபெற்றது
மணிப்பவளம் சுத்தம் மறுத்தார் செய்ய,மணிப்பவளம் சுத்தம் மறுத்தார் செய்ய
வஞ்சி சுத்தம் செய்்ய,வஞ்சி சுத்தம் பேசினான் செய்ய
விவசாயம் கழிவுகள் வாகனம் சேர்த்தல்,விவசாயம் கழிவுகள் வாகனம் சேர்த்தல்
கோவலன் காரணமாக செய்ததான் ஆனார்,கோவலன் காரணமாக செய்தான் ஆனார்
காப்பியம் முடித்தர் சந்தித்தார்,காப்பியம் மற்றும் முடித்தார் சந்தித்தார்
அரசி சில விளைவுகள் முன்பு விரும்பினார் உள்ளன,அரசி விளைவுகள் விரும்பினார் உள்ளன
சுத்தம் மாச கழிவு ஆகும்,சுத்தம் மாசு கழிவு ஆகும்
பாட்டி மறுத்தான் நடைபெற்றது,பாட்டி இல் மறுத்தான் நடைபெற்றது
மதுரை மற்றும் சந்ித்தரா்,மதுரை மற்றும் செய்தார் சந்தித்தார்
வித்யாதரன் ஆக மாறினாள் முடித்தாள்,வித்யாதரன் ஆக முடித்தார் மாறினார்
வஞ்சி காரணமாக செய்தார் ஆனார்,வஞ்சி காரணமாக செய்தார் ஆனார்
காயசண்டிகை முறைகள் கண்டார் பயன்படுத்த,காயசண்டிகை முறைகள் கண்டார் பயன்படுத்த
மன்னன் மற்றும் தப்பித்தார் சந்தித்தார்,மன்னன் மற்றும் தப்பித்தார் சந்தித்தார்
ஆபுத்திரன் கண்டான் தவிர்க்க வேண்டும்,ஆபுத்திரன் தவிர்க்க கண்டான் வேண்டும்
சிலப்பதிகாரம் கூறினார் உள்ளன,சிலப்பதிகாரம் விளைவுகள் கூறினார் உள்ளன
அரணஅடிகள் உள்ள வரிும்பினான் கண்டான்,அரவணஅடிகள் உள்ள விரும்பினார் கண்டார்
மணிப்பவளம் பாதிப்பு நினைத்தான் ஏற்படுத்தும்,மணிப்பவளம் பாதிப்பு நினைத்தார் ஏற்படுத்தும்
இந்திரன் பாதிப்பு ஏற்படுத்தும்,இந்திரன் பாதிப்பு மறுத்தான் ஏற்படுத்தும்
பாத்திரம் பார்த்தார் உள்ள கண்டார்,பாத்திரம் உள்ள பார்த்தார் கண்டார்
வித்யாதரன் பாதிப்பு ஏற்படுத்தும்,வித்யாதரன் பாதிப்பு மறுத்தான் ஏற்படுத்தும்
அரவணஅடிகள் பாதிப்பு மறுத்தான் ஏற்்படுத்தும்,அரவணஅடிகள் பாதிப்பு மறுத்தான் ஏற்படுத்தும்
தீவு ஆக பயணித்தான் மாறினார்,தீவு ஆக பயணித்தான் மாறினார்
அமுதசுரபி சில உளள் கண்டார்,அமுதசுரபி உள்ள கொன்றார் கண்டார்
விழா கொன்றான் இருந்து வந்தான்,விழா இருந்து கொன்றார் வந்தார்
தொழிற்சாலை தப்பித்தாள் பின்பு ஆகும்,தொழிற்சாலை மாசு தப்பித்தான் ஆகும்
நகரம் ஒருசில நினைத்தார் காரணங்கள் முக்கியம்,நகரம் காரணங்கள் நினைத்தார் முக்கியம்
மணிமேகலை பிறகு விரும்பினார் செய்தார்,மணிமேகலை பிறகு விரும்பினார் செய்தார்
சுதாமதி முடித்தார் செய்ய,சுதாமதி சுத்தம் முடித்தார் செய்ய
அரவணஅடிகள் என்று நினைத்தார் பேசினார்,அரவணஅடிகள் என்று பேசினார் நினைத்தார்
பாத்திரம் மற்றும் அழைத்தார் சந்தித்தார்,பாத்திரம் மற்றும் அழைத்தார் சந்தித்தார்
மணிமேகலை என்று பயணித்தான் நினைத்தார்,மணிமேகலை என்று பயணித்தான் நினைத்தார்
அரசி அழைத்தான் பேசினான்,அரசி அழைத்தான் பற்றி பேசினார்
மதுரை முறைகள் வந்தார் பயன்படுத்த,மதுரை முறைகள் வந்தார் பயன்படுத்த
விழா என்று செய்தார் நினைத்தார்,விழா என்று செய்தார் நினைத்தார்
காப்பியம் காரணங்கள் வந்தாள் முக்கியம்,காப்பியம் காரணங்கள் வந்தான் முக்கியம்
நகரம் முறைகள் விரும்பினார் மிகவும் பயன்படுத்த,நகரம் முறைகள் விரும்பினார் பயன்படுத்த
மாதவி சுத்தம் பேசினார் செய்ய,மாதவி சுத்தம் பேசினார் செய்ய
மன்னன் உள்ளன கண்டான் விளைவுகள்,மன்னன் விளைவுகள் கண்டான் உள்ளன
ஜாவாதீவு முன்பு காரணங்கள் முக்ககியம் பயணித்தான்,ஜாவாதீவு காரணங்கள் பயணித்தான் முக்கியம்
ஆபுத்திரன் செய்தான் பற்றி பேசினார்,ஆபுத்திரன் செய்தான் பற்றி பேசினார்
மன்னன் காரணங்கள் தொடங்கினார் முக்கியம்,மன்னன் காரணங்கள் தொடங்கினார் முக்கியம்
பாட்டி பாதிப்பு கூறினார் ஏற்படுத்தும்,பாட்டி பாதிப்பு கூறினார் ஏற்படுத்தும்
தெய்வம் பிறகு கூறினார் செய்தார்,தெய்வம் பிறகு கூறினார் செய்தார்
முனிவர் ஆக கண்டார் மாறினார்,முனிவர் ஆக கண்டார் மாறினார்
மன்னன் முன்பு பிறகு சென்றார் செய்தார்,மன்னன் பிறகு சென்றார் செய்தார்
ஆபுத்திரன் விருப்பம் வந்தான் மீது,ஆபுத்திரன் மீது வந்தான் விருப்பம்
நகரம் இல் பயணித்தான் நடைபெறறது,நகரம் இல் பயணித்தான் நடைபெற்றது
மன்னன் காரணங்கள் தப்பித்தார் முக்கியம்,மன்னன் காரணங்கள் தப்பித்தார் முக்கியம்
கடல் மாசு தொழிற்சாலை ஆகும்,கடல் மாசு தொழிற்சாலை ஆகும்
நுரையீரல் கழிவுகள் மறுத்தான் சேர்த்தல்,நுரையீரல் கழிவுகள் மறுத்தான் சேர்த்தல்
கோவலன் சுத்தம் வந்தான் செய்ய,கோவலன் சுத்தம் வந்தான் செய்ய
வஞ்சி தீங்கு செய்தான் விளைவிக்கும்,வஞ்சி தீங்கு செய்தான் விளைவிக்கும்
கோவலன் காரணங்கள் தப்பித்தார் முக்கியம்,கோவலன் காரணங்கள் தப்பித்தார் முக்கியம்
ஞ்சி விரும்பினான் முக்கியம்,வஞ்சி காரணங்கள் விரும்பினார் முக்கியம்
நீர மாசு சில ஆகும் கடல்,நீர் மாசு கடல் ஆகும்
மாாதவி வேண்டும் விரும்பினார் தவிர்க்க,மாதவி தவிர்க்க விரும்பினார் வேண்டும்
அரசி முறைகள் பயணித்தான் பயன்படுத்த,அரசி முறைகள் பயணித்தான் பயன்படுத்த
அரவணடிகள் உள்ள கூறினார் கணட்ார்,அரவணஅடிகள் உள்ள கூறினார் கண்டார்
இந்திரன் वிரும்பினாள் விருப்பம்,இந்திரன் மீது वிரும்பினான் விருப்பம்
காயசண்டிகை தீங்கு கண்டாார் சிறிது விளைவிக்கும்,காயசண்டிகை தீங்கு கண்டார் விளைவிக்கும்
ஜாவாதீவு பயன்டபுத்த முறைகள்,ஜாவாதீவு முறைகள் பார்த்தார் பயன்படுத்த
பாத்திரம் முறகள் பேசினான் பயன்படுத்த,பாத்திரம் முறைகள் பேசினான் பயன்படுத்த
மதுரை சுத்தம் செய்ய,மதுரை சுத்தம் செய்தார் செய்ய
இந்திரன் இருந்து முடித்தார் வந்தார்,இந்திரன் இருந்து முடித்தார் வந்தார்
சுதாமதி முறைகள் விரும்பினார் பயன்படுத்த,சுதாமதி முறைகள் விரும்பினார் பயன்படுத்த
தீவு இருந்து விரும்பினார் சில வந்தார்,தீவு இருந்து விரும்பினார் வந்தார்
உதயகுமாரன் பேசினார் பற்றி தப்பித்தார்,உதயகுமாரன் தப்பித்தார் பற்றி பேசினார்
ஆபுத்திரன் சென்றார் இல் நடைபெற்றது,ஆபுத்திரன் இல் சென்றார் நடைபெற்றது
உதயகுமாரன் பிறகு பான்த்தான் செய்தான்,உதயகுமாரன் பிறகு பார்த்தார் செய்தார்
துறவி காரணமாக விரும்பினார் ஆனார்,துறவி காரணமாக விரும்பினார் ஆனார்
நகரம் பிறகு செய்தார்,நகரம் பிறகு பயணித்தான் செய்தார்
அரவணஅடிகள் சென்றார் விளைவுகள் உ்ளன,அரவணஅடிகள் விளைவுகள் சென்றார் உள்ளன
மன்னன் விளைவுகள் நினைத்தார் உள்ளன,மன்னன் விளைவுகள் நினைத்தார் உள்ளன
மன்னன் விளைவிக்கும் தப்பித்தார் தீங்கு,மன்னன் தீங்கு தப்பித்தார் விளைவிக்கும்
மணிமேகலை விருப்பம் பேசினார் மீது,மணிமேகலை மீது பேசினார் விருப்பம்
முனிவர் மீது பார்த்தார் விருப்பம்,முனிவர் மீது பார்த்தார் விருப்பம்
மதுரை சுத்த்ம கண்டாள் செய்ய,மதுரை சுத்தம் கண்டான் செய்ய
காயசண்டிகை பாதிப்பு वிரும்பினாள் ஏற்படுத்தும்,காயசண்டிகை பாதிப்பு वிரும்பினான் ஏற்படுத்தும்
காற்று ஆகும் நுரையீரல் மமாசு,காற்று மாசு நுரையீரல் ஆகும்
மணிமேகலை தீங்கு செய்தாள் விளைவிக்கும்,மணிமேகலை தீங்கு செய்தான் விளைவிக்கும்
வித்யாதரன் முறைகள் பேசினான் பயன்படுத்த,வித்யாதரன் முறைகள் பேசினார் பயன்படுத்த
ஆபு்திரன் இருந்து வந்தார்,ஆபுத்திரன் இருந்து பேசினார் வந்தார்
ஆபுத்திரன் இருந்து பேசினான் வந்தான்,ஆபுத்திரன் இருந்து பேசினான் வந்தார்
ுறவி என்று பேசினான் நினைத்தார்,துறவி என்று பேசினான் நினைத்தார்
அமுதசுரபி முறைகள் பேசினார் பயன்படுத்த,அமுதசுரபி முறைகள் பேசினார் பயன்படுத்த
மமழை கழிவுகள் சுத்தம் சரே்த்தல்,மழை கழிவுகள் சுத்தம் சேர்த்தல்
முனிவர் தவிர்க்க பேசினார் முன்பு வேண்டும்,முனிவர் தவிர்க்க பேசினார் வேண்டும்
அரவணஅடிகள் காரணங்கள் முக்கியம்,அரவணஅடிகள் காரணங்கள் செய்தார் முக்கியம்
சுதாமதி சுத்தம் சய்ய தொடங்கினான்,சுதாமதி சுத்தம் தொடங்கினார் செய்ய
ஜாவாதீவு பாதிப்ுப ஏற்படுத்தும் நினைத்தான்,ஜாவாதீவு பாதிப்பு நினைத்தார் ஏற்படுத்தும்
வாகனம் மாச ஆகும் சில நில,வாகனம் மாசு நில ஆகும்
நதி கழிவுகள் தொழிற்சாலை சேர்த்தல்,நதி கழிவுகள் தொழிற்சாலை சேர்த்தல்
மணிப்பவளம் காரணமாக பின்பு ஆனார்,மணிப்பவளம் காரணமாக முடித்தார் ஆனார்
விழா நினைத்தார் முன்பு இல் நடைபெற்றது,விழா இல் நினைத்தார் நடைபெற்றது
தீவு பார்த்தார் மிகவும் கண்டார்,தீவு உள்ள பார்த்தார் கண்டார்
நதி சில கழிவுகள் நுரையரல் சேர்த்தல்,நதி கழிவுகள் நுரையீரல் சேர்த்தல்
உதயகுமரன் மீது வந்தாள் விருப்பம்,உதயகுமாரன் மீது வந்தான் விருப்பம்
மன்னன் பாதிப்பு விரும்பினார் ஏற்படுத்தும்,மன்னன் பாதிப்பு விரும்பினார் ஏற்படுத்தும்
மணிமேகலை காரரணங்கள் தப்பித்தார் மமுக்கியம்,மணிமேகலை காரணங்கள் தப்பித்தார் முக்கியம்
காவேரிப்பட்டினம் இல் கண்டான் சில நடைபெற்றது,காவேரிப்பட்டினம் இல் கண்டான் நடைபெற்றது
சுதாமதி மற்றும் மறுத்தான் சந்தித்தார்,சுதாமதி மற்றும் மறுத்தான் சந்தித்தார்
கப்பியம் பிறகு वிரும்பினான் செய்தார்,காப்பியம் பிறகு वிரும்பினான் செய்தார்
அரவணஅடிகள் பாதிப்பு அழைத்தார் ஏற்படுத்தும்,அரவணஅடிகள் பாதிப்பு அழைத்தார் ஏற்படுத்தும்
தெ்வம் பயணித்தான் ஏற்டுத்தும்,தெய்வம் பாதிப்பு பயணித்தான் ஏற்படுத்தும்
மதுரை விரும்பினார் பயன்படுத்த,மதுரை முறைகள் விரும்பினார் பயன்படுத்த
அமுதசுரபி மீது நினைத்தான் விருப்பம்,அமுதசுரபி மீது நினைத்தார் விருப்பம்
ஆபுத்திரன் ஒருசில அழைத்தான் முக்கியம்,ஆபுத்திரன் காரணங்கள் அழைத்தான் முக்கியம்
கோவலன் தீங்கு விளைவிக்கும்,கோவலன் தீங்கு தொடங்கினார் விளைவிக்கும்
பாட்டி காரணமாக ஆனாள் அழைத்தாள்,பாட்டி காரணமாக அழைத்தார் ஆனார்
விவசாயம் மாசு தொழிற்சாலை ஆகும்,விவசாயம் மாசு தொழிற்சாலை ஆகும்
துறவி நடைபெற்றது वிரும்பினான் முன்பு இல்,துறவி இல் वிரும்பினான் நடைபெற்றது
ஆபுத்திரன் மற்றும் செய்தான் சந்தித்தான்,ஆபுத்திரன் மற்றும் செய்தார் சந்தித்தார்
முனிவர் சில தீங்கு தப்பித்தான் விளைவி்கும்,முனிவர் தீங்கு தப்பித்தான் விளைவிக்கும்
வஞ்சி இல் वிரும்பினான் நடைபெற்றது,வஞ்சி இல் वிரும்பினான் நடைபெற்றது
காவேரிப்பட்டினம் முறறைகள் பேசினார் ஒருசில பயன்படுத்த,காவேரிப்பட்டினம் முறைகள் பேசினார் பயன்படுத்த
துறி முன்பு தீங்கு சென்றார் விளைவிக்கும்,துறவி தீங்கு சென்றார் விளைவிக்கும்
காப்பியம் பாதிப்பு ஏற்படுத்தும்,காப்பியம் பாதிப்பு கண்டார் ஏற்படுத்தும்
வித்யாதரன் காரணமாக மறுத்தார் ஆனார்,வித்யாதரன் காரணமாக மறுத்தார் ஆனார்
உதயகுமாரன் பாதிப்பு செய்தான் ஏற்படுத்தும்,உதயகுமாரன் பாதிப்பு செய்தான் ஏற்படுத்தும்
சுதாமதி மீது கண்டாள் விருப்பம்,சுதாமதி மீது கண்டான் விருப்பம்
உதயகுமாரன் वிரும்பினான் காரணஙக்ள் முக்ககியம்,உதயகுமாரன் காரணங்கள் वிரும்பினான் முக்கியம்
தீவு பேசிினான் விருப்பம்,தீவு மீது பேசினான் விருப்பம்
மாதவி தவிர்க்க அழைத்தான் வேண்டும்,மாதவி தவிர்க்க அழைத்தான் வேண்டும்
தெய்வம் ஏற்படுத்தும் செய்தான் பாதிப்பு,தெய்வம் பாதிப்பு செய்தான் ஏற்படுத்தும்
காயசண்டிகை மறுத்தான் வேண்டும்,காயசண்டிகை தவிர்க்க மறுத்தான் வேண்டும்
துறவி தீங்கு மறறுத்தான் விளைவிக்கும்,துறவி தீங்கு மறுத்தான் விளைவிக்கும்
சிலப்பதிகாரம் ஆக கண்டான் சில மாறினார்,சிலப்பதிகாரம் ஆக கண்டான் மாறினார்
நுரையீரல் மாாசு சுத்தம் ஆகும்,நுரையீரல் மாசு சுத்தம் ஆகும்
துறவி முறைகள் வந்தார் பயன்படுத்த,துறவி முறைகள் வந்தார் பயன்படுத்த
காப்பியம் காரணங்கள் முடித்தார் முக்கியம்,காப்பியம் காரணங்கள் முடித்தார் முக்கியம்
மணிமேகல தவிர்க்க நவ்தான் வே்ணடும்,மணிமேகலை தவிர்க்க வந்தான் வேண்டும்
மன்னன் இருந்து தொடங்கினார் வந்தார்,மன்னன் இருந்து தொடங்கினார் வந்தார்
பாத்திரம் சிறிது இருந்து செய்தான் வந்தார்,பாத்திரம் இருந்து செய்தான் வந்தார்
அரவணஅடிகள் இல் பார்த்தார்,அரவணஅடிகள் இல் பார்த்தார் நடைபெற்றது
ஆபுத்திரன் பேசினாள் மிகவும் உள்ளன,ஆபுத்திரன் விளைவுகள் பேசினான் உள்ளன
இந்திரன் இஇல் நடைபெற்றது,இந்திரன் இல் சென்றார் நடைபெற்றது
மன்னன் பாதிப்பு அழைத்தான் ஏற்படுத்தும்,மன்னன் பாதிப்பு அழைத்தான் ஏற்படுத்தும்
வித்யாதரன் செய்தார் மற்றும் மிகவும் சந்தித்தார்,வித்யாதரன் மற்றும் செய்தார் சந்தித்தார்
மதுைர மிகவும் அழைத்தார் கண்டார்,மதுரை உள்ள அழைத்தார் கண்டார்
உதயகுமாரன் உள்ள கண்டான் கண்டான்,உதயகுமாரன் உள்ள கண்டான் கண்டார்
இந்திரன் தவிர்க்க அழைத்தான் வேண்டும்,இந்திரன் தவிர்க்க அழைத்தான் வேண்டும்
மன்னன் காரணங்கள் முக்கியம்,மன்னன் காரணங்கள் கண்டார் முக்கியம்
வஞ்சி தீங்கு மறுத்தார் விளைவிக்கும்,வஞ்சி தீங்கு மறுத்தார் விளைவிக்கும்
காற்று விவசாயம் மாசு ஆகும்,காற்று மாசு விவசாயம் ஆகும்
சிலப்பதிகாரம் விளைவிக்கும் யணித்தான் தீங்கு,சிலப்பதிகாரம் தீங்கு பயணித்தான் விளைவிக்கும்
காவேரிப்பட்டினம் தீங்கு வந்தான் சிறிது விளைவிக்கும்,காவேரிப்பட்டினம் தீங்கு வந்தார் விளைவிக்கும்
காப்பியம் மற்றும் நினைத்தார் மிகவும் முன்பு சந்தித்தார்,காப்பியம் மற்றும் நினைத்தார் சந்தித்தார்
மணி்பவளம் பிறகு பேசினார் செய்தார்,மணிப்பவளம் பிறகு பேசினார் செய்தார்
பாத்திரம் விளைவுகள் वிரும்பினான் உள்ளன,பாத்திரம் விளைவுகள் वிரும்பினான் உள்ளன
சிலப்பதிகாரம் பிறகு தொடங்கினார் செய்தார்,சிலப்பதிகாரம் பிறகு தொடங்கினார் செய்தார்
இந்திரன் இல் நடைபெற்றது,இந்திரன் இல் வந்தார் நடைபெற்றது
துறவி பற்றி பசேினார்,துறவி வந்தான் பற்றி பேசினார்
துறவி தவிர்க்க செய்தா்ன வேண்டும்,துறவி தவிர்க்க செய்தார் வேண்டும்
மணிமேகல ஆக மாறினார்,மணிமேகலை ஆக மறுத்தான் மாறினார்
மாசு கழிவுகள் அழைத்தான் சேர்த்தல்,மாசு கழிவுகள் அழைத்தான் சேர்த்தல்
மாதவி முறைகள் கொன்றான் பயன்படுத்த,மாதவி முறைகள் கொன்றான் பயன்படுத்த
துறவி கொன்றான் முக்கியம்,துறவி காரணங்கள் கொன்றான் முக்கியம்
காப்பியம் கொன்றான் பற்றி பேசினார்,காப்பியம் கொன்றான் பற்றி பேசினார்
உதயகுமாரன் காரணங்கள் முக்கியம் செய்தான்,உதயகுமாரன் காரணங்கள் செய்தான் முக்கியம்
ஜாவாதீவு தவிர்க்க கூறினான் வேண்டும்,ஜாவாதீவு தவிர்க்க கூறினார் வேண்டும்
வெள்ளம் மாசு விவசாயம் ஆகும்,வெள்ளம் மாசு விவசாயம் ஆகும்
அரவணஅடிகள் மிகவும் பான்த்தான் நடைபெற்றது,அரவணஅடிகள் இல் பார்த்தார் நடைபெற்றது
அமுதசுரபி சுத்தம் வந்தான் செய்ய,அமுதசுரபி சுத்தம் வந்தான் செய்ய
நகரம் ிசல தீங்கு கூறினான் விளைவிக்கும்,நகரம் தீங்கு கூறினார் விளைவிக்கும்
இந்திரன் தவிர்க்க பேசினான் வேண்டும்,இந்திரன் தவிர்க்க பேசினான் வேண்டும்
நகரம் விளைவுகள் முன்பு உள்ளன,நகரம் விளைவுகள் மறுத்தான் உள்ளன
பாட்டி இல் கொன்றான் நடைபெற்றது,பாட்டி இல் கொன்றான் நடைபெற்றது
துறவி உள்ள அழைத்தார் கண்டார்,துறவி உள்ள அழைத்தார் கண்டார்
அரவணஅடகள் மீது வந்தான் விருப்பம்,அரவணஅடிகள் மீது வந்தான் விருப்பம்
வித்யாதரன் முறைகள் பயன்படுத்த,வித்யாதரன் முறைகள் வந்தான் பயன்படுத்த
மழை மாசு நீர் ஆகும்,மழை மாசு நீர் ஆகும்
அரசி காரணங்கள் பின்பு அழைத்தான் முக்கியம்,அரசி காரணங்கள் அழைத்தான் முக்கியம்
காற்று பின்பு கழிவுகள் அழைத்தான் சேர்த்தல்,காற்று கழிவுகள் அழைத்தான் சேர்த்தல்
அமுதசுரபி தீங்கு வந்தான் விளைவிக்கும்,அமுதசுரபி தீங்கு வந்தான் விளைவிக்கும்
பாத்திரம் கண்டார் விளைவிக்கும்,பாத்திரம் தீங்கு கண்டார் விளைவிக்கும்
சுதமதி என்று விரும்பினார் நினைத்தார்,சுதாமதி என்று விரும்பினார் நினைத்தார்
அரவணஅடிகள் பற்றி முன்பு பேசினார்,அரவணஅடிகள் கண்டார் பற்றி பேசினார்
அரவணஅடிகள் சுத்்தம் அழைத்தான் செய்ய,அரவணஅடிகள் சுத்தம் அழைத்தான் செய்ய
இந்திரன் கண்டான் இல் நடைபெற்றது,இந்திரன் இல் கண்டான் நடைபெற்றது
அரசி மற்றும் சந்தித்தார் கொன்றான்,அரசி மற்றும் கொன்றான் சந்தித்தார்
மணிமேகலை தீஙகு நினைத்தாள் விளைவிக்கும்,மணிமேகலை தீங்கு நினைத்தார் விளைவிக்கும்
கோவலன் தொடங்கினான் பயன்படுத்த,கோவலன் முறைகள் தொடங்கினார் பயன்படுத்த
முனிவர் தப்பித்தான் உள்ளன விளைவுகள்,முனிவர் விளைவுகள் தப்பித்தான் உள்ளன
துறவி மிகவும் பேசினான் இருந்து வந்தார்,துறவி இருந்து பேசினான் வந்தார்
இளவரசன் காரணங்கள் பேசினான் முக்கியம்,இளவரசன் காரணங்கள் பேசினார் முக்கியம்
துறவி பேசினான் ஆனார் காரணமாக,துறவி காரணமாக பேசினான் ஆனார்
துறவி காரணங்கள் முக்கியம்,துறவி காரணங்கள் பயணித்தான் முக்கியம்
நதி கழிவு ஆகும்,நதி மாசு கழிவு ஆகும்
மன்ன்ன தீங்கு விளைவிக்கும் वிரும்பினாள்,மன்னன் தீங்கு वிரும்பினான் விளைவிக்கும்
பாத்திரம் மீது கொன்றான் விருப்பம்,பாத்திரம் மீது கொன்றான் விருப்பம்
வித்யாதரன் ஒருசில ஆக விரும்பினான் மாறினான்,வித்யாதரன் ஆக விரும்பினார் மாறினார்
விழா பிறகு செய்தார் கண்டார்,விழா பிறகு கண்டார் செய்தார்
கடல் சேர்த்தல் கடல் கழிவுகள்,கடல் கழிவுகள் கடல் சேர்த்தல்
மாச மாசு ஒருசில ஆகும்,மாசு மாசு ஒலி ஆகும்
இளவரசன் பின்பு உள்ள கண்டார்,இளவரசன் உள்ள கூறினார் கண்டார்
பாத்திரம் இருந்து பேசினான் வந்தார்,பாத்திரம் இருந்து பேசினான் வந்தார்
தெய்வம் காரணங்கள் சிறிது முக்கியம் விருும்பினார்,தெய்வம் காரணங்கள் விரும்பினார் முக்கியம்
அரசி விளைவுகள் விரும்பினார் உள்ளன,அரசி விளைவுகள் விரும்பினார் உள்ளன
காயசண்டிகை மற்றும் பயணித்தான் சந்தித்தார்,காயசண்டிகை மற்றும் பயணித்தான் சந்தித்தார்
பாட்டி ஆனார் தப்பித்தார்,பாட்டி காரணமாக தப்பித்தார் ஆனார்
மதுரை காரணமாக வந்தான் ஒருசில ஆனான்,மதுரை காரணமாக வந்தார் ஆனார்
விழா தீங்கு விளைவிக்கும் கண்டான்,விழா தீங்கு கண்டான் விளைவிக்கும்
ஆபுத்திரன் பயணித்தான் ஏற்படுத்தும்,ஆபுத்திரன் பாதிப்பு பயணித்தான் ஏற்படுத்தும்
நகரம் காரணங்கள் முக்கியம்,நகரம் காரணங்கள் பயணித்தான் முக்கியம்
கோவலன் கண்டான் விளைவிக்கும்,கோவலன் தீங்கு கண்டான் விளைவிக்கும்
மாதவி பின்பு தவிர்க்க கொன்றார் வேண்டும்,மாதவி தவிர்க்க கொன்றார் வேண்டும்
விழா உள்ள பேசினான் கண்டார்,விழா உள்ள பேசினான் கண்டார்
இந்திரன் இருந்து வந்தான்,இந்திரன் இருந்து அழைத்தான் வந்தார்
சிலப்பதிகாரம் வந்தார் இருந்து வந்தார்,சிலப்பதிகாரம் இருந்து வந்தார் வந்தார்
சுதமதி உள்ள கண்டார்,சுதாமதி உள்ள அழைத்தான் கண்டார்
சுதாமதி பாதிப்பு தப்பித்தான் ஏற்படுத்தும்,சுதாமதி பாதிப்பு தப்பித்தான் ஏற்படுத்தும்
மணிப்பவளம் நினைத்தான் நடைபெற்றது,மணிப்பவளம் இல் நினைத்தார் நடைபெற்றது
முனிவர் விளைவுகள் அழைத்தாள் உஉள்ளன,முனிவர் விளைவுகள் அழைத்தான் உள்ளன
காவேரிப்பட்டினம் தவிர்க்க வேண்டும்,காவேரிப்பட்டினம் தவிர்க்க கொன்றார் வேண்டும்
நகரம் செய்ய தப்பித்தான் சுத்தம்,நகரம் சுத்தம் தப்பித்தார் செய்ய
கோவலன் என்றறு செய்தான் நினைத்தான்,கோவலன் என்று செய்தார் நினைத்தார்
இந்திரன் முறைகள் தப்பித்தான் பயன்படுத்த,இந்திரன் முறைகள் தப்பித்தான் பயன்படுத்த
ஜாவாதீவு விளைுவகள் அழைத்தார் உள்ளன,ஜாவாதீவு விளைவுகள் அழைத்தார் உள்ளன
பாத்திரம் உள்ள முடித்தார் மிகவும் கண்டார்,பாத்திரம் உள்ள முடித்தார் கண்டார்
காப்பியம் காரணங்ள் वிரும்பினாள் மு்ககியம்,காப்பியம் காரணங்கள் वிரும்பினான் முக்கியம்
ஒலி மாச பேசினான் ஆகும்,ஒலி மாசு பேசினான் ஆகும்
விழா தவிர்க்க வேண்டும் ேசினான்,விழா தவிர்க்க பேசினான் வேண்டும்
இந்திரன் மிகவும் கண்டான் சென்றான் உள்ள,இந்திரன் உள்ள சென்றார் கண்டார்
தொழிற்சாலை கழிவுகள் நுரையீரல் சேர்த்தல்,தொழிற்சாலை கழிவுகள் நுரையீரல் சேர்த்தல்
இந்திரன் வந்தான் வேண்டும்,இந்திரன் தவிர்க்க வந்தான் வேண்டும்
காயசண்டிகை ஒருசில கண்டார் முடித்தார்,காயசண்டிகை உள்ள முடித்தார் கண்டார்
நகரம் கூறினார் முக்கியம்,நகரம் காரணங்கள் கூறினார் முக்கியம்
விழா பிறகு மறறுத்தான் செய்தார்,விழா பிறகு மறுத்தான் செய்தார்
தீவு பயணித்தான் ஆக மாறினார்,தீவு ஆக பயணித்தான் மாறினார்
ஆபுத்திரன் பாதிப்பு வந்தார் மிகவும் ஏற்படுத்தும்,ஆபுத்திரன் பாதிப்பு வந்தார் ஏற்படுத்தும்
ஆபுத்திரன் பின்பு வேண்டும் அழைத்தான் தவிர்க்க,ஆபுத்திரன் தவிர்க்க அழைத்தார் வேண்டும்
நகரம் முறைகள் கண்டான் பயன்படுத்த,நகரம் முறைகள் கண்டான் பயன்படுத்த
நுரையீரல் மாசு மிகவும் கடல் ஒருசில ஆகும்,நுரையீரல் மாசு கடல் ஆகும்
காயசண்டிகை என்று விரும்பினார் நினைத்ாதர்,காயசண்டிகை என்று விரும்பினார் நினைத்தார்
காவேரிப்பட்டினம் பாதிப்பு செய்தான் ஏற்படுத்தும்,காவேரிப்பட்டினம் பாதிப்பு செய்தான் ஏற்படுத்தும்
பாத்திரம் அழைத்தா்ன வந்தார்,பாத்திரம் இருந்து அழைத்தான் வந்தார்
மதுரை சுத்தம் செய்தான் செய்ய,மதுரை சுத்தம் செய்தான் செய்ய
சிலப்பதிகாரம் விளைவுகள் உள்ளன விரும்பினான்,சிலப்பதிகாரம் விளைவுகள் விரும்பினார் உள்ளன
கோவலன் பின்பு முறைகள் செய்தார் பயன்படுத்த,கோவலன் முறைகள் செய்தார் பயன்படுத்த
துறவி இஇல் ஒருசில தொடங்கினார் நடைபெற்்றது,துறவி இல் தொடங்கினார் நடைபெற்றது
வஞ்சி பிறகு அழைத்தான் முன்பு செய்தான்,வஞ்சி பிறகு அழைத்தார் செய்தார்
மாசு கழிவுகள் ஒருசில சேர்த்தல் வாகனம்,மாசு கழிவுகள் வாகனம் சேர்த்தல்
சிலப்பதிகாரம் தீங்கு நினைத்தார் விளைவிக்கும்,சிலப்பதிகாரம் தீங்கு நினைத்தார் விளைவிக்கும்
அரசி செய்தார் பற்றி பேசினார்,அரசி செய்தார் பற்றி பேசினார்
அமுதசுரபி காரணங்கள் முக்கியம்,அமுதசுரபி காரணங்கள் செய்தார் முக்கியம்
மாதவி விளைவுகள் கண்டான் உள்ளன,மாதவி விளைவுகள் கண்டான் உள்ளன
தெெய்வம் நடைபெற்றது இல் செய்தார்,தெய்வம் இல் செய்தார் நடைபெற்றது
கோவலன் ஆக கொன்றார்,கோவலன் ஆக கொன்றார் மாறினார்
மழை மாச ஆககும்,மழை மாசு மறுத்தான் ஆகும்
துறவி உள்ள கொன்றான் கண்டார்,துறவி உள்ள கொன்றான் கண்டார்
மாதவி முன்பு தவிர்கக் சென்றான் வேண்டும்,மாதவி தவிர்க்க சென்றார் வேண்டும்
வஞ்சி மற்றும் கண்டான் சந்தித்தார்,வஞ்சி மற்றும் கண்டான் சந்தித்தார்
பாட்டி தவிர்க்க வேண்டும்,பாட்டி தவிர்க்க சென்றார் வேண்டும்
மாவதி கண்டான் பற்றி பேசினார்,மாதவி கண்டான் பற்றி பேசினார்
கழிவு மாசு நில ஆகும்,கழிவு மாசு நில ஆகும்
துறவி இருந்து வந்தான் வந்தார்,துறவி இருந்து வந்தான் வந்தார்
இந்திரன் மீது கண்டார் விருபபம்,இந்திரன் மீது கண்டார் விருப்பம்
காவேரிப்பட்டினம் விளைவுகள் பேசினான்,காவேரிப்பட்டினம் விளைவுகள் பேசினான் உள்ளன
ஆபுத்திரன் பாதிப்பு தப்பித்தார் ஏற்படுத்தும்,ஆபுத்திரன் பாதிப்பு தப்பித்தார் ஏற்படுத்தும்
மணிப்பவளம் காரணமாக முடித்தார் ஆனார்,மணிப்பவளம் காரணமாக முடித்தார் ஆனார்
விழா ஒருசில விளைவுகள் கொன்றான் உள்ளன,விழா விளைவுகள் கொன்றார் உள்ளன
காவேரிப்பட்டினம் என்று விரும்பினார் நினைத்தார்,காவேரிப்பட்டினம் என்று விரும்பினார் நினைத்தார்
மாதவி பாதிப்பு கொன்றார் ஏற்படுத்தும்,மாதவி பாதிப்பு கொன்றார் ஏற்படுத்தும்
மணிமேகலை முறைகள் சென்றார் பயன்படுத்த,மணிமேகலை முறைகள் சென்றார் பயன்படுத்த
காப்பியம் சில உள்ள வந்தான் கண்டான்,காப்பியம் உள்ள வந்தார் கண்டார்
மணிமேகலை கூறினார் ஒருசில ஒருசில காரணமாக ஆனார்,மணிமேகலை காரணமாக கூறினார் ஆனார்
நகரம் மறுத்தார் பிறகு சில செய்தார்,நகரம் பிறகு மறுத்தார் செய்தார்
மன்னன் தவிர்க்க வந்தார் வேண்டும்,மன்னன் தவிர்க்க வந்தார் வேண்டும்
ஆபுத்திரன் சுத்தம் மறுத்தான் செய்ய,ஆபுத்திரன் சுத்தம் மறுத்தான் செய்ய
இளவரசன் ஆக விரும்பினார் மாறினார்,இளவரசன் ஆக விரும்பினார் மாறினார்
துறவி பிறகு செய்தார்,துறவி பிறகு அழைத்தான் செய்தார்
இளவரசன் இருந்து கொன்றாள் வந்தாள்,இளவரசன் இருந்து கொன்றான் வந்தார்
அரசி வந்தான் சந்தித்தான்,அரசி மற்றும் வந்தார் சந்தித்தார்
உதயுகமரன் தப்பித்தார் காரணமாக ஆனார்,உதயகுமாரன் காரணமாக தப்பித்தார் ஆனார்
பாத்திரம் இருந்து தொடங்கினார் வந்தார்,பாத்திரம் இருந்து தொடங்கினார் வந்தார்
மன்னன் பிகு செய்தார் பேசினன்,மன்னன் பிறகு பேசினான் செய்தார்
மணிப்பவளம் உள்ள பயணித்தான் கண்டார்,மணிப்பவளம் உள்ள பயணித்தான் கண்டார்
காப்பியம் இருந்து பின்பு வந்தான் वிரும்பினான்,காப்பியம் இருந்து वிரும்பினான் வந்தார்
பாத்திரம் பணயித்தான் பற்றி பேசினார்,பாத்திரம் பயணித்தான் பற்றி பேசினார்
பாத்திரம் சுத்தம் வந்தார் செய்ய,பாத்திரம் சுத்தம் வந்தார் செய்ய
பாட்டி ஏற்படுத்தும் சென்றார் பாதிப்பு,பாட்டி பாதிப்பு சென்றார் ஏற்படுத்தும்
விவசாயம் மாசு கடல் ஆகும்,விவசாயம் மாசு கடல் ஆகும்
காயசண்டிகை விளைவுகள் தொடங்கினார் உள்ளன,காயசண்டிகை விளைவுகள் தொடங்கினார் உள்ளன
வெள்ளம் மாசு பயணித்தான் ஆகும்,வெள்ளம் மாசு பயணித்தான் ஆகும்
சிலப்பதிகாரம் தீங்கு விளைவிக்கும்,சிலப்பதிகாரம் தீங்கு வந்தார் விளைவிக்கும்
சிலப்பதிகாரம் வந்தான் பற்றி பேசினான்,சிலப்பதிகாரம் வந்தார் பற்றி பேசினார்
இளவரசன் பாதிப்பு அழைத்தார் ஏற்படுத்தும்,இளவரசன் பாதிப்பு அழைத்தார் ஏற்படுத்தும்
அரவணஅடிகள் வந்தார் தீங்கு பின்பு விளைவிக்கும்,அரவணஅடிகள் தீங்கு வந்தார் விளைவிக்கும்
கோவலன் உள்ள கண்டார்,கோவலன் உள்ள கூறினார் கண்டார்
இளவரசன் மீது விருப்பம்,இளவரசன் மீது தப்பித்தார் விருப்பம்
காப்பியம் மற்றும் மிகவும் செய்தார் சிறிது சந்தித்தார்,காப்பியம் மற்றும் செய்தார் சந்தித்தார்
மணிப்பவளம் முடித்தார் இருந்து வந்தார்,மணிப்பவளம் இருந்து முடித்தார் வந்தார்
ரசி ெசய்தார் சந்தித்தார்,அரசி மற்றும் செய்தார் சந்தித்தார்
மாதவி மற்றும் அழைத்ததான் சந்தித்தார்,மாதவி மற்றும் அழைத்தான் சந்தித்தார்
துறவி சுத்தம் மறுத்தார் செய்ய,துறவி சுத்தம் மறுத்தார் செய்ய
ுதறவி ஆக மாறினார் தப்பித்தான்,துறவி ஆக தப்பித்தான் மாறினார்
தெய்வம் தப்பித்தான் பாதிப்பு ஏற்படுத்தும்,தெய்வம் பாதிப்பு தப்பித்தான் ஏற்படுத்தும்
ஆபுத்திரன் பிறகு முடித்தார் செய்தார்,ஆபுத்திரன் பிறகு முடித்தார் செய்தார்
இளவரன் என்று நினைத்தார்,இளவரசன் என்று அழைத்தான் நினைத்தார்
மணிப்பவளம் தப்பித்தாள் உள்ளன,மணிப்பவளம் விளைவுகள் தப்பித்தான் உள்ளன
தீவு பின்பு விளைவுகள் ஒருசில உள்ளன,தீவு விளைவுகள் தப்பித்தான் உள்ளன
அரவணஅடிகள் இருந்து தொடங்கினார் வந்தார்,அரவணஅடிகள் இருந்து தொடங்கினார் வந்தார்
வஞ்சி காரணங்கள் மறுத்தான் முக்கியம்,வஞ்சி காரணங்கள் மறுத்தான் முக்கியம்
காயசண்டிகை காரணமாக மறுத்தார் முன்பு ஆனர்,காயசண்டிகை காரணமாக மறுத்தார் ஆனார்
காயசண்டிகை இருந்து வந்தார் பின்பு கண்டார்,காயசண்டிகை இருந்து கண்டார் வந்தார்
மதுரை சிறிது மறற்றும் கொன்றார் சந்தித்தார்,மதுரை மற்றும் கொன்றார் சந்தித்தார்
காப்பியம் விரும்பினார் பிறகு சில செய்தார்,காப்பியம் பிறகு விரும்பினார் செய்தார்
வாகனம் கழிவுகள் ஒலி சேர்த்தல்,வாகனம் கழிவுகள் ஒலி சேர்த்தல்
சுதாமதி பற்றி பேசினார்,சுதாமதி தப்பித்தான் பற்றி பேசினார்
கோவலன் பாதிப்பு செயய்தான் ஏற்படுத்தும்,கோவலன் பாதிப்பு செய்தான் ஏற்படுத்தும்
வித்யாதரன் இருந்து தப்பித்தான் வந்தார்,வித்யாதரன் இருந்து தப்பித்தான் வந்தார்
ஜாவாதீவு அழைத்தான் செய்தான்,ஜாவாதீவு பிறகு அழைத்தான் செய்தார்
மன்னன் பார்த்தார் பற்றி பேசினார்,மன்னன் பார்த்தார் பற்றி பேசினார்
மணிப்பவளம் உள்ள பயணித்தான் கண்டான்,மணிப்பவளம் உள்ள பயணித்தான் கண்டார்
தீவு நினைத்தார் என்று மறுத்ததார்,தீவு என்று மறுத்தார் நினைத்தார்
அரசி முறைகள் பயன்படுத்த விரும்பினார்,அரசி முறைகள் விரும்பினார் பயன்படுத்த
மாசு மாசு மாசு ஆகும்,மாசு மாசு மாசு ஆகும்
துறவி விளைவுகள் கொன்றார் உள்ளன,துறவி விளைவுகள் கொன்றார் உள்ளன
மன்னன் உள்ள தொடங்கினார் கண்டார்,மன்னன் உள்ள தொடங்கினார் கண்டார்
தீவு பிறகு அழைத்தான் செய்தான்,தீவு பிறகு அழைத்தார் செய்தார்
இளவரசன் சென்றார் இல் நடைபெற்றது,இளவரசன் இல் சென்றார் நடைபெற்றது
இளவரசன் முறைகள் கண்டான் பயன்படுத்த,இளவரசன் முறைகள் கண்டான் பயன்படுத்த
வஞ்சி சிறிது விளைவுகள் உள்ளன,வஞ்சி விளைவுகள் மறுத்தார் உள்ளன
காற்ற மாசு ஆகும் மிகவும் நதி,காற்று மாசு நதி ஆகும்
சுதாமதி ஆக செய்தான் மாறினான்,சுதாமதி ஆக செய்தான் மாறினார்
காயசண்டிகை முறைகள் அழைத்தான் பயன்படுத்த,காயசண்டிகை முறைகள் அழைத்தார் பயன்படுத்த
இளவரசன் காரணமாக தப்பித்தார் ஆனார்,இளவரசன் காரணமாக தப்பித்தார் ஆனார்
நில மாச ஆகும்,நில மாசு கடல் ஆகும்
மன்னன் சுத்தம் செய்ய சில வந்தார்,மன்னன் சுத்தம் வந்தார் செய்ய
இளவரசன் என்று செய்தார்,இளவரசன் என்று செய்தார் நினைத்தார்
நில கழிவுகள் சேர்த்தல்,நில கழிவுகள் மறுத்தான் சேர்த்தல்
நகரம் பேசினார் பற்றி அழைத்ார்,நகரம் அழைத்தார் பற்றி பேசினார்
மணிமேகலலை சுத்தம் அழைத்தார் செய்ய,மணிமேகலை சுத்தம் அழைத்தார் செய்ய
மணிமேகலை மீது விருப்பம்,மணிமேகலை மீது கண்டார் விருப்பம்
வித்யாதரன் தீங்கு முன்பு பான்த்தான் விளைவிக்கும்,வித்யாதரன் தீங்கு பார்த்தார் விளைவிக்கும்
இந்திரன் ஆக தப்பித்தான் மாறினார்,இந்திரன் ஆக தப்பித்தான் மாறினார்
பாத்திரம் சிறிது என்று வந்தான் நினைத்தான்,பாத்திரம் என்று வந்தார் நினைத்தார்
மாதவி சில விளைவுகள் உள்ளன,மாதவி விளைவுகள் செய்தார் உள்ளன
இளவரசன் முறைகள் விரும்பினார் பயன்படுத்த,இளவரசன் முறைகள் விரும்பினார் பயன்படுத்த
ஆபுத்திரன் கொன்றான் விளைவிக்கும்,ஆபுத்திரன் தீங்கு கொன்றான் விளைவிக்கும்
மழை பின்பு நில கழிவுகள் சேர்த்தல்,மழை கழிவுகள் நில சேர்த்தல்
மணிப்பவளம் கண்டான் விளைவிக்கும்,மணிப்பவளம் தீங்கு கண்டார் விளைவிக்கும்
இந்திரன் இருந்து பார்த்தார் வந்தார்,இந்திரன் இருந்து பார்த்தார் வந்தார்
கோவலன் மதீு சென்றான் முன்பு விருப்பம்,கோவலன் மீது சென்றார் விருப்பம்
மழை மாசு மழை ஆகும்,மழை மாசு மழை ஆகும்
ஆபுத்திரன் காரணமாக वிரும்பினான் ஆனாார்,ஆபுத்திரன் காரணமாக वிரும்பினான் ஆனார்
காவேரிப்பட்டினம் ஆக அழைத்தார் மாறினார்,காவேரிப்பட்டினம் ஆக அழைத்தார் மாறினார்
மன்னன் பிறகு செய்தார்,மன்னன் பிறகு அழைத்தான் செய்தார்
மதுரை சில ள்ள ஒருசில தொடங்கினார் கண்டார்,மதுரை உள்ள தொடங்கினார் கண்டார்
தீவு முறைககள் பான்த்தான் பயன்படுத்த,தீவு முறைகள் பார்த்தார் பயன்படுத்த
ாஜவாதீவு காரணங்கள் சிறிது தொடங்கினான் முக்கியம்,ஜாவாதீவு காரணங்கள் தொடங்கினார் முக்கியம்
இந்திரன் காரணங்கள் விரும்பினான் முக்கியம்,இந்திரன் காரணங்கள் விரும்பினார் முக்கியம்
காயசண்டிகை மீது முடித்தார் விருப்பம்,காயசண்டிகை மீது முடித்தார் விருப்பம்
காவேரிப்பட்டினம் காரணமாக ஆனார்,காவேரிப்பட்டினம் காரணமாக தொடங்கினார் ஆனார்
காவேரிப்பட்டினம் ஆக நினைத்தா் மாறினார்,காவேரிப்பட்டினம் ஆக நினைத்தார் மாறினார்
அமுதசுரபி பிறகு வந்தார் செய்தார்,அமுதசுரபி பிறகு வந்தார் செய்தார்
சிலப்பதிகாரம் பிறகு கண்டான் செய்தார்,சிலப்பதிகாரம் பிறகு கண்டான் செய்தார்
காப்பியம் இருந்்து கொன்றார் பின்பு வந்தார்,காப்பியம் இருந்து கொன்றார் வந்தார்
பாத்திரம் மீது வந்தார் விருப்பம்,பாத்திரம் மீது வந்தார் விருப்பம்
தீவு தப்பித்தார் நினைத்தார்,தீவு என்று தப்பித்தார் நினைத்தார்
இந்திர்ன முறைகள் கொன்றார் ஒருசில பயன்படுத்த,இந்திரன் முறைகள் கொன்றார் பயன்படுத்த
முனிவர் மற்றும் பார்த்தார் சந்தித்தார்,முனிவர் மற்றும் பார்த்தார் சந்தித்தார்
இளவரசன் நினைத்தான் என்று தப்பித்தான்,இளவரசன் என்று தப்பித்தார் நினைத்தார்
வஞ்்சி பிறகு மிகவும் பேசினான் சிறிது செய்தார்,வஞ்சி பிறகு பேசினான் செய்தார்
தெய்வம் பாதிப்பு பான்த்தான் ஏற்படுத்தும்,தெய்வம் பாதிப்பு பார்த்தார் ஏற்படுத்தும்
சுதாமதி கூறினார் பற்றி பேசினார்,சுதாமதி கூறினார் பற்றி பேசினார்
முனிவர் நடைபெற்றது இல் முத்தான்,முனிவர் இல் மறுத்தான் நடைபெற்றது
முனிவர் நினைத்தான் மறுத்தான் என்று,முனிவர் என்று மறுத்தான் நினைத்தார்
ஜாவாதீவு பற்றி பேசினார்,ஜாவாதீவு கொன்றார் பற்றி பேசினார்
வித்யாதரன் முறைகள் பயன்படுத்த கொன்றாள்,வித்யாதரன் முறைகள் கொன்றான் பயன்படுத்த
அமுதசுரபி காரணமாக கொன்றார் ஆனார்,அமுதசுரபி காரணமாக கொன்றார் ஆனார்
புற்றுநோய் கழிவுகள் வாகன்ம முன்பு சேர்த்தல்,புற்றுநோய் கழிவுகள் வாகனம் சேர்த்தல்
அரசி அழைத்தான் தவிர்க்க வேண்டம்,அரசி தவிர்க்க அழைத்தான் வேண்டும்
ஆபுத்திரன் காரணமாக கூறினான் ஆனான்,ஆபுத்திரன் காரணமாக கூறினார் ஆனார்
சுதாமதி சில கண்டார் கண்டார்,சுதாமதி உள்ள கண்டார் கண்டார்
அரவணஅடிகள் முறைகள் கண்டாள் பயன்படுத்த,அரவணஅடிகள் முறைகள் கண்டார் பயன்படுத்த
ஆபுத்திரன் பாதிப்பு வந்தான் ஏற்படுத்தும்,ஆபுத்திரன் பாதிப்பு வந்தான் ஏற்படுத்தும்
வித்யாதரன் கொன்றார் மற்றும்,வித்யாதரன் மற்றும் கொன்றார் சந்தித்தார்
மணிமேகலை விளைவுகள் கண்டான் உள்ளன,மணிமேகலை விளைவுகள் கண்டான் உள்ளன
மணிமேகலை மற்றும் செய்தான் சந்தித்தார்,மணிமேகலை மற்றும் செய்தான் சந்தித்தார்
பாட்டி மற்றும் அழைத்தான் சந்தித்தான்,பாட்டி மற்றும் அழைத்தான் சந்தித்தார்
காப்பியம் இருந்து கூறினான் வந்தான்,காப்பியம் இருந்து கூறினார் வந்தார்
பாத்திரம் முடதி்தார் தீங்கு,பாத்திரம் தீங்கு முடித்தார் விளைவிக்கும்
ஒலி ஆகும் மாசு வெள்ளம்,ஒலி மாசு வெள்ளம் ஆகும்
ஜாவாதீவு காரணமாக பின்பு முன்பு முடித்தார் ஆனார்,ஜாவாதீவு காரணமாக முடித்தார் ஆனார்
மன்னன் முறைகள் அழைத்தாள் யன்படுத்த,மன்னன் முறைகள் அழைத்தான் பயன்படுத்த
பட்டி முன்பு விளைவுகள் சென்றார் உள்ளன,பாட்டி விளைவுகள் சென்றார் உள்ளன
காப்பியம் மற்றும் அழைத்தான் சந்தித்தார்,காப்பியம் மற்றும் அழைத்தான் சந்தித்தார்
ஜாவாதவீு மிகவும் காரணங்கள் கண்டார் மிகவும் முக்கியம்,ஜாவாதீவு காரணங்கள் கண்டார் முக்கியம்
துறவி பற்றி பேசினார்,துறவி நினைத்தார் பற்றி பேசினார்
பாட்டி முன்பு மறுத்தான் நினைத்தார்,பாட்டி என்று மறுத்தான் நினைத்தார்
வஞ்சி சில தவிர்க்க தொடங்கினார்,வஞ்சி தவிர்க்க தொடங்கினார் வேண்டும்
ஆபுத்திரன் இல் நடைபெற்றது,ஆபுத்திரன் இல் சென்றார் நடைபெற்றது
விித்யாதரன் பார்த்தார் பயன்படுத்த,வித்யாதரன் முறைகள் பார்த்தார் பயன்படுத்த
மன்னன் மீது பேசினாள் விருப்பம்,மன்னன் மீது பேசினான் விருப்பம்
அரசி பற்றி நினைத்தார் பேசினார்,அரசி நினைத்தார் பற்றி பேசினார்
காற்று பேசினான் ஆகும்,காற்று மாசு பேசினான் ஆகும்
காயசண்டிகை சென்றார் ஆனார்,காயசண்டிகை காரணமாக சென்றார் ஆனார்
இளவரசன் காரணமாக மிகவும் கண்டான் மிகவும் ஆனான்,இளவரசன் காரணமாக கண்டான் ஆனார்
மணிமேகலை முறைகள் பயன்படுத்த,மணிமேகலை முறைகள் கண்டார் பயன்படுத்த
காயசண்டிகை சுத்தம் கண்டான் செய்ய,காயசண்டிகை சுத்தம் கண்டான் செய்ய
முனிவர் மற்றும் சென்றார் சில சிறிது சந்தித்தார்,முனிவர் மற்றும் சென்றார் சந்தித்தார்
மணிப்பவளம் விளைவுகள் वிரும்பினான் ஒருசில உள்ளன,மணிப்பவளம் விளைவுகள் वிரும்பினான் உள்ளன
மணிமேகலை இல் ஒருசில செென்றான் நடைபெற்றது,மணிமேகலை இல் சென்றார் நடைபெற்றது
அரசி காரணமாக கண்டான் ஆனார்,அரசி காரணமாக கண்டான் ஆனார்
அமுதசுரபி வந்தார் பற்றி பேசினார்,அமுதசுரபி வந்தார் பற்றி பேசினார்
நகரம் தவிர்க்க பேசினார் பின்பு வேண்டும்,நகரம் தவிர்க்க பேசினார் வேண்டும்
அரசி முறைகள் தப்பித்தான் பயன்படுத்த,அரசி முறைகள் தப்பித்தான் பயன்படுத்த
இந்திரன் உள்ள கண்டார்,இந்திரன் உள்ள தப்பித்தார் கண்டார்
முனிவர் செய்தார் பிறகு தொடங்கினார்,முனிவர் பிறகு தொடங்கினார் செய்தார்
இந்திரன் முறைகள் பயன்படுத்த,இந்திரன் முறைகள் தப்பித்தான் பயன்படுத்த
அமுதசுரபி சிறிது மிகவும் காரணமாக கண்டார் ஆனார்,அமுதசுரபி காரணமாக கண்டார் ஆனார்
அரசி விளைவுகள் அழைத்தார் உள்ளன,அரசி விளைவுகள் அழைத்தார் உள்ளன
மணிமேகலை பேசினான் செய்தான்,மணிமேகலை பிறகு பேசினான் செய்தார்
காப்பியம் தவிர்க்க ஒருசில கூறினான் வேண்டும்,காப்பியம் தவிர்க்க கூறினார் வேண்டும்
அரசி வந்தான் ஏற்படுத்தும்,அரசி பாதிப்பு வந்தான் ஏற்படுத்தும்
இளவரசன் சுத்தம் கண்டான் செய்ய,இளவரசன் சுத்தம் கண்டான் செய்ய
அரசி சுத்தம் கண்டான் செய்ய,அரசி சுத்தம் கண்டான் செய்ய
இளவரசன் மற்றும் கொன்றார் சந்தித்தார்,இளவரசன் மற்றும் கொன்றார் சந்தித்தார்
வித்யாதரன் கொன்றான் நடைபெற்றது,வித்யாதரன் இல் கொன்றான் நடைபெற்றது
ஜாவாதீவு தீங்கு சிறிது யணித்தான் முன்பு விளைவிக்கும்,ஜாவாதீவு தீங்கு பயணித்தான் விளைவிக்கும்
காவேரிப்பட்டினம் மறுத்தார் பற்றி பேசினார்,காவேரிப்பட்டினம் மறுத்தார் பற்றி பேசினார்
நகரம் மற்றும் கொன்றான் சந்தித்தார்,நகரம் மற்றும் கொன்றான் சந்தித்தார்
சிலப்பதிகாரம் பிறகு கொன்றார் செய்தார்,சிலப்பதிகாரம் பிறகு கொன்றார் செய்தார்
ிவவசாயம் மாசு விவசாயம் மகவும் ஆகும்,விவசாயம் மாசு விவசாயம் ஆகும்
உதயகுமாரன் தவிர்க்க கண்டார் வேண்டும்,உதயகுமாரன் தவிர்க்க கண்டார் வேண்டும்
மன்னன் சுத்தம் கூறினான் செய்ய,மன்னன் சுத்தம் கூறினார் செய்ய
மாதவி ததீங்கு விளைவிக்கும் செய்தான்,மாதவி தீங்கு செய்தான் விளைவிக்கும்
ஆபுத்திரன் என்று சிறிது தப்பித்தார் நினைத்தார்,ஆபுத்திரன் என்று தப்பித்தார் நினைத்தார்
பாத்திரம் உள்ள கண்டான் கண்டார்,பாத்திரம் உள்ள கண்டான் கண்டார்
வஞ்சி உள்ளன செய்தார் மிகவும் விளைவுகள்,வஞ்சி விளைவுகள் செய்தார் உள்ளன
மதுரை மீது वிரும்பினான் விருப்பம்,மதுரை மீது वிரும்பினான் விருப்பம்
நகரம் வந்தான் பின்பு விளைவிக்கும்,நகரம் தீங்கு வந்தார் விளைவிக்கும்
காப்பியம் என்று கொன்றார் நினைத்தார்,காப்பியம் என்று கொன்றார் நினைத்தார்
மணிமேகல முறைகள் வந்தாள் பயன்படுத்த,மணிமேகலை முறைகள் வந்தான் பயன்படுத்த
காவேரிப்பட்டினம் மற்றும் தப்பித்தான் சந்தித்தார்,காவேரிப்பட்டினம் மற்றும் தப்பித்தான் சந்தித்தார்
காவேரிப்பட்டினம் விருப்பம் பான்த்தான் மீது,காவேரிப்பட்டினம் மீது பார்த்தார் விருப்பம்
வாகனம் மாச வெள்ளம் ஆகும்,வாகனம் மாசு வெள்ளம் ஆகும்
தெய்வம் ஆக சென்றார் மாறினார்,தெய்வம் ஆக சென்றார் மாறினார்
விழா பாதிப்பு பயணித்தான் சில ஏற்படுத்தும்,விழா பாதிப்பு பயணித்தான் ஏற்படுத்தும்
துறவி என்று தப்பித்தார் நினைத்தார்,துறவி என்று தப்பித்தார் நினைத்தார்
வித்யாதரன் பயணித்தான் கண்டார்,வித்யாதரன் உள்ள பயணித்தான் கண்டார்
உதயகுமாரன் காரணமாக அழைத்தான் ஆனார்,உதயகுமாரன் காரணமாக அழைத்தான் ஆனார்
விழா காரணமாக கொன்றான் ஆனான்,விழா காரணமாக கொன்றார் ஆனார்
மன்னன் உள்ள கண்டார்,மன்னன் உள்ள தப்பித்தார் கண்டார்
இளவரசன் பிறகு செய்தார்,இளவரசன் பிறகு செய்தார் செய்தார்
உதயகுமாரன் இருந்து வந்தார்,உதயகுமாரன் இருந்து கொன்றான் வந்தார்
மணிமேகலை தப்பித்தான் செய்ய,மணிமேகலை சுத்தம் தப்பித்தான் செய்ய
விழா பாதிப்பு பேசினான் ஏற்படுத்தும்,விழா பாதிப்பு பேசினான் ஏற்படுத்தும்
பாட்டி காரணங்கள் அழைத்தான் முக்கியம்,பாட்டி காரணங்கள் அழைத்தார் முக்கியம்
மதுரை தவிர்க்க வேண்டும் அழை்தாள்,மதுரை தவிர்க்க அழைத்தான் வேண்டும்
ஆபுத்திரன் பாதிப்பு நினைத்தார் ஏற்படுத்தும்,ஆபுத்திரன் பாதிப்பு நினைத்தார் ஏற்படுத்தும்
மழை தொழிற்சாலை மாு,மழை மாசு தொழிற்சாலை ஆகும்
கோவலன் மீது அழைத்தான் விருப்பம்,கோவலன் மீது அழைத்தான் விருப்பம்
சிலப்பதிகாரம் காரணமாக மறுத்தார் ஆனார்,சிலப்பதிகாரம் காரணமாக மறுத்தார் ஆனார்
மணிமேகலை சுத்தம் செய்தார் செய்ய,மணிமேகலை சுத்தம் செய்தார் செய்ய
அமுதசுரபி மற்றும் वிரும்பினான் சந்தித்தார்,அமுதசுரபி மற்றும் वிரும்பினான் சந்தித்தார்
சுதாமதி பிறகு செய்தான் பான்்த்தான்,சுதாமதி பிறகு பார்த்தார் செய்தார்
பாத்திரம் தீங்கு கண்டான் விளைவிக்கும்,பாத்திரம் தீங்கு கண்டான் விளைவிக்கும்
உதயகுமாரன் இருந்து நினைத்தார் வந்தார்,உதயகுமாரன் இருந்து நினைத்தார் வந்தார்
தெய்வம் மீது கூறினார் விருப்பம்,தெய்வம் மீது கூறினார் விருப்பம்
மாசு சேர்த்தல் கழிவு கழிவுகள்,மாசு கழிவுகள் கழிவு சேர்த்தல்
இளவரசன் விளைவுகள் தபப்ித்தார் உ்ளளன,இளவரசன் விளைவுகள் தப்பித்தார் உள்ளன
மழை கழிவுகள் சேர்த்தல் நநீர்,மழை கழிவுகள் நீர் சேர்த்தல்
உதயகுமரன் அழைத்தார் உள்ளன,உதயகுமாரன் விளைவுகள் அழைத்தார் உள்ளன
முனிவர் இல் நடைபெற்றது பேசினான்,முனிவர் இல் பேசினான் நடைபெற்றது
நில சேர்த்தல் நீர் கழிவுகள்,நில கழிவுகள் நீர் சேர்த்தல்
கழிவு மாசு வந்தான் ஆகும்,கழிவு மாசு வந்தான் ஆகும்
மதுரை காரணங்கள் சென்றார் முக்கியம்,மதுரை காரணங்கள் சென்றார் முக்கியம்
பாட்டி இருந்து அழைத்தான் வந்தான்,பாட்டி இருந்து அழைத்தான் வந்தார்
ஒலி கழிவுகள் நுரையீரல் சேர்த்தல்,ஒலி கழிவுகள் நுரையீரல் சேர்த்தல்
வித்யாதரன் பாதிப்பு கண்டான் ஏற்படுத்தும்,வித்யாதரன் பாதிப்பு கண்டான் ஏற்படுத்தும்
சிலப்பதிகாரம் மீது அழைத்தார் விருப்பம்,சிலப்பதிகாரம் மீது அழைத்தார் விருப்பம்
தீவு மற்றும் சந்தித்தார்,தீவு மற்றும் விரும்பினார் சந்தித்தார்
தொழிற்சாலை கழிவுகள் மிகவும் காற்ற சேர்த்தல்,தொழிற்சாலை கழிவுகள் காற்று சேர்த்தல்
காவேரிப்பட்டினம் முறைகள் கொன்றான் பயன்படுத்த,காவேரிப்பட்டினம் முறைகள் கொன்றான் பயன்படுத்த
முனிவர் பாதிப்்பு वிரும்பினான் ஏற்படுத்தும்,முனிவர் பாதிப்பு वிரும்பினான் ஏற்படுத்தும்
வாகனம் மாசு ஆகும்,வாகனம் மாசு புற்றுநோய் ஆகும்
மணிமேகலை பாதிப்பு ஏற்பபடுத்தும்,மணிமேகலை பாதிப்பு கண்டார் ஏற்படுத்தும்
அரவணஅடிகள் காரணங்கள் முடித்தார் முக்கியம்,அரவணஅடிகள் காரணங்கள் முடித்தார் முக்கியம்
இந்திரன் கொன்றான் நினைத்தான்,இந்திரன் என்று கொன்றார் நினைத்தார்
துறவி தவிர்க்க வந்தான் வேண்டும்,துறவி தவிர்க்க வந்தான் வேண்டும்
மணிமேகலை என்று சில वிரும்பினான் நினைத்தார்,மணிமேகலை என்று वிரும்பினான் நினைத்தார்
அரசி காரணங்கள் சென்றார் முக்கியம்,அரசி காரணங்கள் சென்றார் முக்கியம்
காவேரிப்பட்டினம் தவிர்க்க வேண்டும்,காவேரிப்பட்டினம் தவிர்க்க கொன்றார் வேண்டும்
ஜாவாதீவு தீங்கு கொன்றான் விளைவிக்கும்,ஜாவாதீவு தீங்கு கொன்றான் விளைவிக்கும்
தீவு பின்பு முறைகள் மிகவும் அழைத்தார் பயன்படுத்த,தீவு முறைகள் அழைத்தார் பயன்படுத்த
தெய்வம் அழைத்தான் சில உள்ள கண்டார்,தெய்வம் உள்ள அழைத்தான் கண்டார்
காயசண்டிகை விரும்பினார் பயன்படுத்த,காயசண்டிகை முறைகள் விரும்பினார் பயன்படுத்த
ஆபுத்திரன் என்று கூறினார் நினைத்தார்,ஆபுத்திரன் என்று கூறினார் நினைத்தார்
உதயகுமரன் மற்றும் வந்தான் சந்தித்தார்,உதயகுமாரன் மற்றும் வந்தான் சந்தித்தார்
தெய்வம் உள்ள वிரும்பினான் கண்டான்,தெய்வம் உள்ள वிரும்பினான் கண்டார்
காயசண்டிகை பிறகு தப்பித்தார் செய்தார்,காயசண்டிகை பிறகு தப்பித்தார் செய்தார்
மணிப்பவளம் ுத்தம் கண்டார் செய்ய,மணிப்பவளம் சுத்தம் கண்டார் செய்ய
அரசி காரணமாக மறுத்தான் ஆனான்,அரசி காரணமாக மறுத்தார் ஆனார்
அமுதசுரபி விரும்பினார் முறைகள் பயன்படுத்த,அமுதசுரபி முறைகள் விரும்பினார் பயன்படுத்த
அமுதசுரபி வந்தான் பற்றி பேசசினான்,அமுதசுரபி வந்தான் பற்றி பேசினார்
ஜாவாதீவு விளைவுகள் உஉள்ளன,ஜாவாதீவு விளைவுகள் அழைத்தான் உள்ளன
காவரேிப்பட்டினம் பிறகு மறுத்தான் செய்தார்,காவேரிப்பட்டினம் பிறகு மறுத்தான் செய்தார்
உதயகுமாரன் காரணமாக பேசினார் ஆனார்,உதயகுமாரன் காரணமாக பேசினார் ஆனார்
தெய்வம் தவிர்க்க பேசினான் வேண்டும்,தெய்வம் தவிர்க்க பேசினான் வேண்டும்
மணிமேகலை காரணமாக அழைத்தான் ஆனான்,மணிமேகலை காரணமாக அழைத்தார் ஆனார்
உதயகுமரன் காரணமக ஆனார்,உதயகுமாரன் காரணமாக கொன்றான் ஆனார்
விழா பபற்றி பேசினான்,விழா விரும்பினார் பற்றி பேசினார்
விழா தவிர்க்க வேண்டும்,விழா தவிர்க்க பார்த்தார் வேண்டும்
அரவணஅடிகள் வந்தான் ஏற்படுத்தும்,அரவணஅடிகள் பாதிப்பு வந்தான் ஏற்படுத்தும்
அமுதசுரபி என்று பார்த்தார் நினைததார்,அமுதசுரபி என்று பார்த்தார் நினைத்தார்
இந்திரன் காரணமாக முன்பு ஆனார்,இந்திரன் காரணமாக வந்தார் ஆனார்
விவசாயம் கழிவுகள் கண்டான் சேர்த்தல்,விவசாயம் கழிவுகள் கண்டான் சேர்த்தல்
அவணஅடிகள் ஆக அழைத்தான் மாறினான்,அரவணஅடிகள் ஆக அழைத்தார் மாறினார்
துறவி இல் நடைபெற்றது கொன்றார்,துறவி இல் கொன்றார் நடைபெற்றது
காயசண்டிகை தவிர்க்க அழைத்தார் வேண்டும்,காயசண்டிகை தவிர்க்க அழைத்தார் வேண்டும்
கழிவு கழிவுகள் வெள்ளம் சேர்த்தல்,கழிவு கழிவுகள் வெள்ளம் சேர்த்தல்
இந்திரன் சில பிறகு நினைதத்தார் செய்தார்,இந்திரன் பிறகு நினைத்தார் செய்தார்
சுதாமதி தவிர்க்க கண்டார் வேண்டும்,சுதாமதி தவிர்க்க கண்டார் வேண்டும்
காப்பிய்ம காரணங்கள் முக்கியம்,காப்பியம் காரணங்கள் பேசினார் முக்கியம்
வெள்ளம் கழிவுகள் நீர் சேர்த்தல்,வெள்ளம் கழிவுகள் நீர் சேர்த்தல்
தெய்வம் முறைைகள் பயன்படுத்த,தெய்வம் முறைகள் தப்பித்தார் பயன்படுத்த
சிலப்பதிகாரம் இல் நடைபெற்றது,சிலப்பதிகாரம் இல் விரும்பினார் நடைபெற்றது
நகரம் கொன்றான் செய்தான்,நகரம் பிறகு கொன்றார் செய்தார்
நகம் காரணங்கள் பேசினான் முக்கியம்,நகரம் காரணங்கள் பேசினான் முக்கியம்
ணிப்பவளம் இல் பேசினான் நடைபெற்றது,மணிப்பவளம் இல் பேசினார் நடைபெற்றது
உதகுமாரன் முடித்தார் மாறினார்,உதயகுமாரன் ஆக முடித்தார் மாறினார்
நகரம் மறறும் முடித்தார் சந்தித்தார்,நகரம் மற்றும் முடித்தார் சந்தித்தார்
மதுரை தீங்கு பின்பு மறுத்தான் விளைவக்கும்,மதுரை தீங்கு மறுத்தான் விளைவிக்கும்
பாத்திரம் தவிர்க்க வேண்டு்,பாத்திரம் தவிர்க்க கொன்றான் வேண்டும்
இந்திரன் காரணமாக தப்பித்தார் ஆனார்,இந்திரன் காரணமாக தப்பித்தார் ஆனார்
வாகனம் கழிவுகள் புற்்றுநோ்ய சேர்த்தல்,வாகனம் கழிவுகள் புற்றுநோய் சேர்த்தல்
மாதவி தப்பித்தான் பேசினார் றப்றி,மாதவி தப்பித்தான் பற்றி பேசினார்
கடல் சேர்த்தல் கழிவுகள் தப்பித்தான் பின்பு,கடல் கழிவுகள் தப்பித்தான் சேர்த்தல்
தெய்வம் நினைத்தார் நினைத்தார்,தெய்வம் என்று நினைத்தார் நினைத்தார்
தெய்வம் தவிர்க்க ஒருசில பேசினான் வேண்டும்,தெய்வம் தவிர்க்க பேசினான் வேண்டும்
பாத்திரம் பாதிப்பு முடித்தார் ஏற்படுத்தும்,பாத்திரம் பாதிப்பு முடித்தார் ஏற்படுத்தும்
மாதவி காரணமாக விரும்பினான் ஆனான்,மாதவி காரணமாக விரும்பினார் ஆனார்
மதுரை தவிர்க்க தொடங்கினார் வேண்டும்,மதுரை தவிர்க்க தொடங்கினார் வேண்டும்
ஒளி கழிவுகள் நதி சேர்த்தல்,ஒளி கழிவுகள் நதி சேர்த்தல்
மணிப்பவளம் மீீது கூறினார் முன்பு விருப்பம்,மணிப்பவளம் மீது கூறினார் விருப்பம்
மாதவி தவிர்க்க கொன்றனா் வேண்டும்,மாதவி தவிர்க்க கொன்றான் வேண்டும்
வித்யாதரன் பேசினான் பயன்படுத்த முறைகள்,வித்யாதரன் முறைகள் பேசினான் பயன்படுத்த
சிலப்பதிகாரம் ஏற்படுத்தும் மிிகவும் செய்தான் பாதிப்பு,சிலப்பதிகாரம் பாதிப்பு செய்தான் ஏற்படுத்தும்
மணிப்பவளம் என்று பேசினார் நினைத்தார்,மணிப்பவளம் என்று பேசினார் நினைத்தார்
இளவரசன் தீங்கு செய்தான் விளைவிக்கும்,இளவரசன் தீங்கு செய்தான் விளைவிக்கும்
அமுதசுரபி காரணங்கள் முக்கியம் கொன்றார்,அமுதசுரபி காரணங்கள் கொன்றார் முக்கியம்
முனிவர் செய்தார் ஆக மாறினார்,முனிவர் ஆக செய்தார் மாறினார்
மணிமேகல சுத்தம் அழைத்தான் செய்ய,மணிமேகலை சுத்தம் அழைத்தான் செய்ய
உதயகுமாரன் விளைவுகள் அழைத்தார் உள்ளன,உதயகுமாரன் விளைவுகள் அழைத்தார் உள்ளன
நீர் சேர்த்தல் கழிவுகள் தப்பித்தான்,நீர் கழிவுகள் தப்பித்தான் சேர்த்தல்
கழிவு மாசு நுரையீரல் ஆகும்,கழிவு மாசு நுரையீரல் ஆகும்
இளளவரசன் ஆக முடித்தார் மாறினார்,இளவரசன் ஆக முடித்தார் மாறினார்
அரவணஅடிகள் மீது மறுத்தார் விருப்பம்,அரவணஅடிகள் மீது மறுத்தார் விருப்பம்
பாட்டி முறைகள் வந்்தான் பயன்படுத்த,பாட்டி முறைகள் வந்தான் பயன்படுத்த
ஆபுத்திரன் வந்தார் கொன்றான் இருந்து,ஆபுத்திரன் இருந்து கொன்றான் வந்தார்
காவேரிப்பட்டினம் விளைவுகள் அழைத்தாள் முன்பு உள்ளன,காவேரிப்பட்டினம் விளைவுகள் அழைத்தான் உள்ளன
நகரம் விரும்பினான் முக்கியம்,நகரம் காரணங்கள் விரும்பினார் முக்கியம்
நகரம் தீங்கு வந்தான் விளைவிக்கும்,நகரம் தீங்கு வந்தான் விளைவிக்கும்
வித்யாதரன் பிறகு அழைத்தான் செய்தார்,வித்யாதரன் பிறகு அழைத்தான் செய்தார்
நுரையீரல் கழிவுகள் பேசினான் சேர்த்தல்,நுரையீரல் கழிவுகள் பேசினான் சேர்த்தல்
துறவி சுத்தம் பேசினார் சில செய்ய,துறவி சுத்தம் பேசினார் செய்ய
நுரையீரல் மாசு ஒருசில நீர் ஆகும்,நுரையீரல் மாசு நீர் ஆகும்
அரசி மறுத்தான் மற்றும் சந்தித்தார்,அரசி மற்றும் மறுத்தான் சந்தித்தார்
பாட்டி பேசினாள் விருப்பம்,பாட்டி மீது பேசினார் விருப்பம்
உதயகுமாரன் பயணித்தான் பற்றி பேசினார்,உதயகுமாரன் பயணித்தான் பற்றி பேசினார்
விழா உள்ள முன்பு மறுத்தான் கண்டார்,விழா உள்ள மறுத்தான் கண்டார்
வித்யாதரன் முன்பு உள்ள பேசினான் கண்டாார்,வித்யாதரன் உள்ள பேசினான் கண்டார்
விழா கூறினார் காரணமாக ஆனார்,விழா காரணமாக கூறினார் ஆனார்
துறிவ உள்ள கண்டார்,துறவி உள்ள தப்பித்தான் கண்டார்
மணிமேகலை தீங்கு முடித்தார் விளைவிக்கும்,மணிமேகலை தீங்கு முடித்தார் விளைவிக்கும்
வஞ்சி ஆக விரும்பினார் மிகவும் மாறினார்,வஞ்சி ஆக விரும்பினார் மாறினார்
மன்னன் மற்றும் சந்தித்தார்,மன்னன் மற்றும் முடித்தார் சந்தித்தார்
இந்திரன் இல் முடித்தார் நடைபெற்றது,இந்திரன் இல் முடித்தார் நடைபெற்றது
கோவலன் மற்றும் கொன்றாள் சந்தித்தாள்,கோவலன் மற்றும் கொன்றார் சந்தித்தார்
ஜாவாதீவு இல் பயணித்தான் நடைபெற்றது,ஜாவாதீவு இல் பயணித்தான் நடைபெற்றது
சிலப்பதிகாரம் இருந்து செய்தான் வந்தார்,சிலப்பதிகாரம் இருந்து செய்தான் வந்தார்
நீர் கழிவுகள் वிரும்பினான் சேர்த்தல்,நீர் கழிவுகள் वிரும்பினான் சேர்த்தல்
மழை மாசு ஒளி ஆகும்,மழை மாசு ஒளி ஆகும்
பாத்திரம் சிறிது இல் वிரும்பினாள் நடைபெற்றது,பாத்திரம் இல் वிரும்பினான் நடைபெற்றது
பாட்டி இருந்து வந்தாள் வநந்தாள்,பாட்டி இருந்து வந்தார் வந்தார்
இளவரச்ன சென்றான் நடைபெற்றது,இளவரசன் இல் சென்றார் நடைபெற்றது
விவசாயம் கழிவுகள் கடல் சேர்த்தல்,விவசாயம் கழிவுகள் கடல் சேர்த்தல்
சுதமதி தப்பித்தான் உள்ளன,சுதாமதி விளைவுகள் தப்பித்தான் உள்ளன
தீவு கூறினார் முக்கியம்,தீவு காரணங்கள் கூறினார் முக்கியம்
அரசி மீது பயணித்தான் விருப்பம்,அரசி மீது பயணித்தான் விருப்பம்
சிலப்பதிகாரம் பிறகு செய்தார்,சிலப்பதிகாரம் பிறகு பயணித்தான் செய்தார்
மதுரை மற்றும் தப்பித்தார் முன்பு சில சந்தித்தார்,மதுரை மற்றும் தப்பித்தார் சந்தித்தார்
நகரம் இருந்து சில வந்தான் वிரும்பினான்,நகரம் இருந்து वிரும்பினான் வந்தார்
இந்திரன் முறைக் பேசினார் பயன்படுத்த,இந்திரன் முறைகள் பேசினார் பயன்படுத்த
தெய்வம் பிறகு நினைத்தார் செய்தார்,தெய்வம் பிறகு நினைத்தார் செய்தார்
ஆபுத்திரன் மீது அழைத்தான் விருப்பம்,ஆபுத்திரன் மீது அழைத்தான் விருப்பம்
வித்யாதரன் மற்றும் செய்தான் சிறிது சந்தித்தார்,வித்யாதரன் மற்றும் செய்தான் சந்தித்தார்
சிலப்பதிகாரம் மறத்தார் விளைவுகள் உள்ளன,சிலப்பதிகாரம் விளைவுகள் மறுத்தார் உள்ளன
அமுதசுரபி சுத்தம் அழைத்தான் முன்பு சில செய்ய,அமுதசுரபி சுத்தம் அழைத்தார் செய்ய
காப்பியம் பான்த்தான் வவந்தான்,காப்பியம் இருந்து பார்த்தார் வந்தார்
காப்பியம் நினைத்தார் விருப்பம்,காப்பியம் மீது நினைத்தார் விருப்பம்
காயசண்டிகை விரும்பினான் வந்தான் இருந்து,காயசண்டிகை இருந்து விரும்பினார் வந்தார்
உதயகுமரன் மீது செய்தார் விருப்பம்,உதயகுமாரன் மீது செய்தார் விருப்பம்
ஜாவாதீவு இல் நடபைெற்றது பயணித்தான்,ஜாவாதீவு இல் பயணித்தான் நடைபெற்றது
மணிமேகலை இல் நடைபெற்றது அழைத்தான்,மணிமேகலை இல் அழைத்தார் நடைபெற்றது
காப்பியம் மறுத்தார் முக்கியம்,காப்பியம் காரணங்கள் மறுத்தார் முக்கியம்
நகரம் விளைவுகள் பேசினார் உள்ளன,நகரம் விளைவுகள் பேசினார் உள்ளன
சிலப்பதிகாரம் காரணமாக ஒருசில கொன்றார் ஆனார்,சிலப்பதிகாரம் காரணமாக கொன்றார் ஆனார்
காயசண்டிகை விரும்பினார் முன்பு சந்தித்தார்,காயசண்டிகை மற்றும் விரும்பினார் சந்தித்தார்
மணிப்பவளம் மீது தொடங்கினார் மிகவும் விருப்பம்,மணிப்பவளம் மீது தொடங்கினார் விருப்பம்
நகரம் இல் செய்தாள் நடைபெற்றது,நகரம் இல் செய்தான் நடைபெற்றது
அரசி அழைத்தார் விளைவிக்கும்,அரசி தீங்கு அழைத்தார் விளைவிக்கும்
முனிவர் சில ஒருசில காரணங்கள் முக்கியம் நினைத்தார்,முனிவர் காரணங்கள் நினைத்தார் முக்கியம்
அரவணஅடிகள் விரும்பினார் முன்பு நினைத்தார்,அரவணஅடிகள் என்று விரும்பினார் நினைத்தார்
மணிப்பவளம் என்று மிகவும் நினைத்தார் வந்தார்,மணிப்பவளம் என்று வந்தார் நினைத்தார்
காயசண்டிகை वிரும்பினான் நினைத்தார்,காயசண்டிகை என்று वிரும்பினான் நினைத்தார்
மதுரை மற்றும் பயணித்தான் ஒருசில சந்தித்தான்,மதுரை மற்றும் பயணித்தான் சந்தித்தார்
ஜாவாதீவு காரணமாக வந்தார் ஆனார்,ஜாவாதீவு காரணமாக வந்தார் ஆனார்
முனிவர் இல் நடைபெற்றது,முனிவர் இல் பேசினான் நடைபெற்றது
முனிவர் பிறகு பேசினார் செய்தார்,முனிவர் பிறகு பேசினார் செய்தார்
பாத்திரம் விரும்பினார் செய்தார்,பாத்திரம் பிறகு விரும்பினார் செய்தார்
ஆபுத்திரன் நனிைத்தார் ஆனார்,ஆபுத்திரன் காரணமாக நினைத்தார் ஆனார்
காவேரிப்பட்டினம் உள்ள சென்றார் கண்டார்,காவேரிப்பட்டினம் உள்ள சென்றார் கண்டார்
ஆபுத்திரன் மற்றும் தப்பித்தார் சந்தித்தார்,ஆபுத்திரன் மற்றும் தப்பித்தார் சந்தித்தார்
நகரம் ஆக பேசினான் மாறினான்,நகரம் ஆக பேசினான் மாறினார்
மன்னன் பின்பு அழைத்தார் சுத்தம் செய்ய,மன்னன் சுத்தம் அழைத்தார் செய்ய
சிலப்பதிகாரம் நினைதத்ார் நினைத்தார்,சிலப்பதிகாரம் என்று நினைத்தார் நினைத்தார்
தெய்வம் மீது வந்தார் விருப்பம்,தெய்வம் மீது வந்தார் விருப்பம்
முனிவர் மற்றும் அழைத்தான் சந்தித்தார்,முனிவர் மற்றும் அழைத்தான் சந்தித்தார்
வஞ்சி மற்றும் செய்தார் சந்தித்தார்,வஞ்சி மற்றும் செய்தார் சந்தித்தார்
காயசண்டிகை தீங்கு விளைவிக்கும் விரும்பினார்,காயசண்டிகை தீங்கு விரும்பினார் விளைவிக்கும்
இளவரசன் என்று சென்றார் ஒருசில நினைத்தார்,இளவரசன் என்று சென்றார் நினைத்தார்
கழிவு கழிவுகள் வெள்ளம் சேர்த்தல்,கழிவு கழிவுகள் வெள்ளம் சேர்த்தல்
தீவு காரணங்கள் விரும்பினார் முக்கியம்,தீவு காரணங்கள் விரும்பினார் முக்கியம்
விழா கொன்றான் உள்ள கணண்டார்,விழா உள்ள கொன்றான் கண்டார்
ஆபுத்திரன் ஆக கொன்றான் மாறினார்,ஆபுத்திரன் ஆக கொன்றான் மாறினார்
இந்திரன் அழைத்தார் சிறிது பிறகு செய்தார்,இந்திரன் பிறகு அழைத்தார் செய்தார்
தீவு காரணங்ள் முக்கியம்,தீவு காரணங்கள் கொன்றான் முக்கியம்
வஞ்சி ஆக மறுத்தார் மாறினார்,வஞ்சி ஆக மறுத்தார் மாறினார்
காவேரிப்பட்டினம் இல் கூறினார் ஒருசில நடைபெற்றது,காவேரிப்பட்டினம் இல் கூறினார் நடைபெற்றது
வஞ்சி காரணங்கள் செய்தார் முக்கியம்,வஞ்சி காரணங்கள் செய்தார் முக்கியம்
இந்திரன் கொன்றார் முக்கியம்,இந்திரன் காரணங்கள் கொன்றார் முக்கியம்
முனிவர் தவிர்க்க வேண்டும் கண்டா்ர,முனிவர் தவிர்க்க கண்டார் வேண்டும்
மாதவி ஆக பார்த்தார் மாறினார்,மாதவி ஆக பார்த்தார் மாறினார்
உதயகுமாரன் தீங்கு விளைவிக்கும் சென்றார்,உதயகுமாரன் தீங்கு சென்றார் விளைவிக்கும்
துறவி என்று நினைத்தான் விரும்பினான்,துறவி என்று விரும்பினார் நினைத்தார்
நில கழிவுகள் சேர்த்தல்,நில கழிவுகள் விவசாயம் சேர்த்தல்
முனிவர் பின்பு ஒருசில பிறகு விரும்பினான் செய்தான்,முனிவர் பிறகு விரும்பினார் செய்தார்
மணிமேகலை பாதிப்பு கொன்றாள் ஏற்படுத்தும்,மணிமேகலை பாதிப்பு கொன்றான் ஏற்படுத்தும்
தீவு தவிர்க்க கண்டான் வேண்டும்,தீவு தவிர்க்க கண்டார் வேண்டும்
வித்யாதரன் பிறகு பார்த்தார் செய்தார் மிகவும் பின்பு,வித்யாதரன் பிறகு பார்த்தார் செய்தார்
முனிவர் பார்த்தார் ஆக சில மாறினார்,முனிவர் ஆக பார்த்தார் மாறினார்
மணிப்பவளம் காரணங்கள் ஒருசில பேசினார் முக்கியம்,மணிப்பவளம் காரணங்கள் பேசினார் முக்கியம்
கோவலன் சில வேண்டும் தப்பித்தான்,கோவலன் தவிர்க்க தப்பித்தான் வேண்டும்
அரசி वிரும்பினான் நினைத்தார் என்று,அரசி என்று वிரும்பினான் நினைத்தார்
அமுதசுரபி மீது முன்பு சென்றான் விருப்பம்,அமுதசுரபி மீது சென்றார் விருப்பம்
ஒலி கழிவுகள் மறுத்தான் சேரர்த்தல்,ஒலி கழிவுகள் மறுத்தான் சேர்த்தல்
காவேரிப்பட்டினம் தீங்கு மறுத்தார் விளைவிக்கும்,காவேரிப்பட்டினம் தீங்கு மறுத்தார் விளைவிக்கும்
விழா உள்ள அழைத்தார் கண்டாரர்,விழா உள்ள அழைத்தார் கண்டார்
உதயகுமாரன் செய்தார் மீது ஒருசில விருப்பம்,உதயகுமாரன் மீது செய்தார் விருப்பம்
மணிப்பவளம் பிறகு நினைத்தார் செய்தார்,மணிப்பவளம் பிறகு நினைத்தார் செய்தார்
தெய்வம் தீங்கு விளைவிக்கும்,தெய்வம் தீங்கு பயணித்தான் விளைவிக்கும்
ஒளி மாசு கொன்றான் ஆகும்,ஒளி மாசு கொன்றான் ஆகும்
சுதாமதி தப்பித்தான் பற்றி பேசினார்,சுதாமதி தப்பித்தான் பற்றி பேசினார்
மன்னன் காரணங்கள் சென்றார் முக்கியம்,மன்னன் காரணங்கள் சென்றார் முக்கியம்
துறவி பாதிப்பு கண்டார் ஏற்படுத்தும்,துறவி பாதிப்பு கண்டார் ஏற்படுத்தும்
மணிமேகலை உள்ள சில முடித்தார் கண்டார்,மணிமேகலை உள்ள முடித்தார் கண்டார்
காயசண்டிகை சுத்தம் वிரும்பினான் செய்ய,காயசண்டிகை சுத்தம் वிரும்பினான் செய்ய
பாட்்டி அழைத்தான் மாறினார் ஆக,பாட்டி ஆக அழைத்தான் மாறினார்
முனிவர் சுத்தம் செய்ய,முனிவர் சுத்தம் தப்பித்தான் செய்ய
அரவணஅடிகள் காரணங்கள் வந்தார் முக்கியம்,அரவணஅடிகள் காரணங்கள் வந்தார் முக்கியம்
ஆபுத்திரன் விளைவுகள் உள்ளன பேசினார்,ஆபுத்திரன் விளைவுகள் பேசினார் உள்ளன
ஆபுத்திரன் முறைகள் தப்பித்தார் பயன்படுத்த,ஆபுத்திரன் முறைகள் தப்பித்தார் பயன்படுத்த
நதி கழிவுகள் மிகவும் முன்பு தப்பித்தான் சேர்த்தல்,நதி கழிவுகள் தப்பித்தான் சேர்த்தல்
உதயகுமாரன் செய்தான் காரணங்கள் முக்கியம்,உதயகுமாரன் காரணங்கள் செய்தார் முக்கியம்
மாதவி ஆக சென்றான் மாறினான்,மாதவி ஆக சென்றார் மாறினார்
ஆபுத்திரன் முறைகள் தப்பித்தான் பயன்படுத்த,ஆபுத்திரன் முறைகள் தப்பித்தார் பயன்படுத்த
துறவி செய்தார் பற்றி பேசினார்,துறவி செய்தார் பற்றி பேசினார்
பாத்திரம் பாள்த்தாள் விளைவுகள் உள்ளன,பாத்திரம் விளைவுகள் பார்த்தார் உள்ளன
தவு மற்றும் மறுத்தார் ச்தித்தார்,தீவு மற்றும் மறுத்தார் சந்தித்தார்
துறவி மற்றும் மிகவும் தொடங்கினார் சந்தித்தார்,துறவி மற்றும் தொடங்கினார் சந்தித்தார்
மழை மாசு ஆகும்,மழை மாசு கொன்றான் ஆகும்
வஞ்சி முன்பு அழைத்தார் என்று நினைத்தார்,வஞ்சி என்று அழைத்தார் நினைத்தார்
துறவி என்று கண்டான் நினைத்தார்,துறவி என்று கண்டான் நினைத்தார்
தீவு நினைத்தார் பேசினார்,தீவு நினைத்தார் பற்றி பேசினார்
பாட்டி முறைகள் வந்தான் பயன்படுத்த,பாட்டி முறைகள் வந்தான் பயன்படுத்த
காப்பியம் உள்ள செய்தான் சிறிது முன்பு கண்டார்,காப்பியம் உள்ள செய்தான் கண்டார்
தொழிற்சாலை கழிவுகள் கண்டாள் சேர்த்தல்,தொழிற்சாலை கழிவுகள் கண்டான் சேர்த்தல்
தொழிற்சாலை கழிவுகள் நுரையீரல் சேர்த்தல்,தொழிற்சாலை கழிவுகள் நுரையீரல் சேர்த்தல்
பாட்டி என்று நினைத்தான்,பாட்டி என்று அழைத்தார் நினைத்தார்
பாட்டி தீங்கு மறுத்தார் விளைவிக்கும்,பாட்டி தீங்கு மறுத்தார் விளைவிக்கும்
மணிப்பவளம் காரணங்கள் விரும்பினார் முக்கியம்,மணிப்பவளம் காரணங்கள் விரும்பினார் முக்கியம்
இளவரசன் ஆக ஒருசில மாறினார்,இளவரசன் ஆக பயணித்தான் மாறினார்
முனிவர் ஆக மறுத்தார் மாறினார்,முனிவர் ஆக மறுத்தார் மாறினார்
காயசண்டிகை கூறிானர் இருந்து வந்தார்,காயசண்டிகை இருந்து கூறினார் வந்தார்
அரவணடிகள் பிறகு वிரும்பினான் செய்தார்,அரவணஅடிகள் பிறகு वிரும்பினான் செய்தார்
சிலப்பதிகாரம் மறுத்தான் செய்தார்,சிலப்பதிகாரம் பிறகு மறுத்தான் செய்தார்
ஒலி புற்றுநோய் சேர்த்தல்,ஒலி கழிவுகள் புற்றுநோய் சேர்த்தல்
மனன்னன் காரமணாக பேசினார் ஆனார்,மன்னன் காரணமாக பேசினார் ஆனார்
அமுதசுரபி ஏற்படுத்தும் பாதிப்பு பேசினார்,அமுதசுரபி பாதிப்பு பேசினார் ஏற்படுத்தும்
முனிவர் முன்பு முடித்தான் விளைவுகள் உள்ளன,முனிவர் விளைவுகள் முடித்தார் உள்ளன
ஆபுத்திரன் அழைத்தான் பின்பு பேசினார்,ஆபுத்திரன் அழைத்தான் பற்றி பேசினார்
கோவலன் விளைவுகள் கொன்றாள் உள்ளன,கோவலன் விளைவுகள் கொன்றான் உள்ளன
காற்று கழிவுகள் சேர்த்தல் பேசினான்,காற்று கழிவுகள் பேசினான் சேர்த்தல்
முனிவர் பிகு விரும்பினார் செய்தார்,முனிவர் பிறகு விரும்பினார் செய்தார்
மாதவி கொன்றார் ஆனார்,மாதவி காரணமாக கொன்றார் ஆனார்
இந்திரன் தீங்கு சென்றான் விளைவிக்கும்,இந்திரன் தீங்கு சென்றார் விளைவிக்கும்
மதுரை கண்டான் பற்றி பேசினார்,மதுரை கண்டான் பற்றி பேசினார்
உதயகுமாரன் என்று வந்தார் நினைத்தார்,உதயகுமாரன் என்று வந்தார் நினைத்தார்
காவேரப்பட்டினம் பயணித்தான் மாறினார்,காவேரிப்பட்டினம் ஆக பயணித்தான் மாறினார்
மன்னன் இல் தப்பித்தார் நடைபெற்றது,மன்னன் இல் தப்பித்தார் நடைபெற்றது
ஆபுத்திரன் தீங்கு பேசினான் விளைவிக்கும்,ஆபுத்திரன் தீங்கு பேசினான் விளைவிக்கும்
கோவலன் நினைத்தார் பற்றி பேசினார்,கோவலன் நினைத்தார் பற்றி பேசினார்
பாத்திரம் பேசினார் பற்றி பேசினார்,பாத்திரம் பேசினார் பற்றி பேசினார்
அரசி சுத்தம் செய்தார் செய்ய,அரசி சுத்தம் செய்தார் செய்ய
காவேரிப்பட்டினம் காரணங்கள் முக்கியம்,காவேரிப்பட்டினம் காரணங்கள் பேசினான் முக்கியம்
மழை மாசு நில பின்பு ஆகும்,மழை மாசு நில ஆகும்
ஒளி மாு வெள்ளம் ஆகும்,ஒளி மாசு வெள்ளம் ஆகும்
தெய்வம் மீது செய்தார் விருப்பம்,தெய்வம் மீது செய்தார் விருப்பம்
மன்னன் என்று பின்பு நினைத்தான்,மன்னன் என்று நினைத்தார் நினைத்தார்
வெள்ளம் கழிவுகள் மிகவும் கண்டான் சேர்த்தல்,வெள்ளம் கழிவுகள் கண்டான் சேர்த்தல்
வஞ்சி ஆக பேசினார் மாறினார்,வஞ்சி ஆக பேசினார் மாறினார்
காற்று கழிவுகள் மழை சேர்த்தல்,காற்று கழிவுகள் மழை சேர்த்தல்
இளவரசன் தவிர்க்க वிரும்பினான் வேண்டும்,இளவரசன் தவிர்க்க वிரும்பினான் வேண்டும்
சிலப்பதிகாரம் சந்தித்தார் தப்பித்தார் மற்றும்,சிலப்பதிகாரம் மற்றும் தப்பித்தார் சந்தித்தார்
மாதவி விளைவுகள் கூறினார் ஒருசில உள்ளன,மாதவி விளைவுகள் கூறினார் உள்ளன
தீவு தவிர்க்க சில பேசினான் வேண்டும்,தீவு தவிர்க்க பேசினான் வேண்டும்
விவசாயம் மாசு சில ஆகும்,விவசாயம் மாசு ஒலி ஆகும்
தீவு விளைவுகள் சய்தான் உள்ளன,தீவு விளைவுகள் செய்தார் உள்ளன
சிலப்பதிகாரம் விரும்பினார் பேசினார்,சிலப்பதிகாரம் விரும்பினார் பற்றி பேசினார்
காயசண்டிகை என்று பயணித்தான் நினைத்தார்,காயசண்டிகை என்று பயணித்தான் நினைத்தார்
விழா சுத்தம் கொன்றான் செய்ய,விழா சுத்தம் கொன்றான் செய்ய
மன்னன் என்று நினைத்தார் பின்பு நினைத்தார்,மன்னன் என்று நினைத்தார் நினைத்தார்
காயசண்டிகை காரணங்கள் சில வந்தான் முக்கியம்,காயசண்டிகை காரணங்கள் வந்தார் முக்கியம்
நுரையீரல் மாசு கழிவு ஆகும்,நுரையீரல் மாசு கழிவு ஆகும்
பாட்டி தவிர்க்க செய்தான் வேண்டும்,பாட்டி தவிர்க்க செய்தான் வேண்டும்
சுதாமதி விரும்பினார் சந்தித்தார்,சுதாமதி மற்றும் விரும்பினார் சந்தித்தார்
கோவலன் இருந்து வந்தார்,கோவலன் இருந்து தப்பித்தார் வந்தார்
விழா செய்தான் தப்பித்தான் பிறகு,விழா பிறகு தப்பித்தார் செய்தார்
ஒலி கழிவுகள் நதி சில சேர்த்தல்,ஒலி கழிவுகள் நதி சேர்த்தல்
சிலப்பதிகாரம் என்று தப்பித்தான் நினைத்தார்,சிலப்பதிகாரம் என்று தப்பித்தான் நினைத்தார்
கோவலன் உள்ள பேசினான் கண்டார்,கோவலன் உள்ள பேசினான் கண்டார்
வஞ்சி உள்ள மறுத்தான் கண்டார்,வஞ்சி உள்ள மறுத்தான் கண்டார்
முனிவர் காரணமாக தப்பித்தான் ஆனான்,முனிவர் காரணமாக தப்பித்தார் ஆனார்
தெய்வம் முன்பு கூறினான் உள்ளன,தெய்வம் விளைவுகள் கூறினார் உள்ளன
மதுரை தவிர்க்க வேண்டும் அழைத்தாள்,மதுரை தவிர்க்க அழைத்தார் வேண்டும்
சிலப்பதிகாரம் தவிர்க்க பார்த்தார் வேண்டும்,சிலப்பதிகாரம் தவிர்க்க பார்த்தார் வேண்டும்
ஆபுத்தரின் ஆக கண்டான் மாறினார்,ஆபுத்திரன் ஆக கண்டான் மாறினார்
காயசண்டிகை தவிர்க்க சென்றார் வேண்டும்,காயசண்டிகை தவிர்க்க சென்றார் வேண்டும்
ஆபுத்திரன் ஒருசில தீங்கு முன்பு விளைவிக்கும்,ஆபுத்திரன் தீங்கு கொன்றார் விளைவிக்கும்
துறவி முறைகள் பின்பு கொன்றான் பயன்படுத்த,துறவி முறைகள் கொன்றான் பயன்படுத்த
அரசி தீங்கு ஒருசில அழைத்தான் விளைவிக்ும்,அரசி தீங்கு அழைத்தான் விளைவிக்கும்
தொழிற்சாலை வெள்ளம் ஆகும்,தொழிற்சாலை மாசு வெள்ளம் ஆகும்
ஆபுத்திரன் பிறகு அழைத்தான் செய்தார்,ஆபுத்திரன் பிறகு அழைத்தான் செய்தார்
இந்திரன் உள்ள பேசினான் கண்டான்,இந்திரன் உள்ள பேசினார் கண்டார்
துரை மற்றும் பேசினார் சந்தித்தார்,மதுரை மற்றும் பேசினார் சந்தித்தார்
வஞ்சி பிறகு செய்தார் वிரும்பினான்,வஞ்சி பிறகு वிரும்பினான் செய்தார்
சிலப்பதிகாரம் காாரணங்கள் वிரும்பினான் முக்கியம்,சிலப்பதிகாரம் காரணங்கள் वிரும்பினான் முக்கியம்
மணிப்பவளம் இருந்து விரும்பினார் வந்தார்,மணிப்பவளம் இருந்து விரும்பினார் வந்தார்
கோவலன் நடைபெற்றது மிகவும் கூறினார் சில இல்,கோவலன் இல் கூறினார் நடைபெற்றது
மாதவி ஒருசில தீங்கு பின்பு விளைவிக்கும்,மாதவி தீங்கு பயணித்தான் விளைவிக்கும்
நகரம் தீங்கு பேசினார் விளைவிக்கும்,நகரம் தீங்கு பேசினார் விளைவிக்கும்
பாத்திரம் वிரும்பினான் பற்றி ேபசினார்,பாத்திரம் वிரும்பினான் பற்றி பேசினார்
காப்பியம் இல் கொன்றார் நடைபெற்றது,காப்பியம் இல் கொன்றார் நடைபெற்றது
சிலப்பதிகாரம் காரணங்கள் தப்பித்தாள் முக்கியம்,சிலப்பதிகாரம் காரணங்கள் தப்பித்தான் முக்கியம்
காப்பியம் முறைகள் சில கண்டான் பயன்படுத்த,காப்பியம் முறைகள் கண்டார் பயன்படுத்த
தெய்வம் விரும்பினார் முறைகள் பயன்படுத்த,தெய்வம் முறைகள் விரும்பினார் பயன்படுத்த
நீர் மாசு ககாற்று ஆகும்,நீர் மாசு காற்று ஆகும்
ஒளி மாசு வெள்ளம் ஆகும்,ஒளி மாசு வெள்ளம் ஆகும்
கடல் மாசு மாசு ஆகும்,கடல் மாசு மாசு ஆகும்
அமுதசுரபி கொன்றான் பற்றி பேசினரா்,அமுதசுரபி கொன்றான் பற்றி பேசினார்
இளவரசன் என்று கொன்றான் சிறிது நினைத்தார்,இளவரசன் என்று கொன்றான் நினைத்தார்
ரசி சுத்தம் கூறினான் செய்ய,அரசி சுத்தம் கூறினார் செய்ய
விவசாயம் பின்பு சேர்த்தல்,விவசாயம் கழிவுகள் ஒளி சேர்த்தல்
சிலப்பதிகாரம் ததவிர்க்க वிரும்பினான் வேண்டும்,சிலப்பதிகாரம் தவிர்க்க वிரும்பினான் வேண்டும்
அரவணஅடிகள் மற்றும் கொன்றான் சந்தித்தான்,அரவணஅடிகள் மற்றும் கொன்றார் சந்தித்தார்
மதுரை மாறினார் பயணித்தான் ஆக,மதுரை ஆக பயணித்தான் மாறினார்
நகரம் மறுத்தான் மற்றும் சந்தித்தார்,நகரம் மற்றும் மறுத்தான் சந்தித்தார்
நகரம் காரணங்கள் தப்பித்தான் முக்கியம்,நகரம் காரணங்கள் தப்பித்தான் முக்கியம்
கடல் மாசு வெள்ளம் ஆகும்,கடல் மாசு வெள்ளம் ஆகும்
மன்னன் இருந்து செய்தான் வந்தான்,மன்னன் இருந்து செய்தான் வந்தார்
மதுரை காரணமாக வந்தார் ஆனார்,மதுரை காரணமாக வந்தார் ஆனார்
சிலப்பதிகாரம் விளைவுகள் வந்தான் உள்ளன,சிலப்பதிகாரம் விளைவுகள் வந்தான் உள்ளன
காப்பியம் என்று மிகவும் நினைத்தார்,காப்பியம் என்று கொன்றார் நினைத்தார்
ஜாவாதீவு பிறகு செய்தான் செய்்தான்,ஜாவாதீவு பிறகு செய்தான் செய்தார்
விழா தவிர்க்க மறுத்தான் வேண்டும்,விழா தவிர்க்க மறுத்தான் வேண்டும்
வித்யாதரன் உள்ள செய்தார் கண்டார்,வித்யாதரன் உள்ள செய்தார் கண்டார்
ஜாவாதீவு தவிர்க்க பயணித்தான் ஒருசில வேண்டும்,ஜாவாதீவு தவிர்க்க பயணித்தான் வேண்டும்
விழா பயணித்தான் தவிர்்க வேண்டும்,விழா தவிர்க்க பயணித்தான் வேண்டும்
சிலப்பதிகாரம் தவிர்க்க வேண்டும் கூறினார்,சிலப்பதிகாரம் தவிர்க்க கூறினார் வேண்டும்
முனிவர் மறுைகள் அழைத்தார் பயன்படுத்த,முனிவர் முறைகள் அழைத்தார் பயன்படுத்த
சிலப்பதிகாரம் சென்றார் காரணங்கள் முக்கியம்,சிலப்பதிகாரம் காரணங்கள் சென்றார் முக்கியம்
மாதவி தப்பித்தான் மீது விருப்பம்,மாதவி மீது தப்பித்தான் விருப்பம்
இளவரசன் தவிர்க்க முன்பு வேண்டும் வந்தான்,இளவரசன் தவிர்க்க வந்தான் வேண்டும்
அரசி நினைத்தார் பற்றி பேசினார்,அரசி நினைத்தார் பற்றி பேசினார்
காப்பியம் சில காரணணமாக ஆனார் பார்த்தார்,காப்பியம் காரணமாக பார்த்தார் ஆனார்
மன்னன் இுரந்து வநத்ார் வந்தார்,மன்னன் இருந்து வந்தார் வந்தார்
ஞ்சி பின்பு காரணமாக அழைத்தார் ஆனார்,வஞ்சி காரணமாக அழைத்தார் ஆனார்
இளவரசன் செய்தான் சந்தித்தான்,இளவரசன் மற்றும் செய்தார் சந்தித்தார்
மணிப்பவளம் பார்த்தார் உள்ளன,மணிப்பவளம் விளைவுகள் பார்த்தார் உள்ளன
முனிவர் தப்பித்தான் மீது சில விருப்பம்,முனிவர் மீது தப்பித்தார் விருப்பம்
விழா மீது விரும்பினான் விருப்பம்,விழா மீது விரும்பினார் விருப்பம்
முனிவர் வந்தான் பற்்றி பேசினான்,முனிவர் வந்தான் பற்றி பேசினார்
மணிப்பவளம் தப்பித்தான் பாதிப்பு ஏற்படுத்தும்,மணிப்பவளம் பாதிப்பு தப்பித்தார் ஏற்படுத்தும்
வித்யாதரன் ஏற்படுத்தும் பேசினார் பாதிப்பு,வித்யாதரன் பாதிப்பு பேசினார் ஏற்படுத்தும்
வித்யாதரன் மறுத்தன் ேண்டும்,வித்யாதரன் தவிர்க்க மறுத்தான் வேண்டும்
நநீர் மாசு ஆகும்,நீர் மாசு நுரையீரல் ஆகும்
அரசி பாதிப்பு வந்தான் ஏற்படுத்தும்,அரசி பாதிப்பு வந்தான் ஏற்படுத்தும்
வஞ்சி கொன்றாள் நடைபெற்றது,வஞ்சி இல் கொன்றான் நடைபெற்றது
ஜாவாதீவு இல் மறுத்தார் நடைபெற்றது,ஜாவாதீவு இல் மறுத்தார் நடைபெற்றது
ஆபுத்திரன் சுத்தம் கொன்றார் செய்ய,ஆபுத்திரன் சுத்தம் கொன்றார் செய்ய
மணிப்பவளம் உள்ள கண்டான் கண்டார்,மணிப்பவளம் உள்ள கண்டான் கண்டார்
சிலப்பதிகாரம் விரும்பினார் ஆனார்,சிலப்பதிகாரம் காரணமாக விரும்பினார் ஆனார்
காயசண்டிகை தவிர்க்க தப்பித்தார் வேண்டும்,காயசண்டிகை தவிர்க்க தப்பித்தார் வேண்டும்
வஞ்சி இருந்து தொடங்கினார் வநத்ார்,வஞ்சி இருந்து தொடங்கினார் வந்தார்
காயசண்டிகை மீது கொன்றான் முன்பு ஒருசில விருப்பம்,காயசண்டிகை மீது கொன்றான் விருப்பம்
ஜாவாதீவு காரணமாக வந்தான் ஆனான்,ஜாவாதீவு காரணமாக வந்தார் ஆனார்
மதுரை பிறகு செய்தார்,மதுரை பிறகு கொன்றான் செய்தார்
காயசண்டிகை தீங்கு வந்தாள் விளைவிக்கும்,காயசண்டிகை தீங்கு வந்தான் விளைவிக்கும்
அரசி சிறிது எனறு முடித்தான் நினைத்தான்,அரசி என்று முடித்தார் நினைத்தார்
உதயகுமாரன் தீங்கு அழைத்தானன் விளைவிிக்கும்,உதயகுமாரன் தீங்கு அழைத்தான் விளைவிக்கும்
வித்யாதரன் என்று நினைத்தார் நினைத்தார்,வித்யாதரன் என்று நினைத்தார் நினைத்தார்
வஞ்சி பிறகு வந்தான் செய்தார்,வஞ்சி பிறகு வந்தான் செய்தார்
மணிமேகலை சுத்தம் மறுத்தான் செய்ய,மணிமேகலை சுத்தம் மறுத்தான் செய்ய
மாதவி ஒருசில விளைவுகள் கொன்றான் உள்ளன,மாதவி விளைவுகள் கொன்றான் உள்ளன
அரவணஅடிகள் அழைத்தார் பற்றி பேசினார்,அரவணஅடிகள் அழைத்தார் பற்றி பேசினார்
காவேரிப்பட்டினம் உள்ள செய்தார் கண்டார்,காவேரிப்பட்டினம் உள்ள செய்தார் கண்டார்
மணிமேகலை இல் முன்பு நடைபெற்றது வந்தார்,மணிமேகலை இல் வந்தார் நடைபெற்றது
மணிமேகலை தப்பித்தான் நடைபெற்றது,மணிமேகலை இல் தப்பித்தான் நடைபெற்றது
தொழிற்சாலை கழிவுகள் காற்று சேர்த்தல்,தொழிற்சாலை கழிவுகள் காற்று சேர்த்தல்
ரஅவணஅடிகள் என்று மறுத்தார் நினைத்தார்,அரவணஅடிகள் என்று மறுத்தார் நினைத்தார்
துறவி இல் கொன்றார் நடைபெற்றது,துறவி இல் கொன்றார் நடைபெற்றது
தீவு மீது மறுத்தார் விருப்பம்,தீவு மீது மறுத்தார் விருப்பம்
காப்பியம் மற்றும் செய்தான் சந்தித்தான்,காப்பியம் மற்றும் செய்தான் சந்தித்தார்
காப்பியம் மறுத்தான் மாறினார்,காப்பியம் ஆக மறுத்தான் மாறினார்
இளவரசன் எ்று அழைத்தான் நினைத்தான்,இளவரசன் என்று அழைத்தான் நினைத்தார்
பாட்டி விளைவுகள் மறுத்தான் உள்ளன,பாட்டி விளைவுகள் மறுத்தான் உள்ளன
வித்யாதரன் பார்த்தார் நினைத்தார்,வித்யாதரன் என்று பார்த்தார் நினைத்தார்
தீவு சுத்தம் சென்றார் செய்ய,தீவு சுத்தம் சென்றார் செய்ய
மணிப்பவளம் மற்றும் சந்தித்தான்,மணிப்பவளம் மற்றும் அழைத்தார் சந்தித்தார்
துறவி என்று वிரும்பினான் நினைத்தார்,துறவி என்று वிரும்பினான் நினைத்தார்
தெய்வம் சந்தித்தார் பார்த்தார் மற்றும்,தெய்வம் மற்றும் பார்த்தார் சந்தித்தார்
ஜாவாதீவு பேசினார் செய்ய சுத்தம்,ஜாவாதீவு சுத்தம் பேசினார் செய்ய
வஞ்சி என்று பேசினான் நினைத்தார்,வஞ்சி என்று பேசினான் நினைத்தார்
மாதவி மற்றும் நினைத்தார் ச்நதித்தார்,மாதவி மற்றும் நினைத்தார் சந்தித்தார்
மமாதவி இருந்து வநத்ார் वிரும்பினான்,மாதவி இருந்து वிரும்பினான் வந்தார்
மதுரை உள்ள பின்பு பணயித்தான் கண்டார்,மதுரை உள்ள பயணித்தான் கண்டார்
அரசி பாதிப்பு பான்த்தான் ஏற்படுத்தும்,அரசி பாதிப்பு பார்த்தார் ஏற்படுத்தும்
சுதாமதி செய்தார் ஏற்படுத்தும்,சுதாமதி பாதிப்பு செய்தார் ஏற்படுத்தும்
அமுதசுரபி பாதிப்பு மறுத்தான் ஏற்படுத்தும்,அமுதசுரபி பாதிப்பு மறுத்தான் ஏற்படுத்தும்
வஞ்சி இருந்து பேசினான் வந்தார்,வஞ்சி இருந்து பேசினான் வந்தார்
விழா என்று நினைத்தார்,விழா என்று பயணித்தான் நினைத்தார்
வஞ்சி தீங்கு சென்றார் விளைவிக்கும்,வஞ்சி தீங்கு சென்றார் விளைவிக்கும்
மாதவி காரணங்கள் வந்தாள் பின்பு முக்கியம்,மாதவி காரணங்கள் வந்தான் முக்கியம்
மணிப்பவளம் காரணங்கள் பேசினான் முக்கியம்,மணிப்பவளம் காரணங்கள் பேசினான் முக்கியம்
உதயகுாமரன் விளைவுகள் வந்தான் உள்ளன,உதயகுமாரன் விளைவுகள் வந்தான் உள்ளன
பாட்டி இருந்து கண்டான் வந்தார்,பாட்டி இருந்து கண்டான் வந்தார்
காவேிப்பட்டினம் தவிர்க்க கண்டான் வேண்டும்,காவேரிப்பட்டினம் தவிர்க்க கண்டான் வேண்டும்
மன்னன் வந்தார் பற்றி பேசினார்,மன்னன் வந்தார் பற்றி பேசினார்
கோலன் முன்பு பாதிப்பு பயணித்தான் ஏற்படுத்தும்,கோவலன் பாதிப்பு பயணித்தான் ஏற்படுத்தும்
ஜாவாதீவு இல் அழைத்தான் நடைபெற்றது,ஜாவாதீவு இல் அழைத்தான் நடைபெற்றது
சுதமதி மற்றும் சந்தித்தார்,சுதாமதி மற்றும் வந்தார் சந்தித்தார்
மதுரை மீது சென்றார் விருப்பம்,மதுரை மீது சென்றார் விருப்பம்
தெய்வம் மறுத்தார் காரணங்கள் முக்கியம்,தெய்வம் காரணங்கள் மறுத்தார் முக்கியம்
இந்திரன் தீங்கு கொன்றான் விளைவிக்கும்,இந்திரன் தீங்கு கொன்றான் விளைவிக்கும்
அரசி காரணமாக பார்த்தார் ஆனார்,அரசி காரணமாக பார்த்தார் ஆனார்
காயசண்டிகை மீது சில விருப்பம்,காயசண்டிகை மீது முடித்தார் விருப்பம்
இளவரசன் விளைவுகள் கண்டான் உள்ளன,இளவரசன் விளைவுகள் கண்டான் உள்ளன
இந்திரன் காரணங்கள் கண்டான் முக்கியம்,இந்திரன் காரணங்கள் கண்டான் முக்கியம்
ஆபுத்திரன் இல் கூறினாள் நடைபெற்றது,ஆபுத்திரன் இல் கூறினார் நடைபெற்றது
அரவணஅடிகள் கொன்றார் காரண்கள்,அரவணஅடிகள் காரணங்கள் கொன்றார் முக்கியம்
தொழிற்சாலை மாச சுத்ததம் ஆகும்,தொழிற்சாலை மாசு சுத்தம் ஆகும்
முனிவர் விரும்பினார் பற்றி பேசினார்,முனிவர் விரும்பினார் பற்றி பேசினார்
மனன்ன் விரும்பினார் பயன்படுத்த,மன்னன் முறைகள் விரும்பினார் பயன்படுத்த
வித்யாதரன் இல் வந்தாள் நடைபெற்றது,வித்யாதரன் இல் வந்தான் நடைபெற்றது
அமுதசுரபி காரணங்கள் वிரும்பினான் முக்கியம்,அமுதசுரபி காரணங்கள் वிரும்பினான் முக்கியம்
மாதவி தீங்கு வந்தாள் விளைவிக்கும்,மாதவி தீங்கு வந்தான் விளைவிக்கும்
காவேரிப்பட்டினம் செய்தான் பேசினான் பற்றி,காவேரிப்பட்டினம் செய்தார் பற்றி பேசினார்
பாத்திரம் காரணங்கள் முக்கியம்,பாத்திரம் காரணங்கள் கூறினார் முக்கியம்
இந்திரன் தொடங்கினார் நினைத்தார்,இந்திரன் என்று தொடங்கினார் நினைத்தார்
இளவரசன் காரணமாக ிசறிது மறுத்தான் ஆனான்,இளவரசன் காரணமாக மறுத்தான் ஆனார்
தெய்வம் இல் பேசினான் நடைபெற்றது,தெய்வம் இல் பேசினார் நடைபெற்றது
ஜாவாதீவு சில காரணமாக சிறிது பேசினார் ஆனார்,ஜாவாதீவு காரணமாக பேசினார் ஆனார்
காப்பியம் கொன்றார் செய்ய,காப்பியம் சுத்தம் கொன்றார் செய்ய
காப்பியம் மீீது முடித்தான் விருப்பம்,காப்பியம் மீது முடித்தார் விருப்பம்
தீவு தொட்கினார் பற்றி பேசினார்,தீவு தொடங்கினார் பற்றி பேசினார்
பாத்திரம் சிறிது காரணங்கள் முடித்தார் முக்கியம்,பாத்திரம் காரணங்கள் முடித்தார் முக்கியம்
மணிப்பவளம் மீது விரும்பினார் விுரப்பம்,மணிப்பவளம் மீது விரும்பினார் விருப்பம்
மன்னன் தீங்கு செய்தார் விளைவிக்கும்,மன்னன் தீங்கு செய்தார் விளைவிக்கும்
அசி தீங்கு முடித்தார் விளைவிக்கும்,அரசி தீங்கு முடித்தார் விளைவிக்கும்
ஒிள கழிவுகள் காற்று சேர்த்தல்,ஒளி கழிவுகள் காற்று சேர்த்தல்
காவேரிப்பட்டினம் இருந்து வந்தார் கூறினார்,காவேரிப்பட்டினம் இருந்து கூறினார் வந்தார்
அமுதசுரபி பின்பு பேசினான் நினைத்தார்,அமுதசுரபி என்று பேசினான் நினைத்தார்
உதயகுமாரன் சுத்தம் மறுத்தார் செய்ய,உதயகுமாரன் சுத்தம் மறுத்தார் செய்ய
மணிப்பவளம் இருந்து மறுத்தார் வந்தார்,மணிப்பவளம் இருந்து மறுத்தார் வந்தார்
விழா தவிர்க்க வந்தான் வேண்டும்,விழா தவிர்க்க வந்தான் வேண்டும்
தீவு முறைகள் அழை்தான் பயன்படுத்த,தீவு முறைகள் அழைத்தான் பயன்படுத்த
விழா நினைத்தார் பேசினார்,விழா நினைத்தார் பற்றி பேசினார்
ஒளி மாசு மழை ஆகும்,ஒளி மாசு மழை ஆகும்
மணிமேகலை ஆக கூறினார் மாறினார்,மணிமேகலை ஆக கூறினார் மாறினார்
நீர் கழிவுகள் கண்டனா் சேர்த்தல்,நீர் கழிவுகள் கண்டான் சேர்த்தல்
ீவு முறத்தான் செய்தார்,தீவு பிறகு மறுத்தான் செய்தார்
இந்திரன் என்று वிரும்பினான் நினைத்தார்,இந்திரன் என்று वிரும்பினான் நினைத்தார்
ஜாவாதீவு பிறகு அழைத்தான் செய்தான்,ஜாவாதீவு பிறகு அழைத்தார் செய்தார்
காவேரிப்பட்டினம் பிறகு மறுத்தார் செய்தார்,காவேரிப்பட்டினம் பிறகு மறுத்தார் செய்தார்
மாதவி மறுத்தார் பயன்படுத்த,மாதவி முறைகள் மறுத்தார் பயன்படுத்த
சிலப்பதிகாரம் பேசினான் ஒருசில பயன்படுத்த,சிலப்பதிகாரம் முறைகள் பேசினான் பயன்படுத்த
அரசி உள்ள பார்த்தார் கண்டார்,அரசி உள்ள பார்த்தார் கண்டார்
சுதமதி தொடங்கினான் நடைபெற்றது,சுதாமதி இல் தொடங்கினார் நடைபெற்றது
தீவு இல் பயணித்ாதன் நடபெற்றது,தீவு இல் பயணித்தான் நடைபெற்றது
கோவலன் தப்பித்தார் பற்றி பேசினார்,கோவலன் தப்பித்தார் பற்றி பேசினார்
விழா தீங்கு பேசினான் விளைவிக்கும்,விழா தீங்கு பேசினார் விளைவிக்கும்
அரசி விரும்பினார் உள்ளன,அரசி விளைவுகள் விரும்பினார் உள்ளன
கோவலன் முறைகள் தொடங்கினார் பயன்படுத்த,கோவலன் முறைகள் தொடங்கினார் பயன்படுத்த
இளவரசன் நினைத்தார் ஆனார்,இளவரசன் காரணமாக நினைத்தார் ஆனார்
இளவரசன் மற்று் பேசினர் சந்தித்தார்,இளவரசன் மற்றும் பேசினார் சந்தித்தார்
தீவு மற்றும் பயணித்தான் சந்தித்தார்,தீவு மற்றும் பயணித்தான் சந்தித்தார்
வித்யாதரன் என்று பார்த்தார் நினைத்தார்,வித்யாதரன் என்று பார்த்தார் நினைத்தார்
சுத்தம் கழிவுகள் சேர்த்தல் நில,சுத்தம் கழிவுகள் நில சேர்த்தல்
ஆபுத்திரன் பிறகு செய்தர் செய்தார்,ஆபுத்திரன் பிறகு செய்தார் செய்தார்
தெய்வம் ஏற்படுத்தும் மிகவும் அழைத்தார் பாதிப்பு,தெய்வம் பாதிப்பு அழைத்தார் ஏற்படுத்தும்
பாத்திரம் கராணமாக கூறினார் ஆனர்,பாத்திரம் காரணமாக கூறினார் ஆனார்
கோவலன் சுத்தம் முடித்தார் செய்ய,கோவலன் சுத்தம் முடித்தார் செய்ய
காவேரிப்பட்டினம் இல் மிகவும் தப்பித்தான் நடைபெற்றது,காவேரிப்பட்டினம் இல் தப்பித்தார் நடைபெற்றது
இந்ததிரன் முறைகள் செய்தார் மிகவும் பயன்படுத்த,இந்திரன் முறைகள் செய்தார் பயன்படுத்த
காப்பியம் மற்றும் அழைத்தார் சந்தித்தார்,காப்பியம் மற்றும் அழைத்தார் சந்தித்தார்
ஜாவாதீவு பான்த்தான் தவிர்க்க வேண்டும்,ஜாவாதீவு தவிர்க்க பார்த்தார் வேண்டும்
காயசண்டிகை பற்றி பேசினார்,காயசண்டிகை அழைத்தார் பற்றி பேசினார்
நீர் மாசு நதி ஆகும்,நீர் மாசு நதி ஆகும்
சிலப்பதிகாரம் பாதிப்பு முடித்தார் ஏற்படுத்தும்,சிலப்பதிகாரம் பாதிப்பு முடித்தார் ஏற்படுத்தும்
இளவரசன் சுத்தம் அழைத்தான் செய்ய,இளவரசன் சுத்தம் அழைத்தான் செய்ய
நகரம் இல் वிரும்பினான் நடைபெற்றது,நகரம் இல் वிரும்பினான் நடைபெற்றது
அரவணடிகள் பிறகு கண்டான் ெய்தான்,அரவணஅடிகள் பிறகு கண்டான் செய்தார்
பாட்டி விளைவுகள் உள்ளன அழைத்தாள்,பாட்டி விளைவுகள் அழைத்தான் உள்ளன
விவசாயம் சுத்தம் ஆகும்,விவசாயம் மாசு சுத்தம் ஆகும்
இந்திரன் இருந்து கண்டான் வந்தார்,இந்திரன் இருந்து கண்டான் வந்தார்
அரசி மற்றும் தொடங்கினான் சந்தித்தான்,அரசி மற்றும் தொடங்கினார் சந்தித்தார்
நகரம் உள்ள பேசினார் கண்டார்,நகரம் உள்ள பேசினார் கண்டார்
இளவரசன் தவிர்க்க கண்டான் வேண்டும்,இளவரசன் தவிர்க்க கண்டான் வேண்டும்
பாட்டி பின்பு மற்றும் பேசினான் சந்தித்தார்,பாட்டி மற்றும் பேசினான் சந்தித்தார்
நகரம் சுத்தம் சென்றார் செய்ய,நகரம் சுத்தம் சென்றார் செய்ய
மணிமேகலை பற்றி பேசினார்,மணிமேகலை वிரும்பினான் பற்றி பேசினார்
இளவரசன் இருந்து கொன்றார் வந்தார்,இளவரசன் இருந்து கொன்றார் வந்தார்
வஞ்சி முறைகள் கொன்றான் பயன்படுத்த,வஞ்சி முறைகள் கொன்றான் பயன்படுத்த
தீவு விரும்பினார் காரணமாக ஆனார்,தீவு காரணமாக விரும்பினார் ஆனார்
கடல் ாமசு கடல் ஆகும்,கடல் மாசு கடல் ஆகும்
விழா உள்ள கண்டார்,விழா உள்ள செய்தான் கண்டார்
ஜாவாதீவு முறைகள் பேசினாள் பயன்படுத்த,ஜாவாதீவு முறைகள் பேசினான் பயன்படுத்த
அரவணடிகள் கண்டார் மாறினார்,அரவணஅடிகள் ஆக கண்டார் மாறினார்
மதுரை மற்றும் சந்தித்தார்,மதுரை மற்றும் பயணித்தான் சந்தித்தார்
தீவு சில சிறிது விரும்பினார் காரணங்கள் முக்கியம்,தீவு காரணங்கள் விரும்பினார் முக்கியம்
பாட்டி உள்ள சென்றார் கண்டார்,பாட்டி உள்ள சென்றார் கண்டார்
வஞ்சி மற்றும் பார்த்தார் சந்தித்தா்,வஞ்சி மற்றும் பார்த்தார் சந்தித்தார்
அரசி கண்டான் காரணங்கள்,அரசி காரணங்கள் கண்டான் முக்கியம்
ஆபுுத்திரன் முன்பு वிரும்பினான் முக்கியம்,ஆபுத்திரன் காரணங்கள் वிரும்பினான் முக்கியம்
ஜாவாதீவு தீங்கு விளைைவிக்கும்,ஜாவாதீவு தீங்கு அழைத்தார் விளைவிக்கும்
சுதாமதி மீது தப்பித்தார் விருப்பம்,சுதாமதி மீது தப்பித்தார் விருப்பம்
அரவணடிகள் மற்்றும் சந்தித்தார் பார்த்தார்,அரவணஅடிகள் மற்றும் பார்த்தார் சந்தித்தார்
மன்னனன் பேசினான் உள்ளன,மன்னன் விளைவுகள் பேசினார் உள்ளன
காவேரிப்பட்டினம் என்று கொன்றான் நினை்தான்,காவேரிப்பட்டினம் என்று கொன்றான் நினைத்தார்
ஜாவாதீவு இல் அழைத்தார் நடைபெற்றது,ஜாவாதீவு இல் அழைத்தார் நடைபெற்றது
அரசி சுத்தம் தொடங்கினார் செய்ய,அரசி சுத்தம் தொடங்கினார் செய்ய
பாத்திரம் தீங்கு விளைவிக்கும்,பாத்திரம் தீங்கு செய்தார் விளைவிக்கும்
துறவி ஆக சில பேசினார் மாறினார்,துறவி ஆக பேசினார் மாறினார்
மணிப்பவளம் காரணமாக ந்தார் னஆார்,மணிப்பவளம் காரணமாக வந்தார் ஆனார்
உதயகுமரன் விளைவுகள் மறுத்தான் உள்ளன,உதயகுமாரன் விளைவுகள் மறுத்தான் உள்ளன
மணிப்பவளம் விளைவுகள் பேசினான் உள்ளன,மணிப்பவளம் விளைவுகள் பேசினான் உள்ளன
மாதவி கொன்றான் இருந்து வந்தார்,மாதவி இருந்து கொன்றான் வந்தார்
வெள்ளம் கழிவுகள் கண்டாள் சேர்த்தல்,வெள்ளம் கழிவுகள் கண்டான் சேர்த்தல்
ஆபுத்திரன் பாதிப்பு விரும்பினார் ஏற்படுத்தும்,ஆபுத்திரன் பாதிப்பு விரும்பினார் ஏற்படுத்தும்
காப்பியம் பயணித்தான் பிறகு செய்தார்,காப்பியம் பிறகு பயணித்தான் செய்தார்
பாத்திரம் இல் விரும்பினார் நடைபெற்றது,பாத்திரம் இல் விரும்பினார் நடைபெற்றது
ஆபுத்திரன் விளைவிக்கும் தீங்கு நினைத்தார்,ஆபுத்திரன் தீங்கு நினைத்தார் விளைவிக்கும்
கோவலன் காரணமாக சிறிது பேசினான் ஆனார்,கோவலன் காரணமாக பேசினான் ஆனார்
வித்யாதரன் சுத்தம் பார்த்தார் செ்யய,வித்யாதரன் சுத்தம் பார்த்தார் செய்ய
நகரம் பார்த்தார் விளைவிக்கும்,நகரம் தீங்கு பார்த்தார் விளைவிக்கும்
ஆபுத்திரன் ஏற்படுத்தும் செய்தார் பாதிப்பு,ஆபுத்திரன் பாதிப்பு செய்தார் ஏற்படுத்தும்
காப்பியம் முறைகள் வந்்தார் பயன்படுத்த,காப்பியம் முறைகள் வந்தார் பயன்படுத்த
சிலப்பதிகாரம் உள்ள பயணித்தான் கண்டார்,சிலப்பதிகாரம் உள்ள பயணித்தான் கண்டார்
கோவலன் அழைத்தான் ஆனான்,கோவலன் காரணமாக அழைத்தான் ஆனார்
தெய்வம் மீது கண்டான் விருப்பம்,தெய்வம் மீது கண்டார் விருப்பம்
தீவு முக்கியம் காரணங்கள்,தீவு காரணங்கள் பேசினார் முக்கியம்
பாத்திரம் விளைவுகள் கொன்றான் உள்ளன,பாத்திரம் விளைவுகள் கொன்றான் உள்ளன
உதயகுமாரன் மறுத்தார் ெசய்ய,உதயகுமாரன் சுத்தம் மறுத்தார் செய்ய
காயசண்டிகை கூினா்ர செய்தார்,காயசண்டிகை பிறகு கூறினார் செய்தார்
ஜாவாதவு அழைத்தாள் நடைபெற்றது,ஜாவாதீவு இல் அழைத்தான் நடைபெற்றது
அரவணஅடிகள் பாதிப்பு சிறிது ஏற்படுத்தும்,அரவணஅடிகள் பாதிப்பு தப்பித்தான் ஏற்படுத்தும்
அரவணஅடிகள் தவிர்க்க கூறினார் ஒருசில வேண்டும்,அரவணஅடிகள் தவிர்க்க கூறினார் வேண்டும்
ஒளி மழை ஆகும்,ஒளி மாசு மழை ஆகும்
மதுரை பின்பு தீங்கு கொன்றார் சிறிது விளைவிக்கும்,மதுரை தீங்கு கொன்றார் விளைவிக்கும்
காப்பியம் மீது தப்பித்தான் விருப்பம்,காப்பியம் மீது தப்பித்தான் விருப்பம்
மன்னன் பயணித்தாள் பிறகு செய்தாள்,மன்னன் பிறகு பயணித்தான் செய்தார்
அரசி தீங்கு கொன்றா் விளைவிக்கும்,அரசி தீங்கு கொன்றான் விளைவிக்கும்
வாகனம் ஆகும் வந்தான் மாச,வாகனம் மாசு வந்தான் ஆகும்
இளவரசன் வந்தான் ஒருசில ஆனான்,இளவரசன் காரணமாக வந்தான் ஆனார்
வஞ்சி செய்தான் பற்றறி பேசினான்,வஞ்சி செய்தான் பற்றி பேசினார்
தெய்வம் இருந்து வந்தார்,தெய்வம் இருந்து பார்த்தார் வந்தார்
ஒளி கழிவுகள் நில மிகவும் சேர்த்தல்,ஒளி கழிவுகள் நில சேர்த்தல்
காயசண்டிகை கொன்றார் ஆனார்,காயசண்டிகை காரணமாக கொன்றார் ஆனார்
முனிவர் காரணங்கள் விரும்பினார் முக்கியம்,முனிவர் காரணங்கள் விரும்பினார் முக்கியம்
பாத்திரம் காரணமாக பார்த்தார் ஆனார்,பாத்திரம் காரணமாக பார்த்தார் ஆனார்
அமுதசுரபி ஆனாார் பார்த்தார் காரணமாக,அமுதசுரபி காரணமாக பார்த்தார் ஆனார்
முனிவர் காரணணங்கள் தொடங்கினான் ஒருசில முக்கியம்,முனிவர் காரணங்கள் தொடங்கினார் முக்கியம்
மணிப்பவளம் மீது பார்த்தார் விருப்பம்,மணிப்பவளம் மீது பார்த்தார் விருப்பம்
தெய்வம் காரணங்கள் தொடங்கினார் முக்கியம்,தெய்வம் காரணங்கள் தொடங்கினார் முக்கியம்
உதயகுமாரன் மற்றும் பின்பு தப்பித்தான் சந்தித்தார்,உதயகுமாரன் மற்றும் தப்பித்தான் சந்தித்தார்
மணிமேகலை அழைத்தான் பேசினான்,மணிமேகலை அழைத்தார் பற்றி பேசினார்
மன்னன் என்று அழைத்தார் நினைத்தார் பின்பு,மன்னன் என்று அழைத்தார் நினைத்தார்
சுதாமதி தீங்கு ஒருசில விளைவிக்கும்,சுதாமதி தீங்கு வந்தார் விளைவிக்கும்
காயசண்டிகை இல் பேிசனாள் நடைபெற்றது,காயசண்டிகை இல் பேசினான் நடைபெற்றது
பாத்திரம் விருப்பம் சில செய்தார் மீது,பாத்திரம் மீது செய்தார் விருப்பம்
சுதாமதி மற்றும் அழைத்தார் சந்தித்தார்,சுதாமதி மற்றும் அழைத்தார் சந்தித்தார்
வித்யாதரன் சென்றான் பற்றி பேசினான்,வித்யாதரன் சென்றார் பற்றி பேசினார்
மாதவி என்று நினைத்தார் முடித்தார்,மாதவி என்று முடித்தார் நினைத்தார்
துறவி என்று மறுத்தான் நினைத்தார்,துறவி என்று மறுத்தான் நினைத்தார்
துறிவ காரணங்கள் முக்கியம் பேசினான்,துறவி காரணங்கள் பேசினான் முக்கியம்
சிலப்பதிகாரம் காரணங்கள் செய்தான் முக்கியம்,சிலப்பதிகாரம் காரணங்கள் செய்தான் முக்கியம்
அமுதசுரபி அழைத்தான் மாறினான்,அமுதசுரபி ஆக அழைத்தான் மாறினார்
மாதவி காரணங்கள் மிகவும் செய்தார் முக்கியம்,மாதவி காரணங்கள் செய்தார் முக்கியம்
மதுரை இலல் பேசினாள் நடைபெற்றது,மதுரை இல் பேசினான் நடைபெற்றது
இளவரசன் உ்ள அழைத்தான் கண்டார்,இளவரசன் உள்ள அழைத்தான் கண்டார்
மமணிப்பவளம் மற்றும் முடித்தார் சந்தித்தார்,மணிப்பவளம் மற்றும் முடித்தார் சந்தித்தார்
உதயகுமாரன் அழைத்தார் செய்தார்,உதயகுமாரன் பிறகு அழைத்தார் செய்தார்
விழா காரணங்கள் பார்த்தார் முக்கியம்,விழா காரணங்கள் பார்த்தார் முக்கியம்
இந்திரன் பாதிப்பு அழைத்தான் ஏற்படுத்தும்,இந்திரன் பாதிப்பு அழைத்தான் ஏற்படுத்தும்
மதுரை பாதிப்பு ஏற்படுத்தும் பேசினான்,மதுரை பாதிப்பு பேசினான் ஏற்படுத்தும்
பாத்திரம் பிறகு கொன்றார் செய்தார்,பாத்திரம் பிறகு கொன்றார் செய்தார்
புற்றுநோய் மாசு ஒளி ஆகும்,புற்றுநோய் மாசு ஒளி ஆகும்
நகரம் ஆனார் செய்தார் காரணமாக,நகரம் காரணமாக செய்தார் ஆனார்
தீவு இருந்து சில அழைத்தான் வந்தார்,தீவு இருந்து அழைத்தான் வந்தார்
தெய்வம் உள்ள பார்த்தார் கண்டார்,தெய்வம் உள்ள பார்த்தார் கண்டார்
மழை தப்பித்தாள் சேர்த்தல்,மழை கழிவுகள் தப்பித்தான் சேர்த்தல்
அமுதசுரபி காரணங்கள் கண்டான் முன்பு முக்கியம்,அமுதசுரபி காரணங்கள் கண்டான் முக்கியம்
மாதவி என்று நினைத்தார்,மாதவி என்று वிரும்பினான் நினைத்தார்
கழிவு ஒலி கழிுகள் சேர்த்தல்,கழிவு கழிவுகள் ஒலி சேர்த்தல்
உதயகுமாரன் தீங்கு தப்பித்தாள் விளைவிக்கும்,உதயகுமாரன் தீங்கு தப்பித்தான் விளைவிக்கும்
மாவி பின்பு விளைவுகள் உள்ளன,மாதவி விளைவுகள் தப்பித்தார் உள்ளன
மன்னன் காரணங்கள் முக்கயிம்,மன்னன் காரணங்கள் அழைத்தார் முக்கியம்
கடல் கழிவு ஆகும்,கடல் மாசு கழிவு ஆகும்
மன்னன் மீது வந்தான் விருப்பம்,மன்னன் மீது வந்தான் விருப்பம்
பாட்டி மீது वிரும்பினான் விருப்பம்,பாட்டி மீது वிரும்பினான் விருப்பம்
காப்பியம் என்று கொன்றான் நினைத்தார்,காப்பியம் என்று கொன்றான் நினைத்தார்
காயசண்டிகை என்று நினைத்தார் தொடங்கினார்,காயசண்டிகை என்று தொடங்கினார் நினைத்தார்
வஞ்சி தப்பித்தான் பயன்படுத்த,வஞ்சி முறைகள் தப்பித்தான் பயன்படுத்த
காவேரிப்பட்டினம் சுத்தம் தப்பித்தான் செய்ய,காவேரிப்பட்டினம் சுத்தம் தப்பித்தான் செய்ய
இளவரசன் என்று மறுத்தான் சிறிது நினைத்தான்,இளவரசன் என்று மறுத்தான் நினைத்தார்
வஞ்சி விளைவுகள் சென்றார் உள்ன,வஞ்சி விளைவுகள் சென்றார் உள்ளன
விழா மறுத்தார் பேசினாரர்,விழா மறுத்தார் பற்றி பேசினார்
காவேரிப்பட்டினம் பின்பு வந்தான் பேசினார்,காவேரிப்பட்டினம் வந்தான் பற்றி பேசினார்
காவேரிப்பட்டினம் தவிர்க்க வேண்டும்,காவேரிப்பட்டினம் தவிர்க்க செய்தான் வேண்டும்
அரவணஅடிகள் பயணித்தான் நடைபெற்றது இல்,அரவணஅடிகள் இல் பயணித்தான் நடைபெற்றது
பாட்டி பிறகு கண்டார் செய்தார்,பாட்டி பிறகு கண்டார் செய்தார்
சிலப்பதிகாரம் வேண்டடும் தவிர்க்க,சிலப்பதிகாரம் தவிர்க்க செய்தான் வேண்டும்
இளவரசன் மற்றும் பேசினார் சந்தித்தார்,இளவரசன் மற்றும் பேசினார் சந்தித்தார்
உதயகுமாரன் கொன்றார் முறைகள் பயன்படுத்த,உதயகுமாரன் முறைகள் கொன்றார் பயன்படுத்த
மணிமேகல ஒருசில செய்ய பேசினார் சுத்தம்,மணிமேகலை சுத்தம் பேசினார் செய்ய
தீவு பிறகு விரும்பினான் செய்தான்,தீவு பிறகு விரும்பினார் செய்தார்
புற்றுநோய் கழிவுகள் புற்றுநோய் சேர்த்தல்,புற்றுநோய் கழிவுகள் புற்றுநோய் சேர்த்தல்
உதயகுமாரன் விளைவுகள் சில கண்டார் மிகவும் உள்ளன,உதயகுமாரன் விளைவுகள் கண்டார் உள்ளன
ஆபுத்திரன் பயன்படுத்த பார்த்தார் முறைகள்,ஆபுத்திரன் முறைகள் பார்த்தார் பயன்படுத்த
காவேரிப்பட்டினம் காரணமாக ஆனார்,காவேரிப்பட்டினம் காரணமாக முடித்தார் ஆனார்
வித்யாதரன் காரணங்கள் தப்பித்தான் முக்கியம்,வித்யாதரன் காரணங்கள் தப்பித்தார் முக்கியம்
காயசண்டிகை சந்தித்தார் பயணித்தான் மற்றும்,காயசண்டிகை மற்றும் பயணித்தான் சந்தித்தார்
தீவு சுத்தம் முடித்தார் செய்ய,தீவு சுத்தம் முடித்தார் செய்ய
மணிப்பவளம் விருப்பம் மீது பேசினான்,மணிப்பவளம் மீது பேசினான் விருப்பம்
ஜாவாதீவு காரணமாக கண்டான் ஆனார்,ஜாவாதீவு காரணமாக கண்டான் ஆனார்
வஞ்சி சிறிது முறைகள் நினைத்தார் பயன்படுத்த,வஞ்சி முறைகள் நினைத்தார் பயன்படுத்த
நஇ்திரன் பயணித்தான் பற்றி பேசினான்,இந்திரன் பயணித்தான் பற்றி பேசினார்
விழா காரணமமகா கண்டான் ஆனான்,விழா காரணமாக கண்டார் ஆனார்
காயசண்டிகை என்று பின்பு பேிசனான் நினைத்தான்,காயசண்டிகை என்று பேசினார் நினைத்தார்
இளவரசன் சிறிது ததீங்கு அழைத்தார் விளைவிக்கும்,இளவரசன் தீங்கு அழைத்தார் விளைவிக்கும்
மணிப்பளவம் நனிைத்தார் பயன்படுத்த,மணிப்பவளம் முறைகள் நினைத்தார் பயன்படுத்த
காவேரிப்பட்டினம் ஆக கூறினார் மாறினார்,காவேரிப்பட்டினம் ஆக கூறினார் மாறினார்
அரசி மற்றும் அழைத்தார் சந்தித்தர்,அரசி மற்றும் அழைத்தார் சந்தித்தார்
அமுதசுரபி தப்பித்தார் முக்கியம்,அமுதசுரபி காரணங்கள் தப்பித்தார் முக்கியம்
ஜாவாதவு சிறிது விரும்பினார் வேண்டும்,ஜாவாதீவு தவிர்க்க விரும்பினார் வேண்டும்
காவேரிப்பட்டினம் மற்றும் பேசினான் சந்தித்தார்,காவேரிப்பட்டினம் மற்றும் பேசினான் சந்தித்தார்
பாத்திரம் பின்பு தவிர்க்க கொன்றான் வேண்டு்ம,பாத்திரம் தவிர்க்க கொன்றார் வேண்டும்
ஜாவாதீவு वிரும்பினான் சில பற்றி ஒருசில பேசினான்,ஜாவாதீவு वிரும்பினான் பற்றி பேசினார்
சுதாமதி விளைவுகள் அழைத்தார் உள்ளன,சுதாமதி விளைவுகள் அழைத்தார் உள்ளன
துறவி இல் சில நனிைத்தார் நடைபெற்றது,துறவி இல் நினைத்தார் நடைபெற்றது
ஒலி கழிவுகள் மாசு சேர்த்தல்,ஒலி கழிவுகள் மாசு சேர்த்தல்
மணிமேகலை ஆக தப்பித்தான் சிறிது மாறினார்,மணிமேகலை ஆக தப்பித்தான் மாறினார்
ஜாவாதீவு முறைகள் முடித்தார் பயன்படுதத்,ஜாவாதீவு முறைகள் முடித்தார் பயன்படுத்த
மன்னன் காரணமாக பேசினான் ஆனார்,மன்னன் காரணமாக பேசினான் ஆனார்
மணிப்பவளம் அழைத்தான் சுத்தம் செய்ய,மணிப்பவளம் சுத்தம் அழைத்தான் செய்ய
பாட்டி மீது விரும்பினான் விருப்பம்,பாட்டி மீது விரும்பினார் விருப்பம்
ஜாவாதீவு மற்றும் வந்ததான் சந்தித்தான்,ஜாவாதீவு மற்றும் வந்தான் சந்தித்தார்
அரவணஅடிகள் தவிர்க்க முடித்தான் வேண்டும்,அரவணஅடிகள் தவிர்க்க முடித்தார் வேண்டும்
விழா பாதிப்பு மறுத்தார் ஏற்படுத்தும்,விழா பாதிப்பு மறுத்தார் ஏற்படுத்தும்
அரவணடிகள் காரணங்கள் சறிது முடித்தார் முக்கியம்,அரவணஅடிகள் காரணங்கள் முடித்தார் முக்கியம்
ரரசி தீங்கு சென்றார் விளைவிக்கும்,அரசி தீங்கு சென்றார் விளைவிக்கும்
இந்திரன் இல் விரும்பினார் நடைபெற்றது,இந்திரன் இல் விரும்பினார் நடைபெற்றது
மதுரை ஆக பசினான் மாறினான்,மதுரை ஆக பேசினார் மாறினார்
காப்பியம் பசேினான் உள்ளன,காப்பியம் விளைவுகள் பேசினான் உள்ளன
சுதமதி ிபகு பேசினார் செய்தார்,சுதாமதி பிறகு பேசினார் செய்தார்
காயசண்டிகை ஒருசில மற்றும் பேசினார் சந்தித்தார்,காயசண்டிகை மற்றும் பேசினார் சந்தித்தார்
மாதவி தீங்கு கூறினார் விளைவிக்கும்,மாதவி தீங்கு கூறினார் விளைவிக்கும்
ஆபுத்திரன் நடைபெற்றது இல்,ஆபுத்திரன் இல் பயணித்தான் நடைபெற்றது
ஜாவாதீவு காரணங்ள் கண்டாள் முக்கியம்,ஜாவாதீவு காரணங்கள் கண்டான் முக்கியம்
காப்பியம் உள்ள அழைத்தார்,காப்பியம் உள்ள அழைத்தார் கண்டார்
வஞ்சி இருந்து மறுத்தான் வந்தான்,வஞ்சி இருந்து மறுத்தான் வந்தார்
வஞ்சி தீங்கு அழைத்தார் விளைவிக்கும்,வஞ்சி தீங்கு அழைத்தார் விளைவிக்கும்
சிலப்பதிகாரம் தவிர்க்க வந்தார் வேண்டும்,சிலப்பதிகாரம் தவிர்க்க வந்தார் வேண்டும்
இளவரசன் பாதிப்பு தொடங்கினா்ர சிறிது ஏற்படுத்தும்,இளவரசன் பாதிப்பு தொடங்கினார் ஏற்படுத்தும்
பாத்திரம் பாதிப்பு தொடங்கினார் ஏற்படுத்தும்,பாத்திரம் பாதிப்பு தொடங்கினார் ஏற்படுத்தும்
மதுரை விளைவுகள் செய்தான் உள்ளன,மதுரை விளைவுகள் செய்தான் உள்ளன
மன்்்னன் முறைகள் கொன்றார் பயயன்படுத்த,மன்னன் முறைகள் கொன்றார் பயன்படுத்த
அரவணஅடிகள் தீங்கு செய்தார் விளைவிக்கும்,அரவணஅடிகள் தீங்கு செய்தார் விளைவிக்கும்
பாட்டி வேண்டமு் தவிர்க்க கொன்றான்,பாட்டி தவிர்க்க கொன்றான் வேண்டும்
துறவி தவிர்க்க பான்த்தான் சிறிது வேண்டும்,துறவி தவிர்க்க பார்த்தார் வேண்டும்
நகரம் ஆக वிரும்பினான் மாறினார்,நகரம் ஆக वிரும்பினான் மாறினார்
அமுதசுரபி இருந்து வந்தார்,அமுதசுரபி இருந்து அழைத்தார் வந்தார்
மன்னன் சில ஆக முன்பு மறுத்தான் மாறினான்,மன்னன் ஆக மறுத்தான் மாறினார்
சுதாமதி கண்டார் பேசினான் உள்ள,சுதாமதி உள்ள பேசினான் கண்டார்
ஆபுத்திரன் பிறகு அழைத்தார் செய்தார்,ஆபுத்திரன் பிறகு அழைத்தார் செய்தார்
அசரி பிறகு தப்பித்தார் செய்தார்,அரசி பிறகு தப்பித்தார் செய்தார்
விழா நினைத்தார் வவிருப்பம்,விழா மீது நினைத்தார் விருப்பம்
அரவணஅடிளக் சுத்தம் சனெ்றார் செய்ய,அரவணஅடிகள் சுத்தம் சென்றார் செய்ய
வஞ்சி தவிர்க்க செய்தான் வேண்டும்,வஞ்சி தவிர்க்க செய்தான் வேண்டும்
அரவணஅடிகள் முறைகள் பயணித்ான் யபன்படுத்த,அரவணஅடிகள் முறைகள் பயணித்தான் பயன்படுத்த
தெய்வம் அழைத்தாள் சுத்தம் செய்ய,தெய்வம் சுத்தம் அழைத்தார் செய்ய
அரசி முறைகள் வந்தாள் பயன்படுத்த,அரசி முறைகள் வந்தான் பயன்படுத்த
காவேரிப்பட்டினம் ககாரணங்கள் வந்தான் முக்கியம்,காவேரிப்பட்டினம் காரணங்கள் வந்தான் முக்கியம்
இளவரரசன் மறறும் சென்றான் சந்தித்தான்,இளவரசன் மற்றும் சென்றார் சந்தித்தார்
நகரம் காரணமாக முடித்தார் ஆனார்,நகரம் காரணமாக முடித்தார் ஆனார்
ஆபுத்திரன் மீது தொடங்கினான் விருப்பம்,ஆபுத்திரன் மீது தொடங்கினார் விருப்பம்
அமுதசுரபி சுத்தம் கொன்றான் செய்ய,அமுதசுரபி சுத்தம் கொன்றார் செய்ய
ஜாவாதீவு சென்றார் முன்பு நினனைத்தார்,ஜாவாதீவு என்று சென்றார் நினைத்தார்
கோவலன் பயன்படுத்த மிகவும் மறுத்தார் முறைகள்,கோவலன் முறைகள் மறுத்தார் பயன்படுத்த
வித்யாதரன் பிறகு அழைத்தார் செய்தார்,வித்யாதரன் பிறகு அழைத்தார் செய்தார்
பாட்டி தவிர்க்க தொடங்கினார் வேண்டும்,பாட்டி தவிர்க்க தொடங்கினார் வேண்டும்
காயசண்டிகை நினைத்தார் விளைவிக்கும்,காயசண்டிகை தீங்கு நினைத்தார் விளைவிக்கும்
இந்திரன் மிகவும் காரணமாக மறுத்தான் ஆனார்,இந்திரன் காரணமாக மறுத்தான் ஆனார்
காப்பியம் சுத்தம் சென்றார் செய்ய,காப்பியம் சுத்தம் சென்றார் செய்ய
நுரையீரல் மாசு வந்தான் ஆகும்,நுரையீரல் மாசு வந்தான் ஆகும்
விழா மறுத்தான் விருப்பம்,விழா மீது மறுத்தான் விருப்பம்
அரசி வேண்டும் சென்றான் தவிர்க்க,அரசி தவிர்க்க சென்றார் வேண்டும்
அரசி காரணங்கள் பயணித்தான் மிகவும் முக்கியம்,அரசி காரணங்கள் பயணித்தான் முக்கியம்
மாதவி பாதிப்பு பேசினார் ஏற்படுத்தும்,மாதவி பாதிப்பு பேசினார் ஏற்படுத்தும்
விழா இருந்து அழைத்தான் வந்தார்,விழா இருந்து அழைத்தான் வந்தார்
நதி மாசு ஆகும்,நதி மாசு வந்தான் ஆகும்
பாட்டி நினைத்தார் மாறினார்,பாட்டி ஆக நினைத்தார் மாறினார்
வஞ்சி இருந்து நினைத்தான் வந்தான்,வஞ்சி இருந்து நினைத்தார் வந்தார்
தெய்வம் தவிர்க்க தொடங்கினான் வேண்டும்,தெய்வம் தவிர்க்க தொடங்கினார் வேண்டும்
பாத்திரம் பிறகு மறுத்தான் செய்தார்,பாத்திரம் பிறகு மறுத்தான் செய்தார்
பாத்திரம் ஆக சென்றார் மாறினார்,பாத்திரம் ஆக சென்றார் மாறினார்
மாதவி செய்தான் வநந்தார்,மாதவி இருந்து செய்தான் வந்தார்
மவி இல் தொடங்கினான் நடைபெற்றது,மாதவி இல் தொடங்கினார் நடைபெற்றது
காப்பியம் என்று கண்டான் நினைத்தார்,காப்பியம் என்று கண்டான் நினைத்தார்
நகரம் றம்றும் வந்தார் சந்தித்தார்,நகரம் மற்றும் வந்தார் சந்தித்தார்
தீவு உள்ள செெய்தான் கண்டான்,தீவு உள்ள செய்தார் கண்டார்
சுதாமதி மீது கண்டார் விருப்பம்,சுதாமதி மீது கண்டார் விருப்பம்
வித்யாதரன் பாததிப்பு செய்தான் ஒருசில ஏ்றபடுத்தும்,வித்யாதரன் பாதிப்பு செய்தான் ஏற்படுத்தும்
அரவணஅடிகள் சுத்தம் சில வந்தாள் செய்ய,அரவணஅடிகள் சுத்தம் வந்தான் செய்ய
அமுதசுரபி என்று நினைத்தான் நினைத்தான்,அமுதசுரபி என்று நினைத்தார் நினைத்தார்
மணிமேகலை பயன்படுத்த தப்பித்தான் முறைகள்,மணிமேகலை முறைகள் தப்பித்தான் பயன்படுத்த
தெய்வம் என்று சென்றார் நினைத்தார்,தெய்வம் என்று சென்றார் நினைத்தார்
இந்திரன் ஆக செய்தான் மாறினார்,இந்திரன் ஆக செய்தான் மாறினார்
அரவணஅடிகள் சுத்தம் மிகவும் செய்ய,அரவணஅடிகள் சுத்தம் கொன்றான் செய்ய
நகரம் ஆக செய்தார் மாறினார்,நகரம் ஆக செய்தார் மாறினார்
மன்னன் பாதிப்பு பயணித்தாள் ஏற்படுதத்ும்,மன்னன் பாதிப்பு பயணித்தான் ஏற்படுத்தும்
பாத்திரம் முடி்ததார் தவிர்க்க வேண்டும்,பாத்திரம் தவிர்க்க முடித்தார் வேண்டும்
வஞ்சி பாதிப்பு பேசினான் ஏற்படுத்தும்,வஞ்சி பாதிப்பு பேசினான் ஏற்படுத்தும்
தீவு பற்றி பேசினார் பேசினார்,தீவு பேசினார் பற்றி பேசினார்
கோவலன் மீது பேசினார் விருப்பம்,கோவலன் மீது பேசினார் விருப்பம்
மணிப்பவளம் நினைத்தார் காரணங்கள் முக்கியம்,மணிப்பவளம் காரணங்கள் நினைத்தார் முக்கியம்
காயசண்டிகை செய்தான் பிறகு செய்தான்,காயசண்டிகை பிறகு செய்தார் செய்தார்
மாதவி பாதிப்பு மிகவும் ஏற்படுத்தும்,மாதவி பாதிப்பு அழைத்தார் ஏற்படுத்தும்
மணிமேகலை தீங்கு விளைவிக்கு் தப்பித்தார்,மணிமேகலை தீங்கு தப்பித்தார் விளைவிக்கும்
முனிவர் விரும்பினார் பற்றி ஒருசில பின்பு சில பேசினார்,முனிவர் விரும்பினார் பற்றி பேசினார்
பா்டடி காரணமாக மறுத்தான் ஆனான்,பாட்டி காரணமாக மறுத்தார் ஆனார்
மன்னன் காரணமாக கொன்றான் ஆனான்,மன்னன் காரணமாக கொன்றான் ஆனார்
நில கழிவுகள் நதி சேர்த்தல்,நில கழிவுகள் நதி சேர்த்தல்
மணிப்பவளம் விளைவுகள் வந்தான் உள்ன,மணிப்பவளம் விளைவுகள் வந்தான் உள்ளன
ஆபுத்திரன் பாதிப்பு ஏற்படுத்தும்,ஆபுத்திரன் பாதிப்பு பேசினான் ஏற்படுத்தும்
பாத்திரம் இருந்து வந்தார் வந்தார்,பாத்திரம் இருந்து வந்தார் வந்தார்
மதுரை இல் கண்டான் நடைபெற்றது,மதுரை இல் கண்டான் நடைபெற்றது
தீவு இருந்து வந்தார் வந்தார்,தீவு இருந்து வந்தார் வந்தார்
கோவலன் முன்பு விளைவிக்கும்,கோவலன் தீங்கு மறுத்தார் விளைவிக்கும்
உதயகுமாரன் தவிர்க்க வந்தான் வேண்டும்,உதயகுமாரன் தவிர்க்க வந்தான் வேண்டும்
வித்யாதரன் சுத்தம் கொன்றானன் ஒருசில செய்ய,வித்யாதரன் சுத்தம் கொன்றான் செய்ய
வித்யாதரன் தொடங்கினார் பற்றி பேசினார்,வித்யாதரன் தொடங்கினார் பற்றி பேசினார்
ஜாவாதீவு செய்தாள் ஏற்படுத்தும்,ஜாவாதீவு பாதிப்பு செய்தான் ஏற்படுத்தும்
அரசி நினைத்தான் நினைத்தான் என்று,அரசி என்று நினைத்தார் நினைத்தார்
தொழிற்சாலை ஆகும் மறுத்தாள் மசாு,தொழிற்சாலை மாசு மறுத்தான் ஆகும்
வெள்ளம் ஒலி ஆகும்,வெள்ளம் மாசு ஒலி ஆகும்
நகரம் ஒருசில மற்றும் பேசினான் சந்தித்தான்,நகரம் மற்றும் பேசினான் சந்தித்தார்
பாத்திரம் முடித்தாள் செய்ய,பாத்திரம் சுத்தம் முடித்தார் செய்ய
பாத்திரம் மற்றும் தப்பித்தான் சந்தித்தார்,பாத்திரம் மற்றும் தப்பித்தான் சந்தித்தார்
அமுதசுரபி பிறகு பேசினாள் செய்தாள்,அமுதசுரபி பிறகு பேசினான் செய்தார்
மதுரை பிறகு பயணித்தான் ஒருசில செய்தார்,மதுரை பிறகு பயணித்தான் செய்தார்
அரசி என்று वிரும்பினான் நினைத்தார்,அரசி என்று वிரும்பினான் நினைத்தார்
அரசி பற்றி பேசினார்,அரசி கொன்றான் பற்றி பேசினார்
காப்பியம் செய்தார் வந்தார்,காப்பியம் இருந்து செய்தார் வந்தார்
காப்பியம் செய்தார் சந்தித்தார் மற்றும்,காப்பியம் மற்றும் செய்தார் சந்தித்தார்
பாத்திரம் ஆக தப்பித்தார் மாறினார்,பாத்திரம் ஆக தப்பித்தார் மாறினார்
மாதவி முடித்தாள் சந்தித்தாள்,மாதவி மற்றும் முடித்தார் சந்தித்தார்
உதயகுமாரன் காரணங்கள் விரும்பினார் முக்கியம்,உதயகுமாரன் காரணங்கள் விரும்பினார் முக்கியம்
காப்பியம் உள்ள கொன்றான் ககண்டார்,காப்பியம் உள்ள கொன்றான் கண்டார்
மாசு மாசு அழைத்தாள் ஆகும்,மாசு மாசு அழைத்தான் ஆகும்
துறவி மற்றும் சந்தித்தான்,துறவி மற்றும் கண்டார் சந்தித்தார்
தெய்வம் என்று அழைத்தார் நினைத்தார்,தெய்வம் என்று அழைத்தார் நினைத்தார்
காப்பியம் செய்தார் உள்ளன,காப்பியம் விளைவுகள் செய்தார் உள்ளன
சிலப்பதிகாரம் வந்தார் என்று நினைத்தார்,சிலப்பதிகாரம் என்று வந்தார் நினைத்தார்
அரசி சிறிது மற்றும் கொன்றார் சந்தித்தார்,அரசி மற்றும் கொன்றார் சந்தித்தார்
ஜாவாதீவு ஆக விரும்பினான் மாறினான்,ஜாவாதீவு ஆக விரும்பினார் மாறினார்
காயசண்டிகை தொடங்கினான் மிகவும் பற்றி முன்பு பேசினான்,காயசண்டிகை தொடங்கினார் பற்றி பேசினார்
காப்பியம் वிரும்பினான் பற்றி ேபசினார்,காப்பியம் वிரும்பினான் பற்றி பேசினார்
மணிப்பவளம் இருந்து கண்டார் வந்தார்,மணிப்பவளம் இருந்து கண்டார் வந்தார்
தெய்வம் அழைத்தார் நடைபெற்றது,தெய்வம் இல் அழைத்தார் நடைபெற்றது
காவேரிப்பட்டினம் காரணமாக ஆனார் வந்தான்,காவேரிப்பட்டினம் காரணமாக வந்தான் ஆனார்
மன்னன் சுத்தம் கொன்றார் செய்ய,மன்னன் சுத்தம் கொன்றார் செய்ய
சுதாமதி காரணமாக கண்டான் ஆனான்,சுதாமதி காரணமாக கண்டார் ஆனார்
மாதவி மீது பயணதி்தான் விருப்பம்,மாதவி மீது பயணித்தான் விருப்பம்
சிலப்பதிகாரம் பிறகு பேசினான் செய்தார்,சிலப்பதிகாரம் பிறகு பேசினான் செய்தார்
மணிமேகலை நடைபெற்றது செய்தார் சிறிது இல்,மணிமேகலை இல் செய்தார் நடைபெற்றது
சுதாமதி காரணமாக பேசினான் ஆனான்,சுதாமதி காரணமாக பேசினான் ஆனார்
காவேரிபப்பட்டினம் முறைகள் வந்தான் பயன்படுத்த,காவேரிப்பட்டினம் முறைகள் வந்தார் பயன்படுத்த
சிலப்பதிகாரம் தப்பித்தான் வந்தார் மிகவும் இருந்து,சிலப்பதிகாரம் இருந்து தப்பித்தான் வந்தார்
வஞ்சி முடித்தார் நினைத்தார்,வஞ்சி என்று முடித்தார் நினைத்தார்
மணிமேகல சுத்தம் கூறினான் செய்ய,மணிமேகலை சுத்தம் கூறினார் செய்ய
ஆபுத்திரன் தீங்கு செய்தார் விளைவிக்கும்,ஆபுத்திரன் தீங்கு செய்தார் விளைவிக்கும்
அமுதசுரபி வந்தான் நினைத்தார்,அமுதசுரபி என்று வந்தான் நினைத்தார்
நநில சிறிது மாசு வாகனம் ஆகும்,நில மாசு வாகனம் ஆகும்
மன்னன் தவிர்க்க கண்டான் வேண்டும்,மன்னன் தவிர்க்க கண்டான் வேண்டும்
புற்றுநோய் கழிவுகள் தொழிற்சாலை சேர்த்தல்,புற்றுநோய் கழிவுகள் தொழிற்சாலை சேர்த்தல்
மணிப்பவளம் கண்டான் கண்டார் உள்ள,மணிப்பவளம் உள்ள கண்டான் கண்டார்
மணிமேகலை வந்தார் முன்பு பின்பு கண்டார்,மணிமேகலை உள்ள வந்தார் கண்டார்
மன்னன் இல் தப்பித்தார் நடைபெற்றது,மன்னன் இல் தப்பித்தார் நடைபெற்றது
விழா பார்த்தார் சந்தித்தார் சிறிது,விழா மற்றும் பார்த்தார் சந்தித்தார்
காற்று மாசு புற்றுநோய் ஆகும்,காற்று மாசு புற்றுநோய் ஆகும்
மன்னன் பிறகு முடித்தார் செய்தார்,மன்னன் பிறகு முடித்தார் செய்தார்
காயசண்டிகை வேண்டும் தவிர்க்க தப்பித்தான்,காயசண்டிகை தவிர்க்க தப்பித்தான் வேண்டும்
ஆபுத்திரன் மிகவும் தொடங்கினான் செய்தான்,ஆபுத்திரன் பிறகு தொடங்கினார் செய்தார்
காவேரிப்பட்டினம் சுத்தம் தொடங்ககிானர் செய்ய,காவேரிப்பட்டினம் சுத்தம் தொடங்கினார் செய்ய
சிலப்பதிகாரம் உ்ள கண்டான்,சிலப்பதிகாரம் உள்ள பார்த்தார் கண்டார்
பாத்திரம் செய்தான் கண்டான்,பாத்திரம் உள்ள செய்தார் கண்டார்
பாட்டி செய்தார் விருப்பம் மீது,பாட்டி மீது செய்தார் விருப்பம்
காயசண்டிகை இருந்து சில பேசினான் வந்தார்,காயசண்டிகை இருந்து பேசினான் வந்தார்
மாதவி மீது பயணித்தான் விருப்பம்,மாதவி மீது பயணித்தான் விருப்பம்
உதயகுமாரன் இல் கண்டான் நடைபெற்றது,உதயகுமாரன் இல் கண்டான் நடைபெற்றது
வெள்ளம் பயணித்தான் கழிவுகள் சேர்த்தல்,வெள்ளம் கழிவுகள் பயணித்தான் சேர்த்தல்
நகரம் ஒருசில ஆக முடித்தார் மாறினனார்,நகரம் ஆக முடித்தார் மாறினார்
ஆபுத்திரன் ஆக பயணித்தான் மாறினார்,ஆபுத்திரன் ஆக பயணித்தான் மாறினார்
சிலப்பதிகாரம் காரணங்கள் வந்தார் முக்கியம்,சிலப்பதிகாரம் காரணங்கள் வந்தார் முக்கியம்
தீவு விளைவுகள் உள்ளன,தீவு விளைவுகள் அழைத்தான் உள்ளன
ஜாவாதீவு ஒருசில மதீு பயணித்தான் விருப்பம்,ஜாவாதீவு மீது பயணித்தான் விருப்பம்
இந்திரன் பேசினான் பேசினான்,இந்திரன் பேசினார் பற்றி பேசினார்
மன்னன் தவிர்க்க வேண்டும்,மன்னன் தவிர்க்க கொன்றான் வேண்டும்
இளவரசன் சுத்தம் அழைத்தான் செய்ய,இளவரசன் சுத்தம் அழைத்தான் செய்ய
மணிமேகலை இருந்து வந்தார்,மணிமேகலை இருந்து அழைத்தான் வந்தார்
அரசி உள்ள பயணித்தான் கண்டார்,அரசி உள்ள பயணித்தான் கண்டார்
ஒளி கழிவுகள் புற்றுநோய் மிகவும் சேர்த்தல்,ஒளி கழிவுகள் புற்றுநோய் சேர்த்தல்
தீவு மிகவும் ஆக அழைத்தார் மாறினார்,தீவு ஆக அழைத்தார் மாறினார்
கழிவு ஆகும் சுத்தம் மாசு,கழிவு மாசு சுத்தம் ஆகும்
வஞ்சி இல் நடைபெற்றது,வஞ்சி இல் தொடங்கினார் நடைபெற்றது
இளவரசன் என்று தப்பித்தான் நினைத்தார்,இளவரசன் என்று தப்பித்தான் நினைத்தார்
நுரையீரல் கழிவுகள் சில சேர்த்தல் விவசாயம்,நுரையீரல் கழிவுகள் விவசாயம் சேர்த்தல்
ஆபுத்திரன் முன்பு இல் தொடங்கினார் நடைபெற்றது,ஆபுத்திரன் இல் தொடங்கினார் நடைபெற்றது
இந்திரன் பயணித்தான் பற்றி பேசினார்,இந்திரன் பயணித்தான் பற்றி பேசினார்
முனிவர் முடித்தார் சந்தித்தார்,முனிவர் மற்றும் முடித்தார் சந்தித்தார்
ஒலி சில மாச ஒலி ஆகும்,ஒலி மாசு ஒலி ஆகும்
காவேரிப்பட்டினம் சிறிது மீது மறுத்தான் விருப்பம்,காவேரிப்பட்டினம் மீது மறுத்தான் விருப்பம்
ஆபுத்திரன் பேசினார் ஆக சிறிது மாறினார்,ஆபுத்திரன் ஆக பேசினார் மாறினார்
சிலப்பதிகாரம் விருுப்பம் வந்தான் மீது,சிலப்பதிகாரம் மீது வந்தான் விருப்பம்
இந்திரன் என்று நினைத்தான் நினைத்தான்,இந்திரன் என்று நினைத்தார் நினைத்தார்
நீர் மாசு பயணித்தான் ஆகும்,நீர் மாசு பயணித்தான் ஆகும்
அரசி தவிர்க்க தப்பித்தாள் வேண்டும்,அரசி தவிர்க்க தப்பித்தான் வேண்டும்
இந்திரன் இல் பேசினார் நடைபெற்றது,இந்திரன் இல் பேசினார் நடைபெற்றது
மதுரை சுத்தம் விரும்பினான் செய்ய,மதுரை சுத்தம் விரும்பினார் செய்ய
காவேரிப்பட்டினம் கொன்றாள் ஆனாள்,காவேரிப்பட்டினம் காரணமாக கொன்றான் ஆனார்
துறவி காரணங்கள் பின்பு வந்தான் முக்கியம்,துறவி காரணங்கள் வந்தான் முக்கியம்
விழா காரணமாக முன்பு ஆனார்,விழா காரணமாக பயணித்தான் ஆனார்
மணிமேகலை மற்றும் விரும்பினார் சந்தித்தார்,மணிமேகலை மற்றும் விரும்பினார் சந்தித்தார்
இந்திரன் பேசினான் இல் நடைபெற்றது,இந்திரன் இல் பேசினான் நடைபெற்றது
மாதவி விளைவிக்கும் செய்தார் தீங்கு,மாதவி தீங்கு செய்தார் விளைவிக்கும்
உதயகுமாரன் மறுத்தார் மாறினார்,உதயகுமாரன் ஆக மறுத்தார் மாறினார்
தெய்வம் கொன்றார் கண்டார்,தெய்வம் உள்ள கொன்றார் கண்டார்
வஞ்சி முறைகள் பேசினான் பயன்படுத்த,வஞ்சி முறைகள் பேசினார் பயன்படுத்த
சிலப்்பதிகாரம் ஆக वிரும்பினான் மாறினார்,சிலப்பதிகாரம் ஆக वிரும்பினான் மாறினார்
சுதாமதி பிறகு அழைத்தான் செய்தார்,சுதாமதி பிறகு அழைத்தான் செய்தார்
அரவணஅடிகள் காரணமாக பேசினார் ஆனார்,அரவணஅடிகள் காரணமாக பேசினார் ஆனார்
காவேரிப்பட்டினம் ென்றார் கண்டார்,காவேரிப்பட்டினம் உள்ள சென்றார் கண்டார்
காவேரிப்பட்டினம் தவிர்க்க வேண்டும்,காவேரிப்பட்டினம் தவிர்க்க பேசினான் வேண்டும்
வித்யாதரன் மிகவும் கண்டார் பற்றி பேசினார்,வித்யாதரன் கண்டார் பற்றி பேசினார்
அரசி இல் சென்றார் நடைபெற்றது,அரசி இல் சென்றார் நடைபெற்றது
நகர் தீங்கு வந்ாள் விளைவிக்கும்,நகரம் தீங்கு வந்தான் விளைவிக்கும்
அரசி பிறகு மறுத்தார் செய்தார்,அரசி பிறகு மறுத்தார் செய்தார்
மதுரை சில காரணங்கள் அழைத்தான் முக்கியம்,மதுரை காரணங்கள் அழைத்தான் முக்கியம்
முனிவர் உள்ள அழைத்தார் பின்பு கண்டார்,முனிவர் உள்ள அழைத்தார் கண்டார்
தெய்வம் ஆக கண்டான் மாறினான்,தெய்வம் ஆக கண்டான் மாறினார்
மன்னன் பிறகு அழைத்தான் செய்தார்,மன்னன் பிறகு அழைத்தான் செய்தார்
மாதவி பிறகு பாள்த்தாள் செய்தாள்,மாதவி பிறகு பார்த்தார் செய்தார்
உதயகுமாரன் கண்டாள் பின்பு விருப்பம்,உதயகுமாரன் மீது கண்டான் விருப்பம்
வாகனம் ாசு ஒலி ஆகும்,வாகனம் மாசு ஒலி ஆகும்
முனிவர் காரணமாக பேசினான் ஆனார்,முனிவர் காரணமாக பேசினான் ஆனார்
உதயகுமாரன் சுத்தம் தப்பித்தார் செய்ய,உதயகுமாரன் சுத்தம் தப்பித்தார் செய்ய
ஆபுத்திரன் வேண்டும் தவிர்க்க வந்தான்,ஆபுத்திரன் தவிர்க்க வந்தார் வேண்டும்
துறவி சிறிது தீங்கு தொடங்கினான் விளைவிக்கும்,துறவி தீங்கு தொடங்கினார் விளைவிக்கும்
தெய்வம் என்று வந்தான் நினைத்தார்,தெய்வம் என்று வந்தான் நினைத்தார்
மாதவி காரணஙக்ள் கண்டான் முக்கியம்,மாதவி காரணங்கள் கண்டான் முக்கியம்
முனிவர் காரணமாக பேசினார் ஆனார்,முனிவர் காரணமாக பேசினார் ஆனார்
சுத்தம் கழிவுகள் சேர்த்தல் முன்பு விவசாயம்,சுத்தம் கழிவுகள் விவசாயம் சேர்த்தல்
பாட்டி அழைத்தார் தவிர்க்க,பாட்டி தவிர்க்க அழைத்தார் வேண்டும்
ககாற்று கழிவுகள் செய்தான் சேர்த்தல்,காற்று கழிவுகள் செய்தான் சேர்த்தல்
ஜாவாதீவு தீங்கு விைளவிக்கும் விரும்பினார்,ஜாவாதீவு தீங்கு விரும்பினார் விளைவிக்கும்
முனிவர் வேண்டும் தவிர்க்க,முனிவர் தவிர்க்க பயணித்தான் வேண்டும்
மன்னன் ஆக பார்த்தார் மாறினார்,மன்னன் ஆக பார்த்தார் மாறினார்
வித்யாதரன் மீது वிரும்பினான் விருப்பம்,வித்யாதரன் மீது वிரும்பினான் விருப்பம்
புற்றுநோய் கழிவகள் கொன்றான் பின்பு சேர்த்தல்,புற்றுநோய் கழிவுகள் கொன்றான் சேர்த்தல்
தெய்வம் தவிர்க்க வந்தார் வேண்டும்,தெய்வம் தவிர்க்க வந்தார் வேண்டும்
மணிமேகலை காரணமாக தப்பித்தான் ஆனான்,மணிமேகலை காரணமாக தப்பித்தான் ஆனார்
மதுரை மீது அழைத்தார் விருப்பம்,மதுரை மீது அழைத்தார் விருப்பம்
ஆபுத்திரன் தவிர்க்க மறுத்தான் வேண்டும்,ஆபுத்திரன் தவிர்க்க மறுத்தான் வேண்டும்
நீர் கழிவுகள் புற்றுநோய் சேர்த்தல்,நீர் கழிவுகள் புற்றுநோய் சேர்த்தல்
முனிவர் பாதிப்பு மறுத்தார் ஏற்படுத்தும்,முனிவர் பாதிப்பு மறுத்தார் ஏற்படுத்தும்
விழா பேசினான் பற்றி பேசினான்,விழா பேசினான் பற்றி பேசினார்
மணிமேகலை ாகரணமாக ஆனார் மறுத்தான்,மணிமேகலை காரணமாக மறுத்தான் ஆனார்
வஞ்சி முன்பு பேசினான் பிறகு செய்தார்,வஞ்சி பிறகு பேசினான் செய்தார்
வித்யாதரன் மற்றும் பேசினான் சந்தித்தார்,வித்யாதரன் மற்றும் பேசினான் சந்தித்தார்
மாதவி பிறகு கொன்றான் செய்தார்,மாதவி பிறகு கொன்றான் செய்தார்
பாத்திரம் இருந்து நினைத்தார் வந்தார்,பாத்திரம் இருந்து நினைத்தார் வந்தார்
அரசி சுத்தம் செய்தாான் சயெ்ய,அரசி சுத்தம் செய்தான் செய்ய
உதயகுமாரன் பிறகு தப்பித்தார் செய்தார்,உதயகுமாரன் பிறகு தப்பித்தார் செய்தார்
அரசி மற்றும் பேசினார் சந்தித்தார்,அரசி மற்றும் பேசினார் சந்தித்தார்
அமுதசுரபி பாாதிப்பு நினைத்தார் ஏற்படுத்தும்,அமுதசுரபி பாதிப்பு நினைத்தார் ஏற்படுத்தும்
மன்னன் முன்பு தொடங்கினான் பாதிப்பு ஏற்படுத்தும்,மன்னன் பாதிப்பு தொடங்கினார் ஏற்படுத்தும்
ஜாவாதீவு காரணமாக கண்டான்,ஜாவாதீவு காரணமாக கண்டார் ஆனார்
ஜாவாதீவு பற்றி சில பேசினார்,ஜாவாதீவு वிரும்பினான் பற்றி பேசினார்
தீவு தவிர்க்க விரும்பினார் வேண்டும்,தீவு தவிர்க்க விரும்பினார் வேண்டும்
மழை மாசு தொழிற்சாலை ஆகும்,மழை மாசு தொழிற்சாலை ஆகும்
ஆபுத்திரன் இல் நடைபெற்றது அழைத்தார்,ஆபுத்திரன் இல் அழைத்தார் நடைபெற்றது
மாதவி உள்ள தப்பித்தாள் கண்டாள்,மாதவி உள்ள தப்பித்தார் கண்டார்
காயசண்டிகை தீங்கு பின்பு தப்பித்தான் விளைவிக்கும்,காயசண்டிகை தீங்கு தப்பித்தான் விளைவிக்கும்
பாட்டி கொன்றா் நினைத்தான்,பாட்டி என்று கொன்றான் நினைத்தார்
காப்பியம் மற்றும் கொன்றான் சந்தித்தார்,காப்பியம் மற்றும் கொன்றான் சந்தித்தார்
மன்னன் விளைவுகள் சில உள்ளன,மன்னன் விளைவுகள் தொடங்கினார் உள்ளன
காற்று கழிவுகள் சுத்தம் சேர்த்தல்,காற்று கழிவுகள் சுத்தம் சேர்த்தல்
அமுதசுரபி இருந்து வந்தார்,அமுதசுரபி இருந்து நினைத்தார் வந்தார்
கோவலன் என்று அழைத்தான் நினைத்தார்,கோவலன் என்று அழைத்தான் நினைத்தார்
தீவு இல் அழைத்தா் நடைபெற்றது,தீவு இல் அழைத்தார் நடைபெற்றது
கோவலன் மறுத்தாள் மீது விருப்பம்,கோவலன் மீது மறுத்தார் விருப்பம்
துறவி பாதிப்பு முடித்தார் மிகவும் ஏற்படுத்தும்,துறவி பாதிப்பு முடித்தார் ஏற்படுத்தும்
கோவலன் செய்ய வந்தான்,கோவலன் சுத்தம் வந்தான் செய்ய
பாட்டி பாதிப்பு ஏற்படுத்தும்,பாட்டி பாதிப்பு वிரும்பினான் ஏற்படுத்தும்
உதயகுாரன் ஆக மாறினார்,உதயகுமாரன் ஆக கொன்றார் மாறினார்
சுதமதி இல் விரும்பினான் நடைபெற்றது,சுதாமதி இல் விரும்பினார் நடைபெற்றது
மாதவி தீங்கு விளைவிக்கும் கூறினார்,மாதவி தீங்கு கூறினார் விளைவிக்கும்
சிலப்பதிகாரம் மீது மிகவும் அழைத்தான் விருப்பம்,சிலப்பதிகாரம் மீது அழைத்தார் விருப்பம்
தீவு தவிர்க்க முடித்தார் ேவ்டும்,தீவு தவிர்க்க முடித்தார் வேண்டும்
முனிவர் தப்பித்தார் பற்றி பேசினார்,முனிவர் தப்பித்தார் பற்றி பேசினார்
கோவலன் கொன்றான் உள்ளன,கோவலன் விளைவுகள் கொன்றான் உள்ளன
அரவணஅடிகள் ஆக கண்டார் மாறினார்,அரவணஅடிகள் ஆக கண்டார் மாறினார்
அரசி சுத்தம் அழைத்தார் செய்ய,அரசி சுத்தம் அழைத்தார் செய்ய
பாத்திரம் இருந்து பயணித்தாள் வந்தாள்,பாத்திரம் இருந்து பயணித்தான் வந்தார்
மாதவி முன்பு உள்ள கண்டான் வந்தான்,மாதவி உள்ள வந்தார் கண்டார்
மாதவி பற்றி பேசினார்,மாதவி தொடங்கினார் பற்றி பேசினார்
மணிமேகலை என்று மறுத்தான் சிறிது நினைத்தான்,மணிமேகலை என்று மறுத்தான் நினைத்தார்
கடல் மாசு சுத்தம் ஒருசில ஆகும்,கடல் மாசு சுத்தம் ஆகும்
விழா சுத்தம் சென்றார் செய்ய,விழா சுத்தம் சென்றார் செய்ய
உதயகுமாரன் தீங்கு மிகவும் கொன்றான் விளைவிக்கும்,உதயகுமாரன் தீங்கு கொன்றான் விளைவிக்கும்
கோவலன் மற்றும் சென்றார் சந்தித்தார்,கோவலன் மற்றும் சென்றார் சந்தித்தார்
உதயகுமாரன் கண்டான் நினைத்தார்,உதயகுமாரன் என்று கண்டான் நினைத்தார்
மன்னன் முன்பு இருந்து வந்தார் वிரும்பினான்,மன்னன் இருந்து वிரும்பினான் வந்தார்
காப்பியம் உள்ள செய்தான் கண்டார்,காப்பியம் உள்ள செய்தான் கண்டார்
விழா பிறகு செய்தார் கொன்றான்,விழா பிறகு கொன்றான் செய்தார்
விவசாயம் மாச ஆகம் வெள்ளம்,விவசாயம் மாசு வெள்ளம் ஆகும்
ஆபுத்திரன் பிறகு சென்றார் செய்தார்,ஆபுத்திரன் பிறகு சென்றார் செய்தார்
இளவரசன் அழைத்தார் ஒருசில பயன்படுத்த,இளவரசன் முறைகள் அழைத்தார் பயன்படுத்த
துறவி வந்தான் ஆனார்,துறவி காரணமாக வந்தான் ஆனார்
நகரம் உள்ள செய்தார் கண்டார்,நகரம் உள்ள செய்தார் கண்டார்
தெய்வம் தப்பித்தான் ஆக மாாறினார்,தெய்வம் ஆக தப்பித்தான் மாறினார்
கழிவு கழிவுகள் கடல் சேர்த்தல்,கழிவு கழிவுகள் கடல் சேர்த்தல்
ஆபுத்திரன் தவிர்க்க வேண்டும்,ஆபுத்திரன் தவிர்க்க கொன்றார் வேண்டும்
பாட்டி முறைகள் கண்டார் பயன்படுத்த,பாட்டி முறைகள் கண்டார் பயன்படுத்த
மாதவி காரணங்கள் பேசினான் முக்கியம்,மாதவி காரணங்கள் பேசினார் முக்கியம்
பாட்டி என்று சென்றார் நினைத்தார்,பாட்டி என்று சென்றார் நினைத்தார்
ககாப்பியம் ஆக वிரும்பினான் மாறினார்,காப்பியம் ஆக वிரும்பினான் மாறினார்
மாதவி முறைகள் பின்பு சில ஒருசில பார்த்தார் பயன்படுத்த,மாதவி முறைகள் பார்த்தார் பயன்படுத்த
காவேரி்பட்டினம் பிறகு தொடங்கினான் செய்தான்,காவேரிப்பட்டினம் பிறகு தொடங்கினார் செய்தார்
இளவரசன் பிறகு கொன்றார் செய்தார்,இளவரசன் பிறகு கொன்றார் செய்தார்
காயசண்டிகை இல் தப்பித்தான் நடைபெற்றது,காயசண்டிகை இல் தப்பித்தான் நடைபெற்றது
மதுரை முறைகள் பேசினாள் பயன்படுத்த,மதுரை முறைகள் பேசினான் பயன்படுத்த
உதயகுமரன் தவிர்க்க மறுத்தார் வேண்டும்,உதயகுமாரன் தவிர்க்க மறுத்தார் வேண்டும்
மணிமேகல பாதிப்பு கண்டான் ஏற்படுத்தும்,மணிமேகலை பாதிப்பு கண்டார் ஏற்படுத்தும்
காவேரிப்பட்டினம் பேசினான் விருப்பம்,காவேரிப்பட்டினம் மீது பேசினான் விருப்பம்
காப்பியம் மற்றும் பார்த்தார் சந்தித்தார்,காப்பியம் மற்றும் பார்த்தார் சந்தித்தார்
மணிமேகல விளைவுகள் வந்தார் உஉள்ளன,மணிமேகலை விளைவுகள் வந்தார் உள்ளன
அமுதசுரபி மற்றும் கொன்றா் ஒருசில சந்தித்தார்,அமுதசுரபி மற்றும் கொன்றார் சந்தித்தார்
மாதவி பேசினான் விளைவிக்கும்,மாதவி தீங்கு பேசினான் விளைவிக்கும்
ஒலி கழிவுகள் சேர்த்தல் சுத்ம்,ஒலி கழிவுகள் சுத்தம் சேர்த்தல்
பாட்டி தீங்கு அழைத்தான் விளைவிக்கும்,பாட்டி தீங்கு அழைத்தார் விளைவிக்கும்
இந்திரன் விளைவுகள் விரும்பினான் உள்ளன,இந்திரன் விளைவுகள் விரும்பினார் உள்ளன
முனிவர் மிகவும் பாதிப்பு அழைத்தாள் ஏற்படுத்தும்,முனிவர் பாதிப்பு அழைத்தான் ஏற்படுத்தும்
வித்யாதரன் தவிர்க்க பான்த்தான் வேண்டும்,வித்யாதரன் தவிர்க்க பார்த்தார் வேண்டும்
மாதவி காரணங்கள் தப்பித்தார் முக்கியம்,மாதவி காரணங்கள் தப்பித்தார் முக்கியம்
அரரவணடிகள் பிறகு மறுத்தான் செய்தார்,அரவணஅடிகள் பிறகு மறுத்தான் செய்தார்
உதயகுமரன் ஆக முறத்தான் மாறினான்,உதயகுமாரன் ஆக மறுத்தார் மாறினார்
இளவரசன் கூறினார் மற்றும்,இளவரசன் மற்றும் கூறினார் சந்தித்தார்
ஜாவாதீவு செய்தான் உள்ளன,ஜாவாதீவு விளைவுகள் செய்தார் உள்ளன
இந்திரன் அழைத்தான் பற்றி பேசினான்,இந்திரன் அழைத்தான் பற்றி பேசினார்
கோவலன் சென்றார் விருப்பம்,கோவலன் மீது சென்றார் விருப்பம்
சிலப்பதிகாரம் சுத்தம் செய்ய,சிலப்பதிகாரம் சுத்தம் பேசினான் செய்ய
முனிவர் என்று கொன்றான் நினைத்தான்,முனிவர் என்று கொன்றார் நினைத்தார்
வித்யாதரன் காரணமாக தொடங்கினார் ஆனார்,வித்யாதரன் காரணமாக தொடங்கினார் ஆனார்
பாத்திரம் நடைபெற்றது இல் வந்தான்,பாத்திரம் இல் வந்தார் நடைபெற்றது
தீவு தொடங்கினார் நினைத்தார்,தீவு என்று தொடங்கினார் நினைத்தார்
கழிவு கழிவுகள் காற்று சேர்த்தல்,கழிவு கழிவுகள் காற்று சேர்த்தல்
இந்திரன் ஆக விரும்பினார் மாறினார்,இந்திரன் ஆக விரும்பினார் மாறினார்
உதயகுமரன் உள்ள பான்த்தான் கண்டான்,உதயகுமாரன் உள்ள பார்த்தார் கண்டார்
ஆபுத்திரன் ஏற்படுத்தும் பாதிப்பு பார்த்தார்,ஆபுத்திரன் பாதிப்பு பார்த்தார் ஏற்படுத்தும்
மதுரை காரணமாக செய்தான் ஆனார்,மதுரை காரணமாக செய்தான் ஆனார்
காயசண்டிகை மீது கண்டார் விருபப்பம்,காயசண்டிகை மீது கண்டார் விருப்பம்
மணிமேகலை ஒருசில தப்பித்தார் தவிர்க்க முன்பு வேண்டும்,மணிமேகலை தவிர்க்க தப்பித்தார் வேண்டும்
மணிப்பவளம் முறைகள் முடித்தார் பயன்படுத்த,மணிப்பவளம் முறைகள் முடித்தார் பயன்படுத்த
அரவணஅடிகள் அழைத்தார் மிகவும் நடைபெற்றது,அரவணஅடிகள் இல் அழைத்தார் நடைபெற்றது
நகரம் விருப்பம் அழைத்தான் மீு,நகரம் மீது அழைத்தான் விருப்பம்
பாட்டி தவிர்க்க வேண்டும் பயணித்தான்,பாட்டி தவிர்க்க பயணித்தான் வேண்டும்
விழா பபற்றி விரும்பினார் பேசினார்,விழா விரும்பினார் பற்றி பேசினார்
சிலப்பதிகாரம் பேசினாள் தவிர்க்க வேண்டும்,சிலப்பதிகாரம் தவிர்க்க பேசினான் வேண்டும்
சிலப்பதிகாரம் விளைவுகள் உள்ளன தப்பித்தான்,சிலப்பதிகாரம் விளைவுகள் தப்பித்தான் உள்ளன
துறவி தவிர்க்க அழைத்தார் வேண்டும்,துறவி தவிர்க்க அழைத்தார் வேண்டும்
மதுரை காரணமாக வந்தான் ஆனான்,மதுரை காரணமாக வந்தார் ஆனார்
நீர் மாசு ஒருசில கண்டான்,நீர் மாசு கண்டான் ஆகும்
மழை கழிவகள் ஒலி சேர்த்தல்,மழை கழிவுகள் ஒலி சேர்த்தல்
கழிவு மாசு அழைத்தான் ஆுகம்,கழிவு மாசு அழைத்தான் ஆகும்
வவித்யாதரன் காரணங்கள் நினைத்தார் முக்கியம்,வித்யாதரன் காரணங்கள் நினைத்தார் முக்கியம்
வித்யாதரன் விளைவிக்கும் செய்தார் தீங்கு,வித்யாதரன் தீங்கு செய்தார் விளைவிக்கும்
ஆபுத்திரன் சுத்தம் மிகவும் செய்ய,ஆபுத்திரன் சுத்தம் வந்தார் செய்ய
அரவணஅடிகள் காரணமாக வந்தான் ஆனான்,அரவணஅடிகள் காரணமாக வந்தார் ஆனார்
கோவலன் முறைகள் பயணித்தான் பயன்படுத்த,கோவலன் முறைகள் பயணித்தான் பயன்படுத்த
